2026-07-08 11:24:14 INFO 自动学习任务启动，课程名称: 
2026-07-08 11:24:14 ERROR 任务执行失败: 课程名称为空，请在 config/config.py 设置 COURSE_NAME，或运行时传入 --course
Traceback (most recent call last):
  File "E:\github\wk_python\chaoxing_auto\main.py", line 64, in start_task
    self.run()
    ~~~~~~~~^^
  File "E:\github\wk_python\chaoxing_auto\main.py", line 100, in run
    raise ValueError("课程名称为空，请在 config/config.py 设置 COURSE_NAME，或运行时传入 --course")
ValueError: 课程名称为空，请在 config/config.py 设置 COURSE_NAME，或运行时传入 --course
2026-07-08 11:24:14 INFO 最终任务状态: {'course_name': '', 'chapter_name': '', 'progress': 0.0, 'status': 'failed', 'message': '课程名称为空，请在 config/config.py 设置 COURSE_NAME，或运行时传入 --course', 'course': '', 'chapter': ''}
2026-07-08 11:24:17 INFO 自动学习任务启动，课程名称: 
2026-07-08 11:24:17 ERROR 任务执行失败: 课程名称为空，请在 config/config.py 设置 COURSE_NAME，或运行时传入 --course
Traceback (most recent call last):
  File "E:\github\wk_python\chaoxing_auto\main.py", line 64, in start_task
    self.run()
    ~~~~~~~~^^
  File "E:\github\wk_python\chaoxing_auto\main.py", line 100, in run
    raise ValueError("课程名称为空，请在 config/config.py 设置 COURSE_NAME，或运行时传入 --course")
ValueError: 课程名称为空，请在 config/config.py 设置 COURSE_NAME，或运行时传入 --course
2026-07-08 11:24:17 INFO 最终任务状态: {'course_name': '', 'chapter_name': '', 'progress': 0.0, 'status': 'failed', 'message': '课程名称为空，请在 config/config.py 设置 COURSE_NAME，或运行时传入 --course', 'course': '', 'chapter': ''}
2026-07-08 15:17:48 INFO 自动学习任务启动，课程名称: 人工智能导论
2026-07-08 15:17:48 INFO 启动浏览器，headless=False
2026-07-08 15:18:00 INFO 未发现登录状态文件，首次运行将在登录后保存 auth.json
2026-07-08 15:18:02 INFO 已创建新页面
2026-07-08 15:18:02 INFO 打开登录页: https://passport2.chaoxing.com/login
2026-07-08 15:18:11 ERROR 登录页出现验证码，需要人工处理
2026-07-08 15:18:12 INFO 已保存异常截图: E:\github\wk_python\chaoxing_auto\screenshots\error_captcha_20260708_151811_897330.png
2026-07-08 15:18:12 INFO 已保存异常截图: E:\github\wk_python\chaoxing_auto\screenshots\error_task_20260708_151812_024500.png
2026-07-08 15:18:12 INFO 关闭浏览器资源
2026-07-08 15:18:12 ERROR 任务执行失败: 登录页出现验证码，需要人工处理
Traceback (most recent call last):
  File "E:\github\wk_python\chaoxing_auto\main.py", line 64, in start_task
    self.run()
    ~~~~~~~~^^
  File "E:\github\wk_python\chaoxing_auto\main.py", line 114, in run
    if not login_manager.login(page):
           ~~~~~~~~~~~~~~~~~~~^^^^^^
  File "E:\github\wk_python\chaoxing_auto\login\login.py", line 108, in login
    raise CaptchaRequiredError("登录页出现验证码，需要人工处理")
login.login.CaptchaRequiredError: 登录页出现验证码，需要人工处理
2026-07-08 15:18:12 INFO 最终任务状态: {'course_name': '人工智能导论', 'chapter_name': '', 'progress': 0.0, 'status': 'failed', 'message': '登录页出现验证码，需要人工处理', 'course': '人工智能导论', 'chapter': ''}
2026-07-08 15:19:09 INFO 自动学习任务启动，课程名称: 马克思主义基本原理概论
2026-07-08 15:19:09 INFO 启动浏览器，headless=False
2026-07-08 15:19:09 INFO 未发现登录状态文件，首次运行将在登录后保存 auth.json
2026-07-08 15:19:10 INFO 已创建新页面
2026-07-08 15:19:10 INFO 打开登录页: https://passport2.chaoxing.com/login
2026-07-08 15:19:18 ERROR 登录页出现验证码，需要人工处理
2026-07-08 15:19:18 INFO 已保存异常截图: E:\github\wk_python\chaoxing_auto\screenshots\error_captcha_20260708_151918_814945.png
2026-07-08 15:19:18 INFO 已保存异常截图: E:\github\wk_python\chaoxing_auto\screenshots\error_task_20260708_151918_935241.png
2026-07-08 15:19:18 INFO 关闭浏览器资源
2026-07-08 15:19:19 ERROR 任务执行失败: 登录页出现验证码，需要人工处理
Traceback (most recent call last):
  File "E:\github\wk_python\chaoxing_auto\main.py", line 64, in start_task
    self.run()
    ~~~~~~~~^^
  File "E:\github\wk_python\chaoxing_auto\main.py", line 114, in run
    if not login_manager.login(page):
           ~~~~~~~~~~~~~~~~~~~^^^^^^
  File "E:\github\wk_python\chaoxing_auto\login\login.py", line 108, in login
    raise CaptchaRequiredError("登录页出现验证码，需要人工处理")
login.login.CaptchaRequiredError: 登录页出现验证码，需要人工处理
2026-07-08 15:19:19 INFO 最终任务状态: {'course_name': '马克思主义基本原理概论', 'chapter_name': '', 'progress': 0.0, 'status': 'failed', 'message': '登录页出现验证码，需要人工处理', 'course': '马克思主义基本原理概论', 'chapter': ''}
2026-07-08 15:45:35 INFO 启动浏览器，headless=False
2026-07-08 15:45:35 INFO 未发现登录状态文件，首次运行将在登录后保存 auth.json
2026-07-08 15:45:36 INFO 已创建新页面
2026-07-08 15:45:36 INFO 打开登录页: https://passport2.chaoxing.com/login
2026-07-08 15:45:44 INFO 检测到验证码或安全验证，程序会先填写账号密码；如浏览器提示验证，请手动完成。
2026-07-08 15:45:44 INFO 已输入用户名
2026-07-08 15:45:44 INFO 已输入密码
2026-07-08 15:45:44 ERROR 提交前检测到验证码，需要人工处理
2026-07-08 15:45:45 INFO 已保存异常截图: E:\github\wk_python\chaoxing_auto\screenshots\error_captcha_20260708_154544_892486.png
2026-07-08 15:45:45 INFO 已保存异常截图: E:\github\wk_python\chaoxing_auto\screenshots\error_login_courses_20260708_154545_007388.png
2026-07-08 15:45:45 ERROR 登录并获取课程失败: 提交前检测到验证码，需要人工处理
Traceback (most recent call last):
  File "E:\github\wk_python\chaoxing_auto\main.py", line 195, in login_and_get_courses
    if not login_manager.login(page):
           ~~~~~~~~~~~~~~~~~~~^^^^^^
  File "E:\github\wk_python\chaoxing_auto\login\login.py", line 150, in login
    raise CaptchaRequiredError("提交前检测到验证码，需要人工处理")
login.login.CaptchaRequiredError: 提交前检测到验证码，需要人工处理
2026-07-08 15:54:52 INFO 启动浏览器，headless=False
2026-07-08 15:54:53 INFO 未发现登录状态文件，首次运行将在登录后保存 auth.json
2026-07-08 15:54:53 INFO 已创建新页面
2026-07-08 15:54:53 INFO 打开登录页: https://passport2.chaoxing.com/login
2026-07-08 15:55:02 INFO 已输入用户名
2026-07-08 15:55:02 INFO 已输入密码
2026-07-08 15:55:02 INFO 点击登录按钮
2026-07-08 15:55:05 INFO 登录成功
2026-07-08 15:55:05 INFO 登录状态已保存: E:\github\wk_python\chaoxing_auto\auth.json
2026-07-08 15:55:05 INFO 打开课程列表页: https://mooc1-1.chaoxing.com/visit/courses
2026-07-08 15:55:07 INFO 获取课程数量: 28
2026-07-08 15:55:07 INFO 课程: 添加课程 -> http://bzmcjxjy.benke.chaoxing.com/schoolcourse/schoolcourselist.html?type=5
2026-07-08 15:55:07 INFO 课程: 马克思主义基本原理概论 -> https://mooc1-1.chaoxing.com/visit/stucoursemiddle?courseid=203711024&clazzid=138755675&vc=1&cpi=453474709
2026-07-08 15:55:07 INFO 课程: 大学英语3 -> https://mooc1-1.chaoxing.com/visit/stucoursemiddle?courseid=227636863&clazzid=138755929&vc=1&cpi=453474709
2026-07-08 15:55:07 INFO 课程: 内科学 -> https://mooc1-1.chaoxing.com/visit/stucoursemiddle?courseid=210103958&clazzid=138756161&vc=1&cpi=453474709
2026-07-08 15:55:07 INFO 课程: 外科学 -> https://mooc1-1.chaoxing.com/visit/stucoursemiddle?courseid=241552997&clazzid=138756379&vc=1&cpi=453474709
2026-07-08 15:55:07 INFO 课程: 口腔黏膜病学 -> https://mooc1-1.chaoxing.com/visit/stucoursemiddle?courseid=241552990&clazzid=138757542&vc=1&cpi=453474709
2026-07-08 15:55:07 INFO 课程: 口腔材料学 -> https://mooc1-1.chaoxing.com/visit/stucoursemiddle?courseid=242344203&clazzid=138756783&vc=1&cpi=453474709
2026-07-08 15:55:07 INFO 课程: 诊断学 -> https://mooc1-1.chaoxing.com/visit/stucoursemiddle?courseid=208736675&clazzid=138756098&vc=1&cpi=453474709
2026-07-08 15:55:07 INFO 课程: 医学文献检索 -> https://mooc1-1.chaoxing.com/visit/stucoursemiddle?courseid=241553108&clazzid=138757871&vc=1&cpi=453474709
2026-07-08 15:55:07 INFO 课程: 大学英语2 -> https://mooc1-1.chaoxing.com/visit/stucoursemiddle?courseid=227636851&clazzid=125147773&vc=1&cpi=453474709
2026-07-08 15:55:07 INFO 课程: 新青年·习党史——南... -> https://mooc1-1.chaoxing.com/visit/stucoursemiddle?courseid=241553071&clazzid=125150413&vc=1&cpi=453474709
2026-07-08 15:55:07 INFO 课程: 习近平新时代中国特色... -> https://mooc1-1.chaoxing.com/visit/stucoursemiddle?courseid=241553115&clazzid=125150728&vc=1&cpi=453474709
2026-07-08 15:55:07 INFO 课程: 病理学 -> https://mooc1-1.chaoxing.com/visit/stucoursemiddle?courseid=208160189&clazzid=125148170&vc=1&cpi=453474709
2026-07-08 15:55:07 INFO 课程: 药理学 -> https://mooc1-1.chaoxing.com/visit/stucoursemiddle?courseid=208523333&clazzid=125148283&vc=1&cpi=453474709
2026-07-08 15:55:07 INFO 课程: 口腔解剖生理学 -> https://mooc1-1.chaoxing.com/visit/stucoursemiddle?courseid=203711020&clazzid=125148837&vc=1&cpi=453474709
2026-07-08 15:55:07 INFO 课程: 口腔颌面医学影像诊断学 -> https://mooc1-1.chaoxing.com/visit/stucoursemiddle?courseid=208337876&clazzid=125149058&vc=1&cpi=453474709
2026-07-08 15:55:07 INFO 课程: 口腔正畸学 -> https://mooc1-1.chaoxing.com/visit/stucoursemiddle?courseid=203711022&clazzid=125149101&vc=1&cpi=453474709
2026-07-08 15:55:07 INFO 课程: 医学统计学 -> https://mooc1-1.chaoxing.com/visit/stucoursemiddle?courseid=223469307&clazzid=125150246&vc=1&cpi=453474709
2026-07-08 15:55:07 INFO 课程: 生物化学与分子生物学 -> https://mooc1-1.chaoxing.com/visit/stucoursemiddle?courseid=209556057&clazzid=125149502&vc=1&cpi=453474709
2026-07-08 15:55:07 INFO 课程: 病原生物学 -> https://mooc1-1.chaoxing.com/visit/stucoursemiddle?courseid=241552912&clazzid=125149547&vc=1&cpi=453474709
2026-07-08 15:55:07 INFO 课程: 形势与政策（2021年秋） -> https://mooc1-1.chaoxing.com/visit/stucoursemiddle?courseid=223469309&clazzid=115195108&vc=1&cpi=453474709
2026-07-08 15:55:07 INFO 课程: 中国近现代史纲要 -> https://mooc1-1.chaoxing.com/visit/stucoursemiddle?courseid=223469315&clazzid=115195151&vc=1&cpi=453474709
2026-07-08 15:55:07 INFO 课程: 计算机网络基础 -> https://mooc1-1.chaoxing.com/visit/stucoursemiddle?courseid=203711063&clazzid=115193492&vc=1&cpi=453474709
2026-07-08 15:55:07 INFO 课程: 生理学 -> https://mooc1-1.chaoxing.com/visit/stucoursemiddle?courseid=208166364&clazzid=115188494&vc=1&cpi=453474709
2026-07-08 15:55:07 INFO 课程: 礼仪与社交艺术 -> https://mooc1-1.chaoxing.com/visit/stucoursemiddle?courseid=223469038&clazzid=115195455&vc=1&cpi=453474709
2026-07-08 15:55:07 INFO 课程: 大学英语1 -> https://mooc1-1.chaoxing.com/visit/stucoursemiddle?courseid=227636840&clazzid=115180465&vc=1&cpi=453474709
2026-07-08 15:55:07 INFO 课程: 已结束的课程 -> https://mooc1-1.chaoxing.com/mooc-ans/visit/archivecourse/student
2026-07-08 15:55:07 INFO 课程: 已退课课程 -> https://mooc1-1.chaoxing.com/mooc-ans/visit/getdropclazzlist?backUrlType=1
2026-07-08 15:55:35 INFO 收到停止任务请求
2026-07-08 15:55:35 INFO 关闭浏览器资源
2026-07-08 15:56:50 INFO 启动浏览器，headless=False
2026-07-08 15:56:51 INFO 加载登录状态: E:\github\wk_python\chaoxing_auto\auth.json
2026-07-08 15:56:51 INFO 已创建新页面
2026-07-08 15:56:51 INFO 打开登录页: https://passport2.chaoxing.com/login
2026-07-08 15:57:00 INFO 已输入用户名
2026-07-08 15:57:00 INFO 已输入密码
2026-07-08 15:57:00 INFO 点击登录按钮
2026-07-08 15:57:03 INFO 登录成功
2026-07-08 15:57:03 INFO 登录状态已保存: E:\github\wk_python\chaoxing_auto\auth.json
2026-07-08 15:57:03 INFO 打开课程列表页: https://mooc1-1.chaoxing.com/visit/courses
2026-07-08 15:57:05 INFO 获取课程数量: 28
2026-07-08 15:57:05 INFO 课程: 添加课程 -> http://bzmcjxjy.benke.chaoxing.com/schoolcourse/schoolcourselist.html?type=5
2026-07-08 15:57:05 INFO 课程: 马克思主义基本原理概论 -> https://mooc1-1.chaoxing.com/visit/stucoursemiddle?courseid=203711024&clazzid=138755675&vc=1&cpi=453474709
2026-07-08 15:57:05 INFO 课程: 大学英语3 -> https://mooc1-1.chaoxing.com/visit/stucoursemiddle?courseid=227636863&clazzid=138755929&vc=1&cpi=453474709
2026-07-08 15:57:05 INFO 课程: 内科学 -> https://mooc1-1.chaoxing.com/visit/stucoursemiddle?courseid=210103958&clazzid=138756161&vc=1&cpi=453474709
2026-07-08 15:57:05 INFO 课程: 外科学 -> https://mooc1-1.chaoxing.com/visit/stucoursemiddle?courseid=241552997&clazzid=138756379&vc=1&cpi=453474709
2026-07-08 15:57:05 INFO 课程: 口腔黏膜病学 -> https://mooc1-1.chaoxing.com/visit/stucoursemiddle?courseid=241552990&clazzid=138757542&vc=1&cpi=453474709
2026-07-08 15:57:05 INFO 课程: 口腔材料学 -> https://mooc1-1.chaoxing.com/visit/stucoursemiddle?courseid=242344203&clazzid=138756783&vc=1&cpi=453474709
2026-07-08 15:57:05 INFO 课程: 诊断学 -> https://mooc1-1.chaoxing.com/visit/stucoursemiddle?courseid=208736675&clazzid=138756098&vc=1&cpi=453474709
2026-07-08 15:57:05 INFO 课程: 医学文献检索 -> https://mooc1-1.chaoxing.com/visit/stucoursemiddle?courseid=241553108&clazzid=138757871&vc=1&cpi=453474709
2026-07-08 15:57:05 INFO 课程: 大学英语2 -> https://mooc1-1.chaoxing.com/visit/stucoursemiddle?courseid=227636851&clazzid=125147773&vc=1&cpi=453474709
2026-07-08 15:57:05 INFO 课程: 新青年·习党史——南... -> https://mooc1-1.chaoxing.com/visit/stucoursemiddle?courseid=241553071&clazzid=125150413&vc=1&cpi=453474709
2026-07-08 15:57:05 INFO 课程: 习近平新时代中国特色... -> https://mooc1-1.chaoxing.com/visit/stucoursemiddle?courseid=241553115&clazzid=125150728&vc=1&cpi=453474709
2026-07-08 15:57:05 INFO 课程: 病理学 -> https://mooc1-1.chaoxing.com/visit/stucoursemiddle?courseid=208160189&clazzid=125148170&vc=1&cpi=453474709
2026-07-08 15:57:05 INFO 课程: 药理学 -> https://mooc1-1.chaoxing.com/visit/stucoursemiddle?courseid=208523333&clazzid=125148283&vc=1&cpi=453474709
2026-07-08 15:57:05 INFO 课程: 口腔解剖生理学 -> https://mooc1-1.chaoxing.com/visit/stucoursemiddle?courseid=203711020&clazzid=125148837&vc=1&cpi=453474709
2026-07-08 15:57:05 INFO 课程: 口腔颌面医学影像诊断学 -> https://mooc1-1.chaoxing.com/visit/stucoursemiddle?courseid=208337876&clazzid=125149058&vc=1&cpi=453474709
2026-07-08 15:57:05 INFO 课程: 口腔正畸学 -> https://mooc1-1.chaoxing.com/visit/stucoursemiddle?courseid=203711022&clazzid=125149101&vc=1&cpi=453474709
2026-07-08 15:57:05 INFO 课程: 医学统计学 -> https://mooc1-1.chaoxing.com/visit/stucoursemiddle?courseid=223469307&clazzid=125150246&vc=1&cpi=453474709
2026-07-08 15:57:05 INFO 课程: 生物化学与分子生物学 -> https://mooc1-1.chaoxing.com/visit/stucoursemiddle?courseid=209556057&clazzid=125149502&vc=1&cpi=453474709
2026-07-08 15:57:05 INFO 课程: 病原生物学 -> https://mooc1-1.chaoxing.com/visit/stucoursemiddle?courseid=241552912&clazzid=125149547&vc=1&cpi=453474709
2026-07-08 15:57:05 INFO 课程: 形势与政策（2021年秋） -> https://mooc1-1.chaoxing.com/visit/stucoursemiddle?courseid=223469309&clazzid=115195108&vc=1&cpi=453474709
2026-07-08 15:57:05 INFO 课程: 中国近现代史纲要 -> https://mooc1-1.chaoxing.com/visit/stucoursemiddle?courseid=223469315&clazzid=115195151&vc=1&cpi=453474709
2026-07-08 15:57:05 INFO 课程: 计算机网络基础 -> https://mooc1-1.chaoxing.com/visit/stucoursemiddle?courseid=203711063&clazzid=115193492&vc=1&cpi=453474709
2026-07-08 15:57:05 INFO 课程: 生理学 -> https://mooc1-1.chaoxing.com/visit/stucoursemiddle?courseid=208166364&clazzid=115188494&vc=1&cpi=453474709
2026-07-08 15:57:05 INFO 课程: 礼仪与社交艺术 -> https://mooc1-1.chaoxing.com/visit/stucoursemiddle?courseid=223469038&clazzid=115195455&vc=1&cpi=453474709
2026-07-08 15:57:05 INFO 课程: 大学英语1 -> https://mooc1-1.chaoxing.com/visit/stucoursemiddle?courseid=227636840&clazzid=115180465&vc=1&cpi=453474709
2026-07-08 15:57:05 INFO 课程: 已结束的课程 -> https://mooc1-1.chaoxing.com/mooc-ans/visit/archivecourse/student
2026-07-08 15:57:05 INFO 课程: 已退课课程 -> https://mooc1-1.chaoxing.com/mooc-ans/visit/getdropclazzlist?backUrlType=1
2026-07-08 16:10:47 INFO 启动浏览器，headless=False
2026-07-08 16:10:48 INFO 加载登录状态: E:\github\wk_python\chaoxing_auto\auth.json
2026-07-08 16:10:48 INFO 已创建新页面
2026-07-08 16:10:48 INFO 打开登录页: https://passport2.chaoxing.com/login
2026-07-08 16:10:57 INFO 已输入用户名
2026-07-08 16:10:57 INFO 已输入密码
2026-07-08 16:10:57 INFO 点击登录按钮
2026-07-08 16:11:03 INFO 登录成功
2026-07-08 16:11:03 INFO 登录状态已保存: E:\github\wk_python\chaoxing_auto\auth.json
2026-07-08 16:11:03 INFO 打开课程列表页: https://mooc1-1.chaoxing.com/visit/courses
2026-07-08 16:11:05 INFO 获取课程数量: 55
2026-07-08 16:11:05 INFO 课程: 添加课程 | 开始=未显示 截止=未显示 考试=未显示 考试开始=未显示 任务=未显示 -> http://bzmcjxjy.benke.chaoxing.com/schoolcourse/schoolcourselist.html?type=5
2026-07-08 16:11:05 INFO 课程: 移动到 | 开始=未显示 截止=未显示 考试=未显示 考试开始=未显示 任务=未显示 -> https://mooc1-1.chaoxing.com/visit/stucoursemiddle?courseid=203711024&clazzid=138755675&vc=1&cpi=453474709
2026-07-08 16:11:05 INFO 课程: 马克思主义基本原理概论 | 开始=2026年01月22日 截止=2026年01月22日 考试=未显示 考试开始=未显示 任务=未显示 -> https://mooc1-1.chaoxing.com/visit/stucoursemiddle?courseid=203711024&clazzid=138755675&vc=1&cpi=453474709
2026-07-08 16:11:05 INFO 课程: 移动到 | 开始=未显示 截止=未显示 考试=未显示 考试开始=未显示 任务=未显示 -> https://mooc1-1.chaoxing.com/visit/stucoursemiddle?courseid=227636863&clazzid=138755929&vc=1&cpi=453474709
2026-07-08 16:11:05 INFO 课程: 大学英语3 | 开始=2026年01月22日 截止=2026年01月22日 考试=未显示 考试开始=未显示 任务=未显示 -> https://mooc1-1.chaoxing.com/visit/stucoursemiddle?courseid=227636863&clazzid=138755929&vc=1&cpi=453474709
2026-07-08 16:11:05 INFO 课程: 移动到 | 开始=未显示 截止=未显示 考试=未显示 考试开始=未显示 任务=未显示 -> https://mooc1-1.chaoxing.com/visit/stucoursemiddle?courseid=210103958&clazzid=138756161&vc=1&cpi=453474709
2026-07-08 16:11:05 INFO 课程: 内科学 | 开始=2026年01月22日 截止=2026年01月22日 考试=未显示 考试开始=未显示 任务=未显示 -> https://mooc1-1.chaoxing.com/visit/stucoursemiddle?courseid=210103958&clazzid=138756161&vc=1&cpi=453474709
2026-07-08 16:11:05 INFO 课程: 移动到 | 开始=未显示 截止=未显示 考试=未显示 考试开始=未显示 任务=未显示 -> https://mooc1-1.chaoxing.com/visit/stucoursemiddle?courseid=241552997&clazzid=138756379&vc=1&cpi=453474709
2026-07-08 16:11:05 INFO 课程: 外科学 | 开始=2026年01月22日 截止=2026年01月22日 考试=未显示 考试开始=未显示 任务=未显示 -> https://mooc1-1.chaoxing.com/visit/stucoursemiddle?courseid=241552997&clazzid=138756379&vc=1&cpi=453474709
2026-07-08 16:11:05 INFO 课程: 移动到 | 开始=未显示 截止=未显示 考试=未显示 考试开始=未显示 任务=未显示 -> https://mooc1-1.chaoxing.com/visit/stucoursemiddle?courseid=241552990&clazzid=138757542&vc=1&cpi=453474709
2026-07-08 16:11:05 INFO 课程: 口腔黏膜病学 | 开始=2021-03-02 截止=2021-03-02 考试=未显示 考试开始=未显示 任务=未显示 -> https://mooc1-1.chaoxing.com/visit/stucoursemiddle?courseid=241552990&clazzid=138757542&vc=1&cpi=453474709
2026-07-08 16:11:05 INFO 课程: 移动到 | 开始=未显示 截止=未显示 考试=未显示 考试开始=未显示 任务=未显示 -> https://mooc1-1.chaoxing.com/visit/stucoursemiddle?courseid=242344203&clazzid=138756783&vc=1&cpi=453474709
2026-07-08 16:11:05 INFO 课程: 口腔材料学 | 开始=2026年01月22日 截止=2026年01月22日 考试=未显示 考试开始=未显示 任务=未显示 -> https://mooc1-1.chaoxing.com/visit/stucoursemiddle?courseid=242344203&clazzid=138756783&vc=1&cpi=453474709
2026-07-08 16:11:05 INFO 课程: 移动到 | 开始=未显示 截止=未显示 考试=未显示 考试开始=未显示 任务=未显示 -> https://mooc1-1.chaoxing.com/visit/stucoursemiddle?courseid=208736675&clazzid=138756098&vc=1&cpi=453474709
2026-07-08 16:11:05 INFO 课程: 诊断学 | 开始=2026年01月22日 截止=2026年01月22日 考试=未显示 考试开始=未显示 任务=未显示 -> https://mooc1-1.chaoxing.com/visit/stucoursemiddle?courseid=208736675&clazzid=138756098&vc=1&cpi=453474709
2026-07-08 16:11:05 INFO 课程: 移动到 | 开始=未显示 截止=未显示 考试=未显示 考试开始=未显示 任务=未显示 -> https://mooc1-1.chaoxing.com/visit/stucoursemiddle?courseid=241553108&clazzid=138757871&vc=1&cpi=453474709
2026-07-08 16:11:05 INFO 课程: 医学文献检索 | 开始=2021-03-09 截止=2021-03-09 考试=未显示 考试开始=未显示 任务=未显示 -> https://mooc1-1.chaoxing.com/visit/stucoursemiddle?courseid=241553108&clazzid=138757871&vc=1&cpi=453474709
2026-07-08 16:11:05 INFO 课程: 移动到 | 开始=未显示 截止=未显示 考试=未显示 考试开始=未显示 任务=未显示 -> https://mooc1-1.chaoxing.com/visit/stucoursemiddle?courseid=227636851&clazzid=125147773&vc=1&cpi=453474709
2026-07-08 16:11:05 INFO 课程: 大学英语2 | 开始=2025年07月20日 截止=2025年07月20日 考试=未显示 考试开始=未显示 任务=未显示 -> https://mooc1-1.chaoxing.com/visit/stucoursemiddle?courseid=227636851&clazzid=125147773&vc=1&cpi=453474709
2026-07-08 16:11:05 INFO 课程: 移动到 | 开始=未显示 截止=未显示 考试=未显示 考试开始=未显示 任务=未显示 -> https://mooc1-1.chaoxing.com/visit/stucoursemiddle?courseid=241553071&clazzid=125150413&vc=1&cpi=453474709
2026-07-08 16:11:05 INFO 课程: 新青年·习党史——南京大学青年纽扣课堂 | 开始=未显示 截止=未显示 考试=未显示 考试开始=未显示 任务=未显示 -> https://mooc1-1.chaoxing.com/visit/stucoursemiddle?courseid=241553071&clazzid=125150413&vc=1&cpi=453474709
2026-07-08 16:11:05 INFO 课程: 移动到 | 开始=未显示 截止=未显示 考试=未显示 考试开始=未显示 任务=未显示 -> https://mooc1-1.chaoxing.com/visit/stucoursemiddle?courseid=241553115&clazzid=125150728&vc=1&cpi=453474709
2026-07-08 16:11:05 INFO 课程: 习近平新时代中国特色社会主义思想概论 | 开始=未显示 截止=未显示 考试=未显示 考试开始=未显示 任务=未显示 -> https://mooc1-1.chaoxing.com/visit/stucoursemiddle?courseid=241553115&clazzid=125150728&vc=1&cpi=453474709
2026-07-08 16:11:05 INFO 课程: 移动到 | 开始=未显示 截止=未显示 考试=未显示 考试开始=未显示 任务=未显示 -> https://mooc1-1.chaoxing.com/visit/stucoursemiddle?courseid=208160189&clazzid=125148170&vc=1&cpi=453474709
2026-07-08 16:11:05 INFO 课程: 病理学 | 开始=2025年07月20日 截止=2025年07月20日 考试=未显示 考试开始=未显示 任务=未显示 -> https://mooc1-1.chaoxing.com/visit/stucoursemiddle?courseid=208160189&clazzid=125148170&vc=1&cpi=453474709
2026-07-08 16:11:05 INFO 课程: 移动到 | 开始=未显示 截止=未显示 考试=未显示 考试开始=未显示 任务=未显示 -> https://mooc1-1.chaoxing.com/visit/stucoursemiddle?courseid=208523333&clazzid=125148283&vc=1&cpi=453474709
2026-07-08 16:11:05 INFO 课程: 药理学 | 开始=2025年07月20日 截止=2025年07月20日 考试=未显示 考试开始=未显示 任务=未显示 -> https://mooc1-1.chaoxing.com/visit/stucoursemiddle?courseid=208523333&clazzid=125148283&vc=1&cpi=453474709
2026-07-08 16:11:05 INFO 课程: 移动到 | 开始=未显示 截止=未显示 考试=未显示 考试开始=未显示 任务=未显示 -> https://mooc1-1.chaoxing.com/visit/stucoursemiddle?courseid=203711020&clazzid=125148837&vc=1&cpi=453474709
2026-07-08 16:11:05 INFO 课程: 口腔解剖生理学 | 开始=2025年07月20日 截止=2025年07月20日 考试=未显示 考试开始=未显示 任务=未显示 -> https://mooc1-1.chaoxing.com/visit/stucoursemiddle?courseid=203711020&clazzid=125148837&vc=1&cpi=453474709
2026-07-08 16:11:05 INFO 课程: 移动到 | 开始=未显示 截止=未显示 考试=未显示 考试开始=未显示 任务=未显示 -> https://mooc1-1.chaoxing.com/visit/stucoursemiddle?courseid=208337876&clazzid=125149058&vc=1&cpi=453474709
2026-07-08 16:11:05 INFO 课程: 口腔颌面医学影像诊断学 | 开始=2025年07月20日 截止=2025年07月20日 考试=未显示 考试开始=未显示 任务=未显示 -> https://mooc1-1.chaoxing.com/visit/stucoursemiddle?courseid=208337876&clazzid=125149058&vc=1&cpi=453474709
2026-07-08 16:11:05 INFO 课程: 移动到 | 开始=未显示 截止=未显示 考试=未显示 考试开始=未显示 任务=未显示 -> https://mooc1-1.chaoxing.com/visit/stucoursemiddle?courseid=203711022&clazzid=125149101&vc=1&cpi=453474709
2026-07-08 16:11:05 INFO 课程: 口腔正畸学 | 开始=2025年07月20日 截止=2025年07月20日 考试=未显示 考试开始=未显示 任务=未显示 -> https://mooc1-1.chaoxing.com/visit/stucoursemiddle?courseid=203711022&clazzid=125149101&vc=1&cpi=453474709
2026-07-08 16:11:05 INFO 课程: 移动到 | 开始=未显示 截止=未显示 考试=未显示 考试开始=未显示 任务=未显示 -> https://mooc1-1.chaoxing.com/visit/stucoursemiddle?courseid=223469307&clazzid=125150246&vc=1&cpi=453474709
2026-07-08 16:11:05 INFO 课程: 医学统计学 | 开始=2025年07月20日 截止=2025年07月20日 考试=未显示 考试开始=未显示 任务=未显示 -> https://mooc1-1.chaoxing.com/visit/stucoursemiddle?courseid=223469307&clazzid=125150246&vc=1&cpi=453474709
2026-07-08 16:11:05 INFO 课程: 移动到 | 开始=未显示 截止=未显示 考试=未显示 考试开始=未显示 任务=未显示 -> https://mooc1-1.chaoxing.com/visit/stucoursemiddle?courseid=209556057&clazzid=125149502&vc=1&cpi=453474709
2026-07-08 16:11:05 INFO 课程: 生物化学与分子生物学 | 开始=2025年07月20日 截止=2025年07月20日 考试=未显示 考试开始=未显示 任务=未显示 -> https://mooc1-1.chaoxing.com/visit/stucoursemiddle?courseid=209556057&clazzid=125149502&vc=1&cpi=453474709
2026-07-08 16:11:05 INFO 课程: 移动到 | 开始=未显示 截止=未显示 考试=未显示 考试开始=未显示 任务=未显示 -> https://mooc1-1.chaoxing.com/visit/stucoursemiddle?courseid=241552912&clazzid=125149547&vc=1&cpi=453474709
2026-07-08 16:11:05 INFO 课程: 病原生物学 | 开始=2025年07月20日 截止=2025年07月20日 考试=未显示 考试开始=未显示 任务=未显示 -> https://mooc1-1.chaoxing.com/visit/stucoursemiddle?courseid=241552912&clazzid=125149547&vc=1&cpi=453474709
2026-07-08 16:11:05 INFO 课程: 移动到 | 开始=未显示 截止=未显示 考试=未显示 考试开始=未显示 任务=未显示 -> https://mooc1-1.chaoxing.com/visit/stucoursemiddle?courseid=223469309&clazzid=115195108&vc=1&cpi=453474709
2026-07-08 16:11:05 INFO 课程: 形势与政策（2021年秋） | 开始=2025年03月04日 截止=2025年03月04日 考试=未显示 考试开始=未显示 任务=未显示 -> https://mooc1-1.chaoxing.com/visit/stucoursemiddle?courseid=223469309&clazzid=115195108&vc=1&cpi=453474709
2026-07-08 16:11:05 INFO 课程: 移动到 | 开始=未显示 截止=未显示 考试=未显示 考试开始=未显示 任务=未显示 -> https://mooc1-1.chaoxing.com/visit/stucoursemiddle?courseid=223469315&clazzid=115195151&vc=1&cpi=453474709
2026-07-08 16:11:05 INFO 课程: 中国近现代史纲要 | 开始=2025年03月04日 截止=2025年03月04日 考试=未显示 考试开始=未显示 任务=未显示 -> https://mooc1-1.chaoxing.com/visit/stucoursemiddle?courseid=223469315&clazzid=115195151&vc=1&cpi=453474709
2026-07-08 16:11:05 INFO 课程: 移动到 | 开始=未显示 截止=未显示 考试=未显示 考试开始=未显示 任务=未显示 -> https://mooc1-1.chaoxing.com/visit/stucoursemiddle?courseid=203711063&clazzid=115193492&vc=1&cpi=453474709
2026-07-08 16:11:05 INFO 课程: 计算机网络基础 | 开始=2025年03月04日 截止=2025年03月04日 考试=未显示 考试开始=未显示 任务=未显示 -> https://mooc1-1.chaoxing.com/visit/stucoursemiddle?courseid=203711063&clazzid=115193492&vc=1&cpi=453474709
2026-07-08 16:11:05 INFO 课程: 移动到 | 开始=未显示 截止=未显示 考试=未显示 考试开始=未显示 任务=未显示 -> https://mooc1-1.chaoxing.com/visit/stucoursemiddle?courseid=208166364&clazzid=115188494&vc=1&cpi=453474709
2026-07-08 16:11:05 INFO 课程: 生理学 | 开始=2025年03月04日 截止=2025年03月04日 考试=未显示 考试开始=未显示 任务=未显示 -> https://mooc1-1.chaoxing.com/visit/stucoursemiddle?courseid=208166364&clazzid=115188494&vc=1&cpi=453474709
2026-07-08 16:11:05 INFO 课程: 移动到 | 开始=未显示 截止=未显示 考试=未显示 考试开始=未显示 任务=未显示 -> https://mooc1-1.chaoxing.com/visit/stucoursemiddle?courseid=223469038&clazzid=115195455&vc=1&cpi=453474709
2026-07-08 16:11:05 INFO 课程: 礼仪与社交艺术 | 开始=2025年03月04日 截止=2025年03月04日 考试=未显示 考试开始=未显示 任务=未显示 -> https://mooc1-1.chaoxing.com/visit/stucoursemiddle?courseid=223469038&clazzid=115195455&vc=1&cpi=453474709
2026-07-08 16:11:05 INFO 课程: 移动到 | 开始=未显示 截止=未显示 考试=未显示 考试开始=未显示 任务=未显示 -> https://mooc1-1.chaoxing.com/visit/stucoursemiddle?courseid=227636840&clazzid=115180465&vc=1&cpi=453474709
2026-07-08 16:11:05 INFO 课程: 大学英语1 | 开始=2025年03月04日 截止=2025年03月04日 考试=未显示 考试开始=未显示 任务=未显示 -> https://mooc1-1.chaoxing.com/visit/stucoursemiddle?courseid=227636840&clazzid=115180465&vc=1&cpi=453474709
2026-07-08 16:11:05 INFO 课程: 已退课课程 | 开始=未显示 截止=未显示 考试=未显示 考试开始=未显示 任务=未显示 -> https://mooc1-1.chaoxing.com/mooc-ans/visit/archivecourse/student
2026-07-08 16:11:05 INFO 课程: 已退课课程 | 开始=未显示 截止=未显示 考试=未显示 考试开始=未显示 任务=未显示 -> https://mooc1-1.chaoxing.com/mooc-ans/visit/getdropclazzlist?backUrlType=1
2026-07-08 16:11:05 INFO 课程: 新青年·习党史——南... | 开始=2025年07月20日 截止=2025年07月20日 考试=未显示 考试开始=未显示 任务=未显示 -> https://mooc1-1.chaoxing.com/visit/stucoursemiddle?courseid=241553071&clazzid=125150413&vc=1&cpi=453474709
2026-07-08 16:11:05 INFO 课程: 习近平新时代中国特色... | 开始=2025年07月20日 截止=2025年07月20日 考试=未显示 考试开始=未显示 任务=未显示 -> https://mooc1-1.chaoxing.com/visit/stucoursemiddle?courseid=241553115&clazzid=125150728&vc=1&cpi=453474709
2026-07-08 16:12:43 INFO 进入选中课程: 移动到
2026-07-08 16:12:45 INFO 选中课程页面加载完成: https://mooc1-1.chaoxing.com/mooc-ans/mycourse/studentcourse?courseId=241552990&clazzid=138757542&cpi=453474709&enc=196081230b66e5af801415ce5726a04a&fromMiddle=1&vc=1
2026-07-08 16:12:45 INFO 当前课程: 移动到
2026-07-08 16:12:45 INFO 开始获取章节列表
2026-07-08 16:12:45 INFO 获取章节数量: 51
2026-07-08 16:12:45 INFO 章节: 1.1 口腔黏膜病学概论 -> https://mooc1-1.chaoxing.com/mooc-ans/mycourse/studentstudy?chapterId=836941766&courseId=241552990&clazzid=138757542&enc=196081230b66e5af801415ce5726a04a
2026-07-08 16:12:45 INFO 章节: 1.2 正常口腔黏膜的结构与功能 -> https://mooc1-1.chaoxing.com/mooc-ans/mycourse/studentstudy?chapterId=836941767&courseId=241552990&clazzid=138757542&enc=196081230b66e5af801415ce5726a04a
2026-07-08 16:12:45 INFO 章节: 1.3 口腔黏膜的增龄性改变 -> https://mooc1-1.chaoxing.com/mooc-ans/mycourse/studentstudy?chapterId=836941768&courseId=241552990&clazzid=138757542&enc=196081230b66e5af801415ce5726a04a
2026-07-08 16:12:45 INFO 章节: 1.4 口腔黏膜病的基本临床病损 -> https://mooc1-1.chaoxing.com/mooc-ans/mycourse/studentstudy?chapterId=836941769&courseId=241552990&clazzid=138757542&enc=196081230b66e5af801415ce5726a04a
2026-07-08 16:12:45 INFO 章节: 1.5 口腔黏膜疾病的特点 -> https://mooc1-1.chaoxing.com/mooc-ans/mycourse/studentstudy?chapterId=836941770&courseId=241552990&clazzid=138757542&enc=196081230b66e5af801415ce5726a04a
2026-07-08 16:12:45 INFO 章节: 1.6 常见口腔斑纹类疾病的病理特点 -> https://mooc1-1.chaoxing.com/mooc-ans/mycourse/studentstudy?chapterId=836941771&courseId=241552990&clazzid=138757542&enc=196081230b66e5af801415ce5726a04a
2026-07-08 16:12:45 INFO 章节: 1.7 常见口腔斑纹类疾病的病理特点及病理报告解读(上) -> https://mooc1-1.chaoxing.com/mooc-ans/mycourse/studentstudy?chapterId=836941773&courseId=241552990&clazzid=138757542&enc=196081230b66e5af801415ce5726a04a
2026-07-08 16:12:45 INFO 章节: 1.8 常见口腔斑纹类疾病的病理特点及病理报告解读下) -> https://mooc1-1.chaoxing.com/mooc-ans/mycourse/studentstudy?chapterId=836941774&courseId=241552990&clazzid=138757542&enc=196081230b66e5af801415ce5726a04a
2026-07-08 16:12:45 INFO 章节: 2.1 单纯疱疹 -> https://mooc1-1.chaoxing.com/mooc-ans/mycourse/studentstudy?chapterId=836941776&courseId=241552990&clazzid=138757542&enc=196081230b66e5af801415ce5726a04a
2026-07-08 16:12:45 INFO 章节: 2.2 带状疱疹 -> https://mooc1-1.chaoxing.com/mooc-ans/mycourse/studentstudy?chapterId=836941777&courseId=241552990&clazzid=138757542&enc=196081230b66e5af801415ce5726a04a
2026-07-08 16:12:45 INFO 章节: 2.3 手足口病 -> https://mooc1-1.chaoxing.com/mooc-ans/mycourse/studentstudy?chapterId=836941778&courseId=241552990&clazzid=138757542&enc=196081230b66e5af801415ce5726a04a
2026-07-08 16:12:45 INFO 章节: 2.4 口腔念珠菌病 -> https://mooc1-1.chaoxing.com/mooc-ans/mycourse/studentstudy?chapterId=836941779&courseId=241552990&clazzid=138757542&enc=196081230b66e5af801415ce5726a04a
2026-07-08 16:12:45 INFO 章节: 2.5 多形性红斑 -> https://mooc1-1.chaoxing.com/mooc-ans/mycourse/studentstudy?chapterId=836941780&courseId=241552990&clazzid=138757542&enc=196081230b66e5af801415ce5726a04a
2026-07-08 16:12:45 INFO 章节: 2.6 复发性阿弗他溃疡 -> https://mooc1-1.chaoxing.com/mooc-ans/mycourse/studentstudy?chapterId=836941781&courseId=241552990&clazzid=138757542&enc=196081230b66e5af801415ce5726a04a
2026-07-08 16:12:45 INFO 章节: 2.7 白塞病 -> https://mooc1-1.chaoxing.com/mooc-ans/mycourse/studentstudy?chapterId=836941782&courseId=241552990&clazzid=138757542&enc=196081230b66e5af801415ce5726a04a
2026-07-08 16:12:45 INFO 章节: 2.8 创伤性溃疡 -> https://mooc1-1.chaoxing.com/mooc-ans/mycourse/studentstudy?chapterId=836941783&courseId=241552990&clazzid=138757542&enc=196081230b66e5af801415ce5726a04a
2026-07-08 16:12:45 INFO 章节: 2.9 放射性口炎 ** -> https://mooc1-1.chaoxing.com/mooc-ans/mycourse/studentstudy?chapterId=836941784&courseId=241552990&clazzid=138757542&enc=196081230b66e5af801415ce5726a04a
2026-07-08 16:12:45 INFO 章节: 2.10 天疱疮 -> https://mooc1-1.chaoxing.com/mooc-ans/mycourse/studentstudy?chapterId=836941785&courseId=241552990&clazzid=138757542&enc=196081230b66e5af801415ce5726a04a
2026-07-08 16:12:45 INFO 章节: 2.11 类天疱疮 -> https://mooc1-1.chaoxing.com/mooc-ans/mycourse/studentstudy?chapterId=836941786&courseId=241552990&clazzid=138757542&enc=196081230b66e5af801415ce5726a04a
2026-07-08 16:12:45 INFO 章节: 2.12 副肿瘤性天疱疮的诊断 -> https://mooc1-1.chaoxing.com/mooc-ans/mycourse/studentstudy?chapterId=836941787&courseId=241552990&clazzid=138757542&enc=196081230b66e5af801415ce5726a04a
2026-07-08 16:12:45 INFO 章节: 2.13 苔藓样反应 -> https://mooc1-1.chaoxing.com/mooc-ans/mycourse/studentstudy?chapterId=836941789&courseId=241552990&clazzid=138757542&enc=196081230b66e5af801415ce5726a04a
2026-07-08 16:12:45 INFO 章节: 2.14 口腔白斑病 -> https://mooc1-1.chaoxing.com/mooc-ans/mycourse/studentstudy?chapterId=836941790&courseId=241552990&clazzid=138757542&enc=196081230b66e5af801415ce5726a04a
2026-07-08 16:12:45 INFO 章节: 2.15 口腔红斑病 -> https://mooc1-1.chaoxing.com/mooc-ans/mycourse/studentstudy?chapterId=836941791&courseId=241552990&clazzid=138757542&enc=196081230b66e5af801415ce5726a04a
2026-07-08 16:12:45 INFO 章节: 2.16 口腔黏膜下纤维性变 -> https://mooc1-1.chaoxing.com/mooc-ans/mycourse/studentstudy?chapterId=836941792&courseId=241552990&clazzid=138757542&enc=196081230b66e5af801415ce5726a04a
2026-07-08 16:12:45 INFO 章节: 2.17 克罗恩病口腔表现 -> https://mooc1-1.chaoxing.com/mooc-ans/mycourse/studentstudy?chapterId=836941793&courseId=241552990&clazzid=138757542&enc=196081230b66e5af801415ce5726a04a
2026-07-08 16:12:45 INFO 章节: 2.18 慢性唇炎临床特点 -> https://mooc1-1.chaoxing.com/mooc-ans/mycourse/studentstudy?chapterId=836941794&courseId=241552990&clazzid=138757542&enc=196081230b66e5af801415ce5726a04a
2026-07-08 16:12:45 INFO 章节: 2.19 灼口综合征 -> https://mooc1-1.chaoxing.com/mooc-ans/mycourse/studentstudy?chapterId=836941795&courseId=241552990&clazzid=138757542&enc=196081230b66e5af801415ce5726a04a
2026-07-08 16:12:45 INFO 章节: 2.20 艾滋病口腔表征 -> https://mooc1-1.chaoxing.com/mooc-ans/mycourse/studentstudy?chapterId=836941796&courseId=241552990&clazzid=138757542&enc=196081230b66e5af801415ce5726a04a
2026-07-08 16:12:45 INFO 章节: 3.1 口腔黏膜病的诊断思路 -> https://mooc1-1.chaoxing.com/mooc-ans/mycourse/studentstudy?chapterId=836941797&courseId=241552990&clazzid=138757542&enc=196081230b66e5af801415ce5726a04a
2026-07-08 16:12:45 INFO 章节: 3.2 口腔黏膜病的总体治疗原则 *** -> https://mooc1-1.chaoxing.com/mooc-ans/mycourse/studentstudy?chapterId=836941811&courseId=241552990&clazzid=138757542&enc=196081230b66e5af801415ce5726a04a
2026-07-08 16:12:45 INFO 章节: 4.1 口腔常见溃疡性疾病的鉴别 -> https://mooc1-1.chaoxing.com/mooc-ans/mycourse/studentstudy?chapterId=836941798&courseId=241552990&clazzid=138757542&enc=196081230b66e5af801415ce5726a04a
2026-07-08 16:12:45 INFO 章节: 4.2 口腔常见白色病损鉴别 -> https://mooc1-1.chaoxing.com/mooc-ans/mycourse/studentstudy?chapterId=836941799&courseId=241552990&clazzid=138757542&enc=196081230b66e5af801415ce5726a04a
2026-07-08 16:12:45 INFO 章节: 4.3 口腔黏膜“疱”性疾病的鉴别 -> https://mooc1-1.chaoxing.com/mooc-ans/mycourse/studentstudy?chapterId=836941800&courseId=241552990&clazzid=138757542&enc=196081230b66e5af801415ce5726a04a
2026-07-08 16:12:45 INFO 章节: 4.4 无需治疗的口腔黏膜病简介 -> https://mooc1-1.chaoxing.com/mooc-ans/mycourse/studentstudy?chapterId=836941801&courseId=241552990&clazzid=138757542&enc=196081230b66e5af801415ce5726a04a
2026-07-08 16:12:45 INFO 章节: 4.5 口腔常见潜在恶性疾病小结 -> https://mooc1-1.chaoxing.com/mooc-ans/mycourse/studentstudy?chapterId=836941802&courseId=241552990&clazzid=138757542&enc=196081230b66e5af801415ce5726a04a
2026-07-08 16:12:45 INFO 章节: 4.6 口腔黏膜一般检查 -> https://mooc1-1.chaoxing.com/mooc-ans/mycourse/studentstudy?chapterId=836941804&courseId=241552990&clazzid=138757542&enc=196081230b66e5af801415ce5726a04a
2026-07-08 16:12:45 INFO 章节: 4.7 口腔黏膜活检术 -> https://mooc1-1.chaoxing.com/mooc-ans/mycourse/studentstudy?chapterId=836941805&courseId=241552990&clazzid=138757542&enc=196081230b66e5af801415ce5726a04a
2026-07-08 16:12:45 INFO 章节: 4.8 免疫荧光法、探针实验、揭皮实验、尼氏征、针刺实验、脱落细胞检查、同形反应 -> https://mooc1-1.chaoxing.com/mooc-ans/mycourse/studentstudy?chapterId=836941807&courseId=241552990&clazzid=138757542&enc=196081230b66e5af801415ce5726a04a
2026-07-08 16:12:45 INFO 章节: 4.9 针刺实验、脱落细胞检查、同形反应等 -> https://mooc1-1.chaoxing.com/mooc-ans/mycourse/studentstudy?chapterId=836941808&courseId=241552990&clazzid=138757542&enc=196081230b66e5af801415ce5726a04a
2026-07-08 16:12:45 INFO 章节: 4.10 无创早期筛查技术—甲苯胺蓝染色 -> https://mooc1-1.chaoxing.com/mooc-ans/mycourse/studentstudy?chapterId=836941809&courseId=241552990&clazzid=138757542&enc=196081230b66e5af801415ce5726a04a
2026-07-08 16:12:45 INFO 章节: 4.11 无创早期筛查技术—VELscope自体荧光检查 -> https://mooc1-1.chaoxing.com/mooc-ans/mycourse/studentstudy?chapterId=836941812&courseId=241552990&clazzid=138757542&enc=196081230b66e5af801415ce5726a04a
2026-07-08 16:12:45 INFO 章节: 4.12 口腔念珠菌的镜检与培养 -> https://mooc1-1.chaoxing.com/mooc-ans/mycourse/studentstudy?chapterId=836941813&courseId=241552990&clazzid=138757542&enc=196081230b66e5af801415ce5726a04a
2026-07-08 16:12:45 INFO 章节: 4.13 口腔黏膜常用药物介绍：激素、反应停、羟氯喹 -> https://mooc1-1.chaoxing.com/mooc-ans/mycourse/studentstudy?chapterId=836941814&courseId=241552990&clazzid=138757542&enc=196081230b66e5af801415ce5726a04a
2026-07-08 16:12:45 INFO 章节: 4.14 白斑的手术治疗 -> https://mooc1-1.chaoxing.com/mooc-ans/mycourse/studentstudy?chapterId=836941815&courseId=241552990&clazzid=138757542&enc=196081230b66e5af801415ce5726a04a
2026-07-08 16:12:45 INFO 章节: 4.15 光动力治疗在口腔黏膜病治疗中的应用 -> https://mooc1-1.chaoxing.com/mooc-ans/mycourse/studentstudy?chapterId=836941816&courseId=241552990&clazzid=138757542&enc=196081230b66e5af801415ce5726a04a
2026-07-08 16:12:45 INFO 章节: 4.16 常见口腔黏膜病的治疗方法—复发性阿弗他溃疡 -> https://mooc1-1.chaoxing.com/mooc-ans/mycourse/studentstudy?chapterId=836941817&courseId=241552990&clazzid=138757542&enc=196081230b66e5af801415ce5726a04a
2026-07-08 16:12:45 INFO 章节: 4.17 常见口腔黏膜病的治疗方法—口腔扁平苔藓 -> https://mooc1-1.chaoxing.com/mooc-ans/mycourse/studentstudy?chapterId=836941818&courseId=241552990&clazzid=138757542&enc=196081230b66e5af801415ce5726a04a
2026-07-08 16:12:45 INFO 章节: 第1章 概论篇 -> 
2026-07-08 16:12:45 INFO 章节: 第2章 疾病篇 -> 
2026-07-08 16:12:45 INFO 章节: 第3章 诊疗思维篇 -> 
2026-07-08 16:12:45 INFO 章节: 第4章 诊疗篇 -> 
2026-07-08 16:12:45 INFO 开始遍历章节，总数: 51
2026-07-08 16:12:45 INFO 开始学习章节 [1/51]: 1.1 口腔黏膜病学概论
2026-07-08 16:12:45 INFO 打开章节: 1.1 口腔黏膜病学概论
2026-07-08 16:13:15 WARNING 等待 networkidle 超时，继续执行
2026-07-08 16:13:15 INFO 章节页面加载完成: https://mooc1-1.chaoxing.com/mooc-ans/mycourse/studentstudy?chapterId=836941766&courseId=241552990&clazzid=138757542&enc=196081230b66e5af801415ce5726a04a
2026-07-08 16:13:16 INFO 视频开始播放
2026-07-08 16:13:42 INFO 视频播放进度: 4.24% 当前 26.06s / 总 614.00s paused=False ended=False
2026-07-08 16:14:14 INFO 视频播放进度: 9.49% 当前 58.26s / 总 614.00s paused=False ended=False
2026-07-08 16:14:46 INFO 视频播放进度: 14.73% 当前 90.46s / 总 614.00s paused=False ended=False
2026-07-08 16:15:18 INFO 视频播放进度: 19.97% 当前 122.62s / 总 614.00s paused=False ended=False
2026-07-08 16:15:51 INFO 视频播放进度: 25.21% 当前 154.79s / 总 614.00s paused=False ended=False
2026-07-08 16:16:23 INFO 视频播放进度: 30.45% 当前 186.96s / 总 614.00s paused=False ended=False
2026-07-08 16:16:55 INFO 视频播放进度: 35.69% 当前 219.15s / 总 614.00s paused=False ended=False
2026-07-08 16:17:27 INFO 视频播放进度: 40.93% 当前 251.32s / 总 614.00s paused=False ended=False
2026-07-08 16:17:47 INFO 收到停止任务请求
2026-07-08 16:17:47 INFO 收到停止信号，停止等待视频完成
2026-07-08 16:17:47 INFO 自动学习流程结束
2026-07-08 16:17:47 INFO 关闭浏览器资源
2026-07-08 16:22:57 INFO 启动浏览器，headless=False
2026-07-08 16:22:57 INFO 加载登录状态: E:\github\wk_python\chaoxing_auto\auth.json
2026-07-08 16:22:57 INFO 已创建新页面
2026-07-08 16:22:57 INFO 打开登录页: https://passport2.chaoxing.com/login
2026-07-08 16:23:06 INFO 已输入用户名
2026-07-08 16:23:06 INFO 已输入密码
2026-07-08 16:23:06 INFO 点击登录按钮
2026-07-08 16:23:12 INFO 登录成功
2026-07-08 16:23:12 INFO 登录状态已保存: E:\github\wk_python\chaoxing_auto\auth.json
2026-07-08 16:23:12 INFO 打开课程列表页: https://mooc1-1.chaoxing.com/visit/courses
2026-07-08 16:23:15 INFO 获取课程数量: 86
2026-07-08 16:23:15 INFO 课程: 退课 | courseId=261372040 开始=未显示 截止=未显示 考试=未显示 考试开始=未显示 任务=未显示 -> https://mooc1-1.chaoxing.com/visit/stucoursemiddle?courseid=261372040&clazzid=149898881&vc=1&cpi=499280377
2026-07-08 16:23:15 INFO 课程: （专科）劳动教育理论专题2 | courseId=261372040 开始=未显示 截止=未显示 考试=未显示 考试开始=未显示 任务=未显示 -> https://mooc1-1.chaoxing.com/visit/stucoursemiddle?courseid=261372040&clazzid=149898881&vc=1&cpi=499280377
2026-07-08 16:23:15 INFO 课程: 退课 | courseId=264714884 开始=未显示 截止=未显示 考试=未显示 考试开始=未显示 任务=未显示 -> https://mooc1-1.chaoxing.com/visit/stucoursemiddle?courseid=264714884&clazzid=149133116&vc=1&cpi=499280377
2026-07-08 16:23:15 INFO 课程: 25专形势与政策 | courseId=264714884 开始=未显示 截止=未显示 考试=未显示 考试开始=未显示 任务=未显示 -> https://mooc1-1.chaoxing.com/visit/stucoursemiddle?courseid=264714884&clazzid=149133116&vc=1&cpi=499280377
2026-07-08 16:23:15 INFO 课程: 退课 | courseId=264331818 开始=未显示 截止=未显示 考试=未显示 考试开始=未显示 任务=未显示 -> https://mooc1-1.chaoxing.com/visit/stucoursemiddle?courseid=264331818&clazzid=148346198&vc=1&cpi=499280377
2026-07-08 16:23:15 INFO 课程: 26年春季学期2025级专... | courseId=264331818 开始=未显示 截止=未显示 考试=未显示 考试开始=未显示 任务=未显示 -> https://mooc1-1.chaoxing.com/visit/stucoursemiddle?courseid=264331818&clazzid=148346198&vc=1&cpi=499280377
2026-07-08 16:23:15 INFO 课程: 退课 | courseId=261132991 开始=未显示 截止=未显示 考试=未显示 考试开始=未显示 任务=未显示 -> https://mooc1-1.chaoxing.com/visit/stucoursemiddle?courseid=261132991&clazzid=146353128&vc=1&cpi=499280377
2026-07-08 16:23:15 INFO 课程: 西门子S7-1200/1500 PLC项目化编程 第13期 | courseId=261132991 开始=未显示 截止=未显示 考试=未显示 考试开始=未显示 任务=未显示 -> https://mooc1-1.chaoxing.com/visit/stucoursemiddle?courseid=261132991&clazzid=146353128&vc=1&cpi=499280377
2026-07-08 16:23:15 INFO 课程: 思想政治理论课实践 | courseId=263363971 开始=2026年04月27日 截止=2026年04月27日 考试=未显示 考试开始=未显示 任务=未显示 -> https://mooc1-1.chaoxing.com/visit/stucoursemiddle?courseid=263363971&clazzid=146117167&vc=1&cpi=499280377
2026-07-08 16:23:15 INFO 课程: 退课 | courseId=244621915 开始=未显示 截止=未显示 考试=未显示 考试开始=未显示 任务=未显示 -> https://mooc1-1.chaoxing.com/visit/stucoursemiddle?courseid=244621915&clazzid=145923448&vc=1&cpi=499280377
2026-07-08 16:23:15 INFO 课程: 工业机器人基础操作与编程 | courseId=244621915 开始=未显示 截止=未显示 考试=未显示 考试开始=未显示 任务=未显示 -> https://mooc1-1.chaoxing.com/visit/stucoursemiddle?courseid=244621915&clazzid=145923448&vc=1&cpi=499280377
2026-07-08 16:23:15 INFO 课程: 退课 | courseId=262289788 开始=未显示 截止=未显示 考试=未显示 考试开始=未显示 任务=未显示 -> https://mooc1-1.chaoxing.com/visit/stucoursemiddle?courseid=262289788&clazzid=143963957&vc=1&cpi=499280377
2026-07-08 16:23:15 INFO 课程: 智能工程学院2026年春季学期反诈知识测试（1） | courseId=262289788 开始=未显示 截止=未显示 考试=未显示 考试开始=未显示 任务=未显示 -> https://mooc1-1.chaoxing.com/visit/stucoursemiddle?courseid=262289788&clazzid=143963957&vc=1&cpi=499280377
2026-07-08 16:23:15 INFO 课程: 大学生心理健康教育 | courseId=262194081 开始=2024-08-20 截止=2024-08-20 考试=未显示 考试开始=未显示 任务=未显示 -> https://mooc1-1.chaoxing.com/visit/stucoursemiddle?courseid=262194081&clazzid=143619998&vc=1&cpi=499280377
2026-07-08 16:23:15 INFO 课程: 退课 | courseId=250700884 开始=未显示 截止=未显示 考试=未显示 考试开始=未显示 任务=未显示 -> https://mooc1-1.chaoxing.com/visit/stucoursemiddle?courseid=250700884&clazzid=143607551&vc=1&cpi=499280377
2026-07-08 16:23:15 INFO 课程: 西门子S7-1200/1500 PLC项目化编程 第11期 | courseId=250700884 开始=未显示 截止=未显示 考试=未显示 考试开始=未显示 任务=未显示 -> https://mooc1-1.chaoxing.com/visit/stucoursemiddle?courseid=250700884&clazzid=143607551&vc=1&cpi=499280377
2026-07-08 16:23:15 INFO 课程: 退课 | courseId=262076514 开始=未显示 截止=未显示 考试=未显示 考试开始=未显示 任务=未显示 -> https://mooc1-1.chaoxing.com/visit/stucoursemiddle?courseid=262076514&clazzid=143364421&vc=1&cpi=499280377
2026-07-08 16:23:15 INFO 课程: 机械设计基础 | courseId=262076514 开始=未显示 截止=未显示 考试=未显示 考试开始=未显示 任务=未显示 -> https://mooc1-1.chaoxing.com/visit/stucoursemiddle?courseid=262076514&clazzid=143364421&vc=1&cpi=499280377
2026-07-08 16:23:15 INFO 课程: 退课 | courseId=261241647 开始=未显示 截止=未显示 考试=未显示 考试开始=未显示 任务=未显示 -> https://mooc1-1.chaoxing.com/visit/stucoursemiddle?courseid=261241647&clazzid=143226255&vc=1&cpi=499280377
2026-07-08 16:23:15 INFO 课程: 八桂文化 | courseId=261241647 开始=未显示 截止=未显示 考试=未显示 考试开始=未显示 任务=未显示 -> https://mooc1-1.chaoxing.com/visit/stucoursemiddle?courseid=261241647&clazzid=143226255&vc=1&cpi=499280377
2026-07-08 16:23:15 INFO 课程: 退课 | courseId=261788024 开始=未显示 截止=未显示 考试=未显示 考试开始=未显示 任务=未显示 -> https://mooc1-1.chaoxing.com/visit/stucoursemiddle?courseid=261788024&clazzid=142686103&vc=1&cpi=499280377
2026-07-08 16:23:15 INFO 课程: 走进东盟——国家在线精品课程 | courseId=261788024 开始=未显示 截止=未显示 考试=未显示 考试开始=未显示 任务=未显示 -> https://mooc1-1.chaoxing.com/visit/stucoursemiddle?courseid=261788024&clazzid=142686103&vc=1&cpi=499280377
2026-07-08 16:23:15 INFO 课程: 退课 | courseId=261160493 开始=未显示 截止=未显示 考试=未显示 考试开始=未显示 任务=未显示 -> https://mooc1-1.chaoxing.com/visit/stucoursemiddle?courseid=261160493&clazzid=140979681&vc=1&cpi=499280377
2026-07-08 16:23:15 INFO 课程: 2026春季学期《习近平新时代中国特色社会主义思想概论》 | courseId=261160493 开始=未显示 截止=未显示 考试=未显示 考试开始=未显示 任务=未显示 -> https://mooc1-1.chaoxing.com/visit/stucoursemiddle?courseid=261160493&clazzid=140979681&vc=1&cpi=499280377
2026-07-08 16:23:15 INFO 课程: AIGC生成式人工智能 | courseId=261231738 开始=未显示 截止=未显示 考试=未显示 考试开始=未显示 任务=未显示 -> https://mooc1-1.chaoxing.com/visit/stucoursemiddle?courseid=261231738&clazzid=142146475&vc=1&cpi=499280377
2026-07-08 16:23:15 INFO 课程: 退课 | courseId=241589943 开始=未显示 截止=未显示 考试=未显示 考试开始=未显示 任务=未显示 -> https://mooc1-1.chaoxing.com/visit/stucoursemiddle?courseid=241589943&clazzid=141899649&vc=1&cpi=499280377
2026-07-08 16:23:15 INFO 课程: 大学生创新创业基础 | courseId=241589943 开始=未显示 截止=未显示 考试=未显示 考试开始=未显示 任务=未显示 -> https://mooc1-1.chaoxing.com/visit/stucoursemiddle?courseid=241589943&clazzid=141899649&vc=1&cpi=499280377
2026-07-08 16:23:15 INFO 课程: 退课 | courseId=260915153 开始=未显示 截止=未显示 考试=未显示 考试开始=未显示 任务=未显示 -> https://mooc1-1.chaoxing.com/visit/stucoursemiddle?courseid=260915153&clazzid=140633181&vc=1&cpi=499280377
2026-07-08 16:23:15 INFO 课程: 2025-2026学年第2学期 高职英语2 A2 | courseId=260915153 开始=未显示 截止=未显示 考试=未显示 考试开始=未显示 任务=未显示 -> https://mooc1-1.chaoxing.com/visit/stucoursemiddle?courseid=260915153&clazzid=140633181&vc=1&cpi=499280377
2026-07-08 16:23:15 INFO 课程: （专科）劳动教育理论专题2 | courseId=261372040 开始=未显示 截止=未显示 考试=未显示 考试开始=未显示 任务=未显示 -> https://mooc1-1.chaoxing.com/visit/stucoursemiddle?courseid=261372040&clazzid=141609571&vc=1&cpi=499280377
2026-07-08 16:23:15 INFO 课程: 广西地方史 | courseId=261308517 开始=2026年03月08日 截止=2026年03月08日 考试=未显示 考试开始=未显示 任务=未显示 -> https://mooc1-1.chaoxing.com/visit/stucoursemiddle?courseid=261308517&clazzid=141412909&vc=1&cpi=499280377
2026-07-08 16:23:15 INFO 课程: 退课 | courseId=261046587 开始=未显示 截止=未显示 考试=未显示 考试开始=未显示 任务=未显示 -> https://mooc1-1.chaoxing.com/visit/stucoursemiddle?courseid=261046587&clazzid=140664612&vc=1&cpi=499280377
2026-07-08 16:23:15 INFO 课程: 电机及电气控制技术 | courseId=261046587 开始=未显示 截止=未显示 考试=未显示 考试开始=未显示 任务=未显示 -> https://mooc1-1.chaoxing.com/visit/stucoursemiddle?courseid=261046587&clazzid=140664612&vc=1&cpi=499280377
2026-07-08 16:23:15 INFO 课程: 退课 | courseId=259922885 开始=未显示 截止=未显示 考试=未显示 考试开始=未显示 任务=未显示 -> https://mooc1-1.chaoxing.com/visit/stucoursemiddle?courseid=259922885&clazzid=138236842&vc=1&cpi=499280377
2026-07-08 16:23:15 INFO 课程: 25年秋《思想道德与法... | courseId=259922885 开始=未显示 截止=未显示 考试=未显示 考试开始=未显示 任务=未显示 -> https://mooc1-1.chaoxing.com/visit/stucoursemiddle?courseid=259922885&clazzid=138236842&vc=1&cpi=499280377
2026-07-08 16:23:15 INFO 课程: 退课 | courseId=256566674 开始=未显示 截止=未显示 考试=未显示 考试开始=未显示 任务=未显示 -> https://mooc1-1.chaoxing.com/visit/stucoursemiddle?courseid=256566674&clazzid=137759477&vc=1&cpi=499280377
2026-07-08 16:23:15 INFO 课程: 形势与政策（2025年秋季学期） | courseId=256566674 开始=未显示 截止=未显示 考试=未显示 考试开始=未显示 任务=未显示 -> https://mooc1-1.chaoxing.com/visit/stucoursemiddle?courseid=256566674&clazzid=137759477&vc=1&cpi=499280377
2026-07-08 16:23:15 INFO 课程: 2025年秋季学期考试平台 | courseId=258892264 开始=未显示 截止=未显示 考试=有考试 考试开始=未显示 任务=未显示 -> https://mooc1-1.chaoxing.com/visit/stucoursemiddle?courseid=258892264&clazzid=137482065&vc=1&cpi=499280377
2026-07-08 16:23:15 INFO 课程: 工程自动算量软件应用（广联达GTJ版） | courseId=258391259 开始=未显示 截止=未显示 考试=未显示 考试开始=未显示 任务=未显示 -> https://mooc1-1.chaoxing.com/visit/stucoursemiddle?courseid=258391259&clazzid=134755702&vc=1&cpi=499280377
2026-07-08 16:23:15 INFO 课程: 退课 | courseId=255569896 开始=未显示 截止=未显示 考试=未显示 考试开始=未显示 任务=未显示 -> https://mooc1-1.chaoxing.com/visit/stucoursemiddle?courseid=255569896&clazzid=135931133&vc=1&cpi=499280377
2026-07-08 16:23:15 INFO 课程: 国家安全教育（2025秋） | courseId=255569896 开始=未显示 截止=未显示 考试=未显示 考试开始=未显示 任务=未显示 -> https://mooc1-1.chaoxing.com/visit/stucoursemiddle?courseid=255569896&clazzid=135931133&vc=1&cpi=499280377
2026-07-08 16:23:15 INFO 课程: 退课 | courseId=258241155 开始=未显示 截止=未显示 考试=未显示 考试开始=未显示 任务=未显示 -> https://mooc1-1.chaoxing.com/visit/stucoursemiddle?courseid=258241155&clazzid=135508649&vc=1&cpi=499280377
2026-07-08 16:23:15 INFO 课程: 应用数学 | courseId=258241155 开始=未显示 截止=未显示 考试=未显示 考试开始=未显示 任务=未显示 -> https://mooc1-1.chaoxing.com/visit/stucoursemiddle?courseid=258241155&clazzid=135508649&vc=1&cpi=499280377
2026-07-08 16:23:15 INFO 课程: 退课 | courseId=215823414 开始=未显示 截止=未显示 考试=未显示 考试开始=未显示 任务=未显示 -> https://mooc1-1.chaoxing.com/visit/stucoursemiddle?courseid=215823414&clazzid=134070780&vc=1&cpi=499280377
2026-07-08 16:23:15 INFO 课程: 信息技术应用基础 | courseId=215823414 开始=未显示 截止=未显示 考试=未显示 考试开始=未显示 任务=未显示 -> https://mooc1-1.chaoxing.com/visit/stucoursemiddle?courseid=215823414&clazzid=134070780&vc=1&cpi=499280377
2026-07-08 16:23:15 INFO 课程: 退课 | courseId=255929700 开始=未显示 截止=未显示 考试=未显示 考试开始=未显示 任务=未显示 -> https://mooc1-1.chaoxing.com/visit/stucoursemiddle?courseid=255929700&clazzid=131781469&vc=1&cpi=499280377
2026-07-08 16:23:15 INFO 课程: 25级-公共卫生安全教育（基地实操） | courseId=255929700 开始=未显示 截止=未显示 考试=未显示 考试开始=未显示 任务=未显示 -> https://mooc1-1.chaoxing.com/visit/stucoursemiddle?courseid=255929700&clazzid=131781469&vc=1&cpi=499280377
2026-07-08 16:23:15 INFO 课程: 退课 | courseId=214618155 开始=未显示 截止=未显示 考试=未显示 考试开始=未显示 任务=未显示 -> https://mooc1-1.chaoxing.com/visit/stucoursemiddle?courseid=214618155&clazzid=131773196&vc=1&cpi=499280377
2026-07-08 16:23:15 INFO 课程: 普通电工技术 | courseId=214618155 开始=未显示 截止=未显示 考试=未显示 考试开始=未显示 任务=未显示 -> https://mooc1-1.chaoxing.com/visit/stucoursemiddle?courseid=214618155&clazzid=131773196&vc=1&cpi=499280377
2026-07-08 16:23:15 INFO 课程: 退课 | courseId=256458596 开始=未显示 截止=未显示 考试=未显示 考试开始=未显示 任务=未显示 -> https://mooc1-1.chaoxing.com/visit/stucoursemiddle?courseid=256458596&clazzid=131675408&vc=1&cpi=499280377
2026-07-08 16:23:15 INFO 课程: 【开学第一课】--2025年秋季学期 | courseId=256458596 开始=未显示 截止=未显示 考试=未显示 考试开始=未显示 任务=未显示 -> https://mooc1-1.chaoxing.com/visit/stucoursemiddle?courseid=256458596&clazzid=131675408&vc=1&cpi=499280377
2026-07-08 16:23:15 INFO 课程: （兼课）2025级大学生心理健康教育 | courseId=255186706 开始=未显示 截止=未显示 考试=未显示 考试开始=未显示 任务=未显示 -> https://mooc1-1.chaoxing.com/visit/stucoursemiddle?courseid=255186706&clazzid=131246782&vc=1&cpi=499280377
2026-07-08 16:23:15 INFO 课程: 《军事理论》（2025级） | courseId=256649888 开始=未显示 截止=未显示 考试=未显示 考试开始=未显示 任务=未显示 -> https://mooc1-1.chaoxing.com/visit/stucoursemiddle?courseid=256649888&clazzid=131000568&vc=1&cpi=499280377
2026-07-08 16:23:15 INFO 课程: 退课 | courseId=255386225 开始=未显示 截止=未显示 考试=未显示 考试开始=未显示 任务=未显示 -> https://mooc1-1.chaoxing.com/visit/stucoursemiddle?courseid=255386225&clazzid=127858461&vc=1&cpi=499280377
2026-07-08 16:23:15 INFO 课程: 机械制图 | courseId=255386225 开始=未显示 截止=未显示 考试=未显示 考试开始=未显示 任务=未显示 -> https://mooc1-1.chaoxing.com/visit/stucoursemiddle?courseid=255386225&clazzid=127858461&vc=1&cpi=499280377
2026-07-08 16:23:15 INFO 课程: 退课 | courseId=255025290 开始=未显示 截止=未显示 考试=未显示 考试开始=未显示 任务=未显示 -> https://mooc1-1.chaoxing.com/visit/stucoursemiddle?courseid=255025290&clazzid=129327167&vc=1&cpi=499280377
2026-07-08 16:23:15 INFO 课程: 新编实用英语1(第五版)-25级上 | courseId=255025290 开始=未显示 截止=未显示 考试=未显示 考试开始=未显示 任务=未显示 -> https://mooc1-1.chaoxing.com/visit/stucoursemiddle?courseid=255025290&clazzid=129327167&vc=1&cpi=499280377
2026-07-08 16:23:15 INFO 课程: 2025秋线下活动 | courseId=255995969 开始=未显示 截止=未显示 考试=未显示 考试开始=未显示 任务=未显示 -> https://mooc1-1.chaoxing.com/visit/stucoursemiddle?courseid=255995969&clazzid=129447325&vc=1&cpi=499280377
2026-07-08 16:23:15 INFO 课程: 国家安全教育（2025秋） | courseId=255569896 开始=未显示 截止=未显示 考试=未显示 考试开始=未显示 任务=未显示 -> https://mooc1-1.chaoxing.com/visit/stucoursemiddle?courseid=255569896&clazzid=129398249&vc=1&cpi=499280377
2026-07-08 16:23:15 INFO 课程: 25级（本科 专科）《公共卫生安全教育》理论（2025秋） | courseId=255569898 开始=未显示 截止=未显示 考试=未显示 考试开始=未显示 任务=未显示 -> https://mooc1-1.chaoxing.com/visit/stucoursemiddle?courseid=255569898&clazzid=129398240&vc=1&cpi=499280377
2026-07-08 16:23:15 INFO 课程: 计算机辅助制图 | courseId=255944571 开始=2025年09月20日 截止=2025年09月20日 考试=未显示 考试开始=未显示 任务=未显示 -> https://mooc1-1.chaoxing.com/visit/stucoursemiddle?courseid=255944571&clazzid=129283469&vc=1&cpi=499280377
2026-07-08 16:23:15 INFO 课程: 退课 | courseId=255805119 开始=未显示 截止=未显示 考试=未显示 考试开始=未显示 任务=未显示 -> https://mooc1-1.chaoxing.com/visit/stucoursemiddle?courseid=255805119&clazzid=128935755&vc=1&cpi=499280377
2026-07-08 16:23:15 INFO 课程: 25级《毛泽东思想和中国特色社会主义理论体系概论》课程 | courseId=255805119 开始=未显示 截止=未显示 考试=未显示 考试开始=未显示 任务=未显示 -> https://mooc1-1.chaoxing.com/visit/stucoursemiddle?courseid=255805119&clazzid=128935755&vc=1&cpi=499280377
2026-07-08 16:23:15 INFO 课程: 音乐鉴赏 | courseId=255891077 开始=2025年09月19日 截止=2025年09月19日 考试=未显示 考试开始=未显示 任务=未显示 -> https://mooc1-1.chaoxing.com/visit/stucoursemiddle?courseid=255891077&clazzid=129146119&vc=1&cpi=499280377
2026-07-08 16:23:15 INFO 课程: 25专-劳动教育理论专题1 | courseId=255610757 开始=2025年09月18日 截止=2025年09月18日 考试=未显示 考试开始=未显示 任务=未显示 -> https://mooc1-1.chaoxing.com/visit/stucoursemiddle?courseid=255610757&clazzid=128972071&vc=1&cpi=499280377
2026-07-08 16:23:15 INFO 课程: 退课 | courseId=255800015 开始=未显示 截止=未显示 考试=未显示 考试开始=未显示 任务=未显示 -> https://mooc1-1.chaoxing.com/visit/stucoursemiddle?courseid=255800015&clazzid=128925401&vc=1&cpi=499280377
2026-07-08 16:23:15 INFO 课程: 思想道德与法治 | courseId=255800015 开始=未显示 截止=未显示 考试=未显示 考试开始=未显示 任务=未显示 -> https://mooc1-1.chaoxing.com/visit/stucoursemiddle?courseid=255800015&clazzid=128925401&vc=1&cpi=499280377
2026-07-08 16:23:15 INFO 课程: 已退课课程 | courseId=未显示 开始=未显示 截止=未显示 考试=未显示 考试开始=未显示 任务=未显示 -> https://mooc1-1.chaoxing.com/mooc-ans/visit/archivecourse/student
2026-07-08 16:23:15 INFO 课程: 已退课课程 | courseId=未显示 开始=未显示 截止=未显示 考试=未显示 考试开始=未显示 任务=未显示 -> https://mooc1-1.chaoxing.com/mooc-ans/visit/getdropclazzlist?backUrlType=1
2026-07-08 16:23:15 INFO 课程: （专科）劳动教育理论... | courseId=261372040 开始=未显示 截止=未显示 考试=未显示 考试开始=未显示 任务=未显示 -> https://mooc1-1.chaoxing.com/visit/stucoursemiddle?courseid=261372040&clazzid=149898881&vc=1&cpi=499280377
2026-07-08 16:23:15 INFO 课程: 西门子S7-1200/1500 PL... | courseId=261132991 开始=2026-03-06 截止=2026-03-06 考试=未显示 考试开始=未显示 任务=未显示 -> https://mooc1-1.chaoxing.com/visit/stucoursemiddle?courseid=261132991&clazzid=146353128&vc=1&cpi=499280377
2026-07-08 16:23:15 INFO 课程: 智能工程学院2026年春... | courseId=262289788 开始=未显示 截止=未显示 考试=未显示 考试开始=未显示 任务=未显示 -> https://mooc1-1.chaoxing.com/visit/stucoursemiddle?courseid=262289788&clazzid=143963957&vc=1&cpi=499280377
2026-07-08 16:23:15 INFO 课程: 西门子S7-1200/1500 PL... | courseId=250700884 开始=2025-02-28 截止=2025-02-28 考试=未显示 考试开始=未显示 任务=未显示 -> https://mooc1-1.chaoxing.com/visit/stucoursemiddle?courseid=250700884&clazzid=143607551&vc=1&cpi=499280377
2026-07-08 16:23:15 INFO 课程: 走进东盟——国家在线... | courseId=261788024 开始=未显示 截止=未显示 考试=未显示 考试开始=未显示 任务=未显示 -> https://mooc1-1.chaoxing.com/visit/stucoursemiddle?courseid=261788024&clazzid=142686103&vc=1&cpi=499280377
2026-07-08 16:23:15 INFO 课程: 2026春季学期《习近平... | courseId=261160493 开始=未显示 截止=未显示 考试=未显示 考试开始=未显示 任务=未显示 -> https://mooc1-1.chaoxing.com/visit/stucoursemiddle?courseid=261160493&clazzid=140979681&vc=1&cpi=499280377
2026-07-08 16:23:15 INFO 课程: 2025-2026学年第2学期 ... | courseId=260915153 开始=未显示 截止=未显示 考试=未显示 考试开始=未显示 任务=未显示 -> https://mooc1-1.chaoxing.com/visit/stucoursemiddle?courseid=260915153&clazzid=140633181&vc=1&cpi=499280377
2026-07-08 16:23:15 INFO 课程: （专科）劳动教育理论... | courseId=261372040 开始=2026年03月09日 截止=2026年03月09日 考试=未显示 考试开始=未显示 任务=未显示 -> https://mooc1-1.chaoxing.com/visit/stucoursemiddle?courseid=261372040&clazzid=141609571&vc=1&cpi=499280377
2026-07-08 16:23:15 INFO 课程: 形势与政策（2025年秋... | courseId=256566674 开始=未显示 截止=未显示 考试=未显示 考试开始=未显示 任务=未显示 -> https://mooc1-1.chaoxing.com/visit/stucoursemiddle?courseid=256566674&clazzid=137759477&vc=1&cpi=499280377
2026-07-08 16:23:15 INFO 课程: 蒋培培 | courseId=258892264 开始=未显示 截止=未显示 考试=有考试 考试开始=未显示 任务=未显示 -> https://mooc1-1.chaoxing.com/visit/stucoursemiddle?courseid=258892264&clazzid=137482065&vc=1&cpi=499280377
2026-07-08 16:23:15 INFO 课程: 工程自动算量软件应用... | courseId=258391259 开始=未显示 截止=未显示 考试=未显示 考试开始=未显示 任务=未显示 -> https://mooc1-1.chaoxing.com/visit/stucoursemiddle?courseid=258391259&clazzid=134755702&vc=1&cpi=499280377
2026-07-08 16:23:15 INFO 课程: 25级-公共卫生安全教育... | courseId=255929700 开始=未显示 截止=未显示 考试=未显示 考试开始=未显示 任务=未显示 -> https://mooc1-1.chaoxing.com/visit/stucoursemiddle?courseid=255929700&clazzid=131781469&vc=1&cpi=499280377
2026-07-08 16:23:15 INFO 课程: 【开学第一课】--2025... | courseId=256458596 开始=未显示 截止=未显示 考试=未显示 考试开始=未显示 任务=未显示 -> https://mooc1-1.chaoxing.com/visit/stucoursemiddle?courseid=256458596&clazzid=131675408&vc=1&cpi=499280377
2026-07-08 16:23:15 INFO 课程: （兼课）2025级大学生... | courseId=255186706 开始=2024-08-20 截止=2024-08-20 考试=未显示 考试开始=未显示 任务=未显示 -> https://mooc1-1.chaoxing.com/visit/stucoursemiddle?courseid=255186706&clazzid=131246782&vc=1&cpi=499280377
2026-07-08 16:23:15 INFO 课程: 新编实用英语1(第五版)... | courseId=255025290 开始=未显示 截止=未显示 考试=未显示 考试开始=未显示 任务=未显示 -> https://mooc1-1.chaoxing.com/visit/stucoursemiddle?courseid=255025290&clazzid=129327167&vc=1&cpi=499280377
2026-07-08 16:23:15 INFO 课程: 25级（本科 专科）《公... | courseId=255569898 开始=未显示 截止=未显示 考试=未显示 考试开始=未显示 任务=未显示 -> https://mooc1-1.chaoxing.com/visit/stucoursemiddle?courseid=255569898&clazzid=129398240&vc=1&cpi=499280377
2026-07-08 16:23:15 INFO 课程: 25级《毛泽东思想和中... | courseId=255805119 开始=未显示 截止=未显示 考试=未显示 考试开始=未显示 任务=未显示 -> https://mooc1-1.chaoxing.com/visit/stucoursemiddle?courseid=255805119&clazzid=128935755&vc=1&cpi=499280377
2026-07-08 16:28:03 INFO 收到停止任务请求
2026-07-08 16:28:03 INFO 关闭浏览器资源
2026-07-08 16:28:13 INFO 启动浏览器，headless=False
2026-07-08 16:28:14 INFO 加载登录状态: E:\github\wk_python\chaoxing_auto\auth.json
2026-07-08 16:28:14 INFO 已创建新页面
2026-07-08 16:28:14 INFO 打开登录页: https://passport2.chaoxing.com/login
2026-07-08 16:28:23 INFO 已输入用户名
2026-07-08 16:28:23 INFO 已输入密码
2026-07-08 16:28:23 INFO 点击登录按钮
2026-07-08 16:28:28 INFO 登录成功
2026-07-08 16:28:28 INFO 登录状态已保存: E:\github\wk_python\chaoxing_auto\auth.json
2026-07-08 16:28:28 INFO 打开课程列表页: https://mooc1-1.chaoxing.com/visit/courses
2026-07-08 16:28:30 INFO 获取课程数量: 86
2026-07-08 16:28:30 INFO 课程: 退课 | courseId=261372040 开始=未显示 截止=未显示 考试=未显示 考试开始=未显示 任务=未显示 -> https://mooc1-1.chaoxing.com/visit/stucoursemiddle?courseid=261372040&clazzid=149898881&vc=1&cpi=499280377
2026-07-08 16:28:30 INFO 课程: （专科）劳动教育理论专题2 | courseId=261372040 开始=未显示 截止=未显示 考试=未显示 考试开始=未显示 任务=未显示 -> https://mooc1-1.chaoxing.com/visit/stucoursemiddle?courseid=261372040&clazzid=149898881&vc=1&cpi=499280377
2026-07-08 16:28:30 INFO 课程: 退课 | courseId=264714884 开始=未显示 截止=未显示 考试=未显示 考试开始=未显示 任务=未显示 -> https://mooc1-1.chaoxing.com/visit/stucoursemiddle?courseid=264714884&clazzid=149133116&vc=1&cpi=499280377
2026-07-08 16:28:30 INFO 课程: 25专形势与政策 | courseId=264714884 开始=未显示 截止=未显示 考试=未显示 考试开始=未显示 任务=未显示 -> https://mooc1-1.chaoxing.com/visit/stucoursemiddle?courseid=264714884&clazzid=149133116&vc=1&cpi=499280377
2026-07-08 16:28:30 INFO 课程: 退课 | courseId=264331818 开始=未显示 截止=未显示 考试=未显示 考试开始=未显示 任务=未显示 -> https://mooc1-1.chaoxing.com/visit/stucoursemiddle?courseid=264331818&clazzid=148346198&vc=1&cpi=499280377
2026-07-08 16:28:30 INFO 课程: 26年春季学期2025级专... | courseId=264331818 开始=未显示 截止=未显示 考试=未显示 考试开始=未显示 任务=未显示 -> https://mooc1-1.chaoxing.com/visit/stucoursemiddle?courseid=264331818&clazzid=148346198&vc=1&cpi=499280377
2026-07-08 16:28:30 INFO 课程: 退课 | courseId=261132991 开始=未显示 截止=未显示 考试=未显示 考试开始=未显示 任务=未显示 -> https://mooc1-1.chaoxing.com/visit/stucoursemiddle?courseid=261132991&clazzid=146353128&vc=1&cpi=499280377
2026-07-08 16:28:30 INFO 课程: 西门子S7-1200/1500 PLC项目化编程 第13期 | courseId=261132991 开始=未显示 截止=未显示 考试=未显示 考试开始=未显示 任务=未显示 -> https://mooc1-1.chaoxing.com/visit/stucoursemiddle?courseid=261132991&clazzid=146353128&vc=1&cpi=499280377
2026-07-08 16:28:30 INFO 课程: 思想政治理论课实践 | courseId=263363971 开始=2026年04月27日 截止=2026年04月27日 考试=未显示 考试开始=未显示 任务=未显示 -> https://mooc1-1.chaoxing.com/visit/stucoursemiddle?courseid=263363971&clazzid=146117167&vc=1&cpi=499280377
2026-07-08 16:28:30 INFO 课程: 退课 | courseId=244621915 开始=未显示 截止=未显示 考试=未显示 考试开始=未显示 任务=未显示 -> https://mooc1-1.chaoxing.com/visit/stucoursemiddle?courseid=244621915&clazzid=145923448&vc=1&cpi=499280377
2026-07-08 16:28:30 INFO 课程: 工业机器人基础操作与编程 | courseId=244621915 开始=未显示 截止=未显示 考试=未显示 考试开始=未显示 任务=未显示 -> https://mooc1-1.chaoxing.com/visit/stucoursemiddle?courseid=244621915&clazzid=145923448&vc=1&cpi=499280377
2026-07-08 16:28:30 INFO 课程: 退课 | courseId=262289788 开始=未显示 截止=未显示 考试=未显示 考试开始=未显示 任务=未显示 -> https://mooc1-1.chaoxing.com/visit/stucoursemiddle?courseid=262289788&clazzid=143963957&vc=1&cpi=499280377
2026-07-08 16:28:30 INFO 课程: 智能工程学院2026年春季学期反诈知识测试（1） | courseId=262289788 开始=未显示 截止=未显示 考试=未显示 考试开始=未显示 任务=未显示 -> https://mooc1-1.chaoxing.com/visit/stucoursemiddle?courseid=262289788&clazzid=143963957&vc=1&cpi=499280377
2026-07-08 16:28:30 INFO 课程: 大学生心理健康教育 | courseId=262194081 开始=2024-08-20 截止=2024-08-20 考试=未显示 考试开始=未显示 任务=未显示 -> https://mooc1-1.chaoxing.com/visit/stucoursemiddle?courseid=262194081&clazzid=143619998&vc=1&cpi=499280377
2026-07-08 16:28:30 INFO 课程: 退课 | courseId=250700884 开始=未显示 截止=未显示 考试=未显示 考试开始=未显示 任务=未显示 -> https://mooc1-1.chaoxing.com/visit/stucoursemiddle?courseid=250700884&clazzid=143607551&vc=1&cpi=499280377
2026-07-08 16:28:30 INFO 课程: 西门子S7-1200/1500 PLC项目化编程 第11期 | courseId=250700884 开始=未显示 截止=未显示 考试=未显示 考试开始=未显示 任务=未显示 -> https://mooc1-1.chaoxing.com/visit/stucoursemiddle?courseid=250700884&clazzid=143607551&vc=1&cpi=499280377
2026-07-08 16:28:30 INFO 课程: 退课 | courseId=262076514 开始=未显示 截止=未显示 考试=未显示 考试开始=未显示 任务=未显示 -> https://mooc1-1.chaoxing.com/visit/stucoursemiddle?courseid=262076514&clazzid=143364421&vc=1&cpi=499280377
2026-07-08 16:28:30 INFO 课程: 机械设计基础 | courseId=262076514 开始=未显示 截止=未显示 考试=未显示 考试开始=未显示 任务=未显示 -> https://mooc1-1.chaoxing.com/visit/stucoursemiddle?courseid=262076514&clazzid=143364421&vc=1&cpi=499280377
2026-07-08 16:28:30 INFO 课程: 退课 | courseId=261241647 开始=未显示 截止=未显示 考试=未显示 考试开始=未显示 任务=未显示 -> https://mooc1-1.chaoxing.com/visit/stucoursemiddle?courseid=261241647&clazzid=143226255&vc=1&cpi=499280377
2026-07-08 16:28:30 INFO 课程: 八桂文化 | courseId=261241647 开始=未显示 截止=未显示 考试=未显示 考试开始=未显示 任务=未显示 -> https://mooc1-1.chaoxing.com/visit/stucoursemiddle?courseid=261241647&clazzid=143226255&vc=1&cpi=499280377
2026-07-08 16:28:30 INFO 课程: 退课 | courseId=261788024 开始=未显示 截止=未显示 考试=未显示 考试开始=未显示 任务=未显示 -> https://mooc1-1.chaoxing.com/visit/stucoursemiddle?courseid=261788024&clazzid=142686103&vc=1&cpi=499280377
2026-07-08 16:28:30 INFO 课程: 走进东盟——国家在线精品课程 | courseId=261788024 开始=未显示 截止=未显示 考试=未显示 考试开始=未显示 任务=未显示 -> https://mooc1-1.chaoxing.com/visit/stucoursemiddle?courseid=261788024&clazzid=142686103&vc=1&cpi=499280377
2026-07-08 16:28:30 INFO 课程: 退课 | courseId=261160493 开始=未显示 截止=未显示 考试=未显示 考试开始=未显示 任务=未显示 -> https://mooc1-1.chaoxing.com/visit/stucoursemiddle?courseid=261160493&clazzid=140979681&vc=1&cpi=499280377
2026-07-08 16:28:30 INFO 课程: 2026春季学期《习近平新时代中国特色社会主义思想概论》 | courseId=261160493 开始=未显示 截止=未显示 考试=未显示 考试开始=未显示 任务=未显示 -> https://mooc1-1.chaoxing.com/visit/stucoursemiddle?courseid=261160493&clazzid=140979681&vc=1&cpi=499280377
2026-07-08 16:28:30 INFO 课程: AIGC生成式人工智能 | courseId=261231738 开始=未显示 截止=未显示 考试=未显示 考试开始=未显示 任务=未显示 -> https://mooc1-1.chaoxing.com/visit/stucoursemiddle?courseid=261231738&clazzid=142146475&vc=1&cpi=499280377
2026-07-08 16:28:30 INFO 课程: 退课 | courseId=241589943 开始=未显示 截止=未显示 考试=未显示 考试开始=未显示 任务=未显示 -> https://mooc1-1.chaoxing.com/visit/stucoursemiddle?courseid=241589943&clazzid=141899649&vc=1&cpi=499280377
2026-07-08 16:28:30 INFO 课程: 大学生创新创业基础 | courseId=241589943 开始=未显示 截止=未显示 考试=未显示 考试开始=未显示 任务=未显示 -> https://mooc1-1.chaoxing.com/visit/stucoursemiddle?courseid=241589943&clazzid=141899649&vc=1&cpi=499280377
2026-07-08 16:28:30 INFO 课程: 退课 | courseId=260915153 开始=未显示 截止=未显示 考试=未显示 考试开始=未显示 任务=未显示 -> https://mooc1-1.chaoxing.com/visit/stucoursemiddle?courseid=260915153&clazzid=140633181&vc=1&cpi=499280377
2026-07-08 16:28:30 INFO 课程: 2025-2026学年第2学期 高职英语2 A2 | courseId=260915153 开始=未显示 截止=未显示 考试=未显示 考试开始=未显示 任务=未显示 -> https://mooc1-1.chaoxing.com/visit/stucoursemiddle?courseid=260915153&clazzid=140633181&vc=1&cpi=499280377
2026-07-08 16:28:30 INFO 课程: （专科）劳动教育理论专题2 | courseId=261372040 开始=未显示 截止=未显示 考试=未显示 考试开始=未显示 任务=未显示 -> https://mooc1-1.chaoxing.com/visit/stucoursemiddle?courseid=261372040&clazzid=141609571&vc=1&cpi=499280377
2026-07-08 16:28:30 INFO 课程: 广西地方史 | courseId=261308517 开始=2026年03月08日 截止=2026年03月08日 考试=未显示 考试开始=未显示 任务=未显示 -> https://mooc1-1.chaoxing.com/visit/stucoursemiddle?courseid=261308517&clazzid=141412909&vc=1&cpi=499280377
2026-07-08 16:28:30 INFO 课程: 退课 | courseId=261046587 开始=未显示 截止=未显示 考试=未显示 考试开始=未显示 任务=未显示 -> https://mooc1-1.chaoxing.com/visit/stucoursemiddle?courseid=261046587&clazzid=140664612&vc=1&cpi=499280377
2026-07-08 16:28:30 INFO 课程: 电机及电气控制技术 | courseId=261046587 开始=未显示 截止=未显示 考试=未显示 考试开始=未显示 任务=未显示 -> https://mooc1-1.chaoxing.com/visit/stucoursemiddle?courseid=261046587&clazzid=140664612&vc=1&cpi=499280377
2026-07-08 16:28:30 INFO 课程: 退课 | courseId=259922885 开始=未显示 截止=未显示 考试=未显示 考试开始=未显示 任务=未显示 -> https://mooc1-1.chaoxing.com/visit/stucoursemiddle?courseid=259922885&clazzid=138236842&vc=1&cpi=499280377
2026-07-08 16:28:30 INFO 课程: 25年秋《思想道德与法... | courseId=259922885 开始=未显示 截止=未显示 考试=未显示 考试开始=未显示 任务=未显示 -> https://mooc1-1.chaoxing.com/visit/stucoursemiddle?courseid=259922885&clazzid=138236842&vc=1&cpi=499280377
2026-07-08 16:28:30 INFO 课程: 退课 | courseId=256566674 开始=未显示 截止=未显示 考试=未显示 考试开始=未显示 任务=未显示 -> https://mooc1-1.chaoxing.com/visit/stucoursemiddle?courseid=256566674&clazzid=137759477&vc=1&cpi=499280377
2026-07-08 16:28:30 INFO 课程: 形势与政策（2025年秋季学期） | courseId=256566674 开始=未显示 截止=未显示 考试=未显示 考试开始=未显示 任务=未显示 -> https://mooc1-1.chaoxing.com/visit/stucoursemiddle?courseid=256566674&clazzid=137759477&vc=1&cpi=499280377
2026-07-08 16:28:30 INFO 课程: 2025年秋季学期考试平台 | courseId=258892264 开始=未显示 截止=未显示 考试=有考试 考试开始=未显示 任务=未显示 -> https://mooc1-1.chaoxing.com/visit/stucoursemiddle?courseid=258892264&clazzid=137482065&vc=1&cpi=499280377
2026-07-08 16:28:30 INFO 课程: 工程自动算量软件应用（广联达GTJ版） | courseId=258391259 开始=未显示 截止=未显示 考试=未显示 考试开始=未显示 任务=未显示 -> https://mooc1-1.chaoxing.com/visit/stucoursemiddle?courseid=258391259&clazzid=134755702&vc=1&cpi=499280377
2026-07-08 16:28:30 INFO 课程: 退课 | courseId=255569896 开始=未显示 截止=未显示 考试=未显示 考试开始=未显示 任务=未显示 -> https://mooc1-1.chaoxing.com/visit/stucoursemiddle?courseid=255569896&clazzid=135931133&vc=1&cpi=499280377
2026-07-08 16:28:30 INFO 课程: 国家安全教育（2025秋） | courseId=255569896 开始=未显示 截止=未显示 考试=未显示 考试开始=未显示 任务=未显示 -> https://mooc1-1.chaoxing.com/visit/stucoursemiddle?courseid=255569896&clazzid=135931133&vc=1&cpi=499280377
2026-07-08 16:28:30 INFO 课程: 退课 | courseId=258241155 开始=未显示 截止=未显示 考试=未显示 考试开始=未显示 任务=未显示 -> https://mooc1-1.chaoxing.com/visit/stucoursemiddle?courseid=258241155&clazzid=135508649&vc=1&cpi=499280377
2026-07-08 16:28:30 INFO 课程: 应用数学 | courseId=258241155 开始=未显示 截止=未显示 考试=未显示 考试开始=未显示 任务=未显示 -> https://mooc1-1.chaoxing.com/visit/stucoursemiddle?courseid=258241155&clazzid=135508649&vc=1&cpi=499280377
2026-07-08 16:28:30 INFO 课程: 退课 | courseId=215823414 开始=未显示 截止=未显示 考试=未显示 考试开始=未显示 任务=未显示 -> https://mooc1-1.chaoxing.com/visit/stucoursemiddle?courseid=215823414&clazzid=134070780&vc=1&cpi=499280377
2026-07-08 16:28:30 INFO 课程: 信息技术应用基础 | courseId=215823414 开始=未显示 截止=未显示 考试=未显示 考试开始=未显示 任务=未显示 -> https://mooc1-1.chaoxing.com/visit/stucoursemiddle?courseid=215823414&clazzid=134070780&vc=1&cpi=499280377
2026-07-08 16:28:30 INFO 课程: 退课 | courseId=255929700 开始=未显示 截止=未显示 考试=未显示 考试开始=未显示 任务=未显示 -> https://mooc1-1.chaoxing.com/visit/stucoursemiddle?courseid=255929700&clazzid=131781469&vc=1&cpi=499280377
2026-07-08 16:28:30 INFO 课程: 25级-公共卫生安全教育（基地实操） | courseId=255929700 开始=未显示 截止=未显示 考试=未显示 考试开始=未显示 任务=未显示 -> https://mooc1-1.chaoxing.com/visit/stucoursemiddle?courseid=255929700&clazzid=131781469&vc=1&cpi=499280377
2026-07-08 16:28:30 INFO 课程: 退课 | courseId=214618155 开始=未显示 截止=未显示 考试=未显示 考试开始=未显示 任务=未显示 -> https://mooc1-1.chaoxing.com/visit/stucoursemiddle?courseid=214618155&clazzid=131773196&vc=1&cpi=499280377
2026-07-08 16:28:30 INFO 课程: 普通电工技术 | courseId=214618155 开始=未显示 截止=未显示 考试=未显示 考试开始=未显示 任务=未显示 -> https://mooc1-1.chaoxing.com/visit/stucoursemiddle?courseid=214618155&clazzid=131773196&vc=1&cpi=499280377
2026-07-08 16:28:30 INFO 课程: 退课 | courseId=256458596 开始=未显示 截止=未显示 考试=未显示 考试开始=未显示 任务=未显示 -> https://mooc1-1.chaoxing.com/visit/stucoursemiddle?courseid=256458596&clazzid=131675408&vc=1&cpi=499280377
2026-07-08 16:28:30 INFO 课程: 【开学第一课】--2025年秋季学期 | courseId=256458596 开始=未显示 截止=未显示 考试=未显示 考试开始=未显示 任务=未显示 -> https://mooc1-1.chaoxing.com/visit/stucoursemiddle?courseid=256458596&clazzid=131675408&vc=1&cpi=499280377
2026-07-08 16:28:30 INFO 课程: （兼课）2025级大学生心理健康教育 | courseId=255186706 开始=未显示 截止=未显示 考试=未显示 考试开始=未显示 任务=未显示 -> https://mooc1-1.chaoxing.com/visit/stucoursemiddle?courseid=255186706&clazzid=131246782&vc=1&cpi=499280377
2026-07-08 16:28:30 INFO 课程: 《军事理论》（2025级） | courseId=256649888 开始=未显示 截止=未显示 考试=未显示 考试开始=未显示 任务=未显示 -> https://mooc1-1.chaoxing.com/visit/stucoursemiddle?courseid=256649888&clazzid=131000568&vc=1&cpi=499280377
2026-07-08 16:28:30 INFO 课程: 退课 | courseId=255386225 开始=未显示 截止=未显示 考试=未显示 考试开始=未显示 任务=未显示 -> https://mooc1-1.chaoxing.com/visit/stucoursemiddle?courseid=255386225&clazzid=127858461&vc=1&cpi=499280377
2026-07-08 16:28:30 INFO 课程: 机械制图 | courseId=255386225 开始=未显示 截止=未显示 考试=未显示 考试开始=未显示 任务=未显示 -> https://mooc1-1.chaoxing.com/visit/stucoursemiddle?courseid=255386225&clazzid=127858461&vc=1&cpi=499280377
2026-07-08 16:28:30 INFO 课程: 退课 | courseId=255025290 开始=未显示 截止=未显示 考试=未显示 考试开始=未显示 任务=未显示 -> https://mooc1-1.chaoxing.com/visit/stucoursemiddle?courseid=255025290&clazzid=129327167&vc=1&cpi=499280377
2026-07-08 16:28:30 INFO 课程: 新编实用英语1(第五版)-25级上 | courseId=255025290 开始=未显示 截止=未显示 考试=未显示 考试开始=未显示 任务=未显示 -> https://mooc1-1.chaoxing.com/visit/stucoursemiddle?courseid=255025290&clazzid=129327167&vc=1&cpi=499280377
2026-07-08 16:28:30 INFO 课程: 2025秋线下活动 | courseId=255995969 开始=未显示 截止=未显示 考试=未显示 考试开始=未显示 任务=未显示 -> https://mooc1-1.chaoxing.com/visit/stucoursemiddle?courseid=255995969&clazzid=129447325&vc=1&cpi=499280377
2026-07-08 16:28:30 INFO 课程: 国家安全教育（2025秋） | courseId=255569896 开始=未显示 截止=未显示 考试=未显示 考试开始=未显示 任务=未显示 -> https://mooc1-1.chaoxing.com/visit/stucoursemiddle?courseid=255569896&clazzid=129398249&vc=1&cpi=499280377
2026-07-08 16:28:30 INFO 课程: 25级（本科 专科）《公共卫生安全教育》理论（2025秋） | courseId=255569898 开始=未显示 截止=未显示 考试=未显示 考试开始=未显示 任务=未显示 -> https://mooc1-1.chaoxing.com/visit/stucoursemiddle?courseid=255569898&clazzid=129398240&vc=1&cpi=499280377
2026-07-08 16:28:30 INFO 课程: 计算机辅助制图 | courseId=255944571 开始=2025年09月20日 截止=2025年09月20日 考试=未显示 考试开始=未显示 任务=未显示 -> https://mooc1-1.chaoxing.com/visit/stucoursemiddle?courseid=255944571&clazzid=129283469&vc=1&cpi=499280377
2026-07-08 16:28:30 INFO 课程: 退课 | courseId=255805119 开始=未显示 截止=未显示 考试=未显示 考试开始=未显示 任务=未显示 -> https://mooc1-1.chaoxing.com/visit/stucoursemiddle?courseid=255805119&clazzid=128935755&vc=1&cpi=499280377
2026-07-08 16:28:30 INFO 课程: 25级《毛泽东思想和中国特色社会主义理论体系概论》课程 | courseId=255805119 开始=未显示 截止=未显示 考试=未显示 考试开始=未显示 任务=未显示 -> https://mooc1-1.chaoxing.com/visit/stucoursemiddle?courseid=255805119&clazzid=128935755&vc=1&cpi=499280377
2026-07-08 16:28:30 INFO 课程: 音乐鉴赏 | courseId=255891077 开始=2025年09月19日 截止=2025年09月19日 考试=未显示 考试开始=未显示 任务=未显示 -> https://mooc1-1.chaoxing.com/visit/stucoursemiddle?courseid=255891077&clazzid=129146119&vc=1&cpi=499280377
2026-07-08 16:28:30 INFO 课程: 25专-劳动教育理论专题1 | courseId=255610757 开始=2025年09月18日 截止=2025年09月18日 考试=未显示 考试开始=未显示 任务=未显示 -> https://mooc1-1.chaoxing.com/visit/stucoursemiddle?courseid=255610757&clazzid=128972071&vc=1&cpi=499280377
2026-07-08 16:28:30 INFO 课程: 退课 | courseId=255800015 开始=未显示 截止=未显示 考试=未显示 考试开始=未显示 任务=未显示 -> https://mooc1-1.chaoxing.com/visit/stucoursemiddle?courseid=255800015&clazzid=128925401&vc=1&cpi=499280377
2026-07-08 16:28:30 INFO 课程: 思想道德与法治 | courseId=255800015 开始=未显示 截止=未显示 考试=未显示 考试开始=未显示 任务=未显示 -> https://mooc1-1.chaoxing.com/visit/stucoursemiddle?courseid=255800015&clazzid=128925401&vc=1&cpi=499280377
2026-07-08 16:28:30 INFO 课程: 已退课课程 | courseId=未显示 开始=未显示 截止=未显示 考试=未显示 考试开始=未显示 任务=未显示 -> https://mooc1-1.chaoxing.com/mooc-ans/visit/archivecourse/student
2026-07-08 16:28:30 INFO 课程: 已退课课程 | courseId=未显示 开始=未显示 截止=未显示 考试=未显示 考试开始=未显示 任务=未显示 -> https://mooc1-1.chaoxing.com/mooc-ans/visit/getdropclazzlist?backUrlType=1
2026-07-08 16:28:30 INFO 课程: （专科）劳动教育理论... | courseId=261372040 开始=未显示 截止=未显示 考试=未显示 考试开始=未显示 任务=未显示 -> https://mooc1-1.chaoxing.com/visit/stucoursemiddle?courseid=261372040&clazzid=149898881&vc=1&cpi=499280377
2026-07-08 16:28:30 INFO 课程: 西门子S7-1200/1500 PL... | courseId=261132991 开始=2026-03-06 截止=2026-03-06 考试=未显示 考试开始=未显示 任务=未显示 -> https://mooc1-1.chaoxing.com/visit/stucoursemiddle?courseid=261132991&clazzid=146353128&vc=1&cpi=499280377
2026-07-08 16:28:30 INFO 课程: 智能工程学院2026年春... | courseId=262289788 开始=未显示 截止=未显示 考试=未显示 考试开始=未显示 任务=未显示 -> https://mooc1-1.chaoxing.com/visit/stucoursemiddle?courseid=262289788&clazzid=143963957&vc=1&cpi=499280377
2026-07-08 16:28:30 INFO 课程: 西门子S7-1200/1500 PL... | courseId=250700884 开始=2025-02-28 截止=2025-02-28 考试=未显示 考试开始=未显示 任务=未显示 -> https://mooc1-1.chaoxing.com/visit/stucoursemiddle?courseid=250700884&clazzid=143607551&vc=1&cpi=499280377
2026-07-08 16:28:30 INFO 课程: 走进东盟——国家在线... | courseId=261788024 开始=未显示 截止=未显示 考试=未显示 考试开始=未显示 任务=未显示 -> https://mooc1-1.chaoxing.com/visit/stucoursemiddle?courseid=261788024&clazzid=142686103&vc=1&cpi=499280377
2026-07-08 16:28:30 INFO 课程: 2026春季学期《习近平... | courseId=261160493 开始=未显示 截止=未显示 考试=未显示 考试开始=未显示 任务=未显示 -> https://mooc1-1.chaoxing.com/visit/stucoursemiddle?courseid=261160493&clazzid=140979681&vc=1&cpi=499280377
2026-07-08 16:28:30 INFO 课程: 2025-2026学年第2学期 ... | courseId=260915153 开始=未显示 截止=未显示 考试=未显示 考试开始=未显示 任务=未显示 -> https://mooc1-1.chaoxing.com/visit/stucoursemiddle?courseid=260915153&clazzid=140633181&vc=1&cpi=499280377
2026-07-08 16:28:30 INFO 课程: （专科）劳动教育理论... | courseId=261372040 开始=2026年03月09日 截止=2026年03月09日 考试=未显示 考试开始=未显示 任务=未显示 -> https://mooc1-1.chaoxing.com/visit/stucoursemiddle?courseid=261372040&clazzid=141609571&vc=1&cpi=499280377
2026-07-08 16:28:30 INFO 课程: 形势与政策（2025年秋... | courseId=256566674 开始=未显示 截止=未显示 考试=未显示 考试开始=未显示 任务=未显示 -> https://mooc1-1.chaoxing.com/visit/stucoursemiddle?courseid=256566674&clazzid=137759477&vc=1&cpi=499280377
2026-07-08 16:28:30 INFO 课程: 蒋培培 | courseId=258892264 开始=未显示 截止=未显示 考试=有考试 考试开始=未显示 任务=未显示 -> https://mooc1-1.chaoxing.com/visit/stucoursemiddle?courseid=258892264&clazzid=137482065&vc=1&cpi=499280377
2026-07-08 16:28:30 INFO 课程: 工程自动算量软件应用... | courseId=258391259 开始=未显示 截止=未显示 考试=未显示 考试开始=未显示 任务=未显示 -> https://mooc1-1.chaoxing.com/visit/stucoursemiddle?courseid=258391259&clazzid=134755702&vc=1&cpi=499280377
2026-07-08 16:28:30 INFO 课程: 25级-公共卫生安全教育... | courseId=255929700 开始=未显示 截止=未显示 考试=未显示 考试开始=未显示 任务=未显示 -> https://mooc1-1.chaoxing.com/visit/stucoursemiddle?courseid=255929700&clazzid=131781469&vc=1&cpi=499280377
2026-07-08 16:28:30 INFO 课程: 【开学第一课】--2025... | courseId=256458596 开始=未显示 截止=未显示 考试=未显示 考试开始=未显示 任务=未显示 -> https://mooc1-1.chaoxing.com/visit/stucoursemiddle?courseid=256458596&clazzid=131675408&vc=1&cpi=499280377
2026-07-08 16:28:30 INFO 课程: （兼课）2025级大学生... | courseId=255186706 开始=2024-08-20 截止=2024-08-20 考试=未显示 考试开始=未显示 任务=未显示 -> https://mooc1-1.chaoxing.com/visit/stucoursemiddle?courseid=255186706&clazzid=131246782&vc=1&cpi=499280377
2026-07-08 16:28:30 INFO 课程: 新编实用英语1(第五版)... | courseId=255025290 开始=未显示 截止=未显示 考试=未显示 考试开始=未显示 任务=未显示 -> https://mooc1-1.chaoxing.com/visit/stucoursemiddle?courseid=255025290&clazzid=129327167&vc=1&cpi=499280377
2026-07-08 16:28:30 INFO 课程: 25级（本科 专科）《公... | courseId=255569898 开始=未显示 截止=未显示 考试=未显示 考试开始=未显示 任务=未显示 -> https://mooc1-1.chaoxing.com/visit/stucoursemiddle?courseid=255569898&clazzid=129398240&vc=1&cpi=499280377
2026-07-08 16:28:30 INFO 课程: 25级《毛泽东思想和中... | courseId=255805119 开始=未显示 截止=未显示 考试=未显示 考试开始=未显示 任务=未显示 -> https://mooc1-1.chaoxing.com/visit/stucoursemiddle?courseid=255805119&clazzid=128935755&vc=1&cpi=499280377
2026-07-08 16:29:58 INFO 收到停止任务请求
2026-07-08 16:29:58 INFO 关闭浏览器资源
2026-07-08 16:29:59 INFO 启动浏览器，headless=False
2026-07-08 16:30:00 INFO 加载登录状态: E:\github\wk_python\chaoxing_auto\auth.json
2026-07-08 16:30:00 INFO 已创建新页面
2026-07-08 16:30:00 INFO 打开登录页: https://passport2.chaoxing.com/login
2026-07-08 16:30:09 INFO 已输入用户名
2026-07-08 16:30:09 INFO 已输入密码
2026-07-08 16:30:09 INFO 点击登录按钮
2026-07-08 16:30:14 INFO 登录成功
2026-07-08 16:30:15 INFO 登录状态已保存: E:\github\wk_python\chaoxing_auto\auth.json
2026-07-08 16:30:15 INFO 打开课程列表页: https://mooc1-1.chaoxing.com/visit/courses
2026-07-08 16:30:16 INFO 获取课程数量: 86
2026-07-08 16:30:16 INFO 课程: 退课 | courseId=261372040 开始=未显示 截止=未显示 考试=未显示 考试开始=未显示 任务=未显示 -> https://mooc1-1.chaoxing.com/visit/stucoursemiddle?courseid=261372040&clazzid=149898881&vc=1&cpi=499280377
2026-07-08 16:30:16 INFO 课程: （专科）劳动教育理论专题2 | courseId=261372040 开始=未显示 截止=未显示 考试=未显示 考试开始=未显示 任务=未显示 -> https://mooc1-1.chaoxing.com/visit/stucoursemiddle?courseid=261372040&clazzid=149898881&vc=1&cpi=499280377
2026-07-08 16:30:16 INFO 课程: 退课 | courseId=264714884 开始=未显示 截止=未显示 考试=未显示 考试开始=未显示 任务=未显示 -> https://mooc1-1.chaoxing.com/visit/stucoursemiddle?courseid=264714884&clazzid=149133116&vc=1&cpi=499280377
2026-07-08 16:30:16 INFO 课程: 25专形势与政策 | courseId=264714884 开始=未显示 截止=未显示 考试=未显示 考试开始=未显示 任务=未显示 -> https://mooc1-1.chaoxing.com/visit/stucoursemiddle?courseid=264714884&clazzid=149133116&vc=1&cpi=499280377
2026-07-08 16:30:16 INFO 课程: 退课 | courseId=264331818 开始=未显示 截止=未显示 考试=未显示 考试开始=未显示 任务=未显示 -> https://mooc1-1.chaoxing.com/visit/stucoursemiddle?courseid=264331818&clazzid=148346198&vc=1&cpi=499280377
2026-07-08 16:30:16 INFO 课程: 26年春季学期2025级专... | courseId=264331818 开始=未显示 截止=未显示 考试=未显示 考试开始=未显示 任务=未显示 -> https://mooc1-1.chaoxing.com/visit/stucoursemiddle?courseid=264331818&clazzid=148346198&vc=1&cpi=499280377
2026-07-08 16:30:16 INFO 课程: 退课 | courseId=261132991 开始=未显示 截止=未显示 考试=未显示 考试开始=未显示 任务=未显示 -> https://mooc1-1.chaoxing.com/visit/stucoursemiddle?courseid=261132991&clazzid=146353128&vc=1&cpi=499280377
2026-07-08 16:30:16 INFO 课程: 西门子S7-1200/1500 PLC项目化编程 第13期 | courseId=261132991 开始=未显示 截止=未显示 考试=未显示 考试开始=未显示 任务=未显示 -> https://mooc1-1.chaoxing.com/visit/stucoursemiddle?courseid=261132991&clazzid=146353128&vc=1&cpi=499280377
2026-07-08 16:30:16 INFO 课程: 思想政治理论课实践 | courseId=263363971 开始=2026年04月27日 截止=2026年04月27日 考试=未显示 考试开始=未显示 任务=未显示 -> https://mooc1-1.chaoxing.com/visit/stucoursemiddle?courseid=263363971&clazzid=146117167&vc=1&cpi=499280377
2026-07-08 16:30:16 INFO 课程: 退课 | courseId=244621915 开始=未显示 截止=未显示 考试=未显示 考试开始=未显示 任务=未显示 -> https://mooc1-1.chaoxing.com/visit/stucoursemiddle?courseid=244621915&clazzid=145923448&vc=1&cpi=499280377
2026-07-08 16:30:16 INFO 课程: 工业机器人基础操作与编程 | courseId=244621915 开始=未显示 截止=未显示 考试=未显示 考试开始=未显示 任务=未显示 -> https://mooc1-1.chaoxing.com/visit/stucoursemiddle?courseid=244621915&clazzid=145923448&vc=1&cpi=499280377
2026-07-08 16:30:16 INFO 课程: 退课 | courseId=262289788 开始=未显示 截止=未显示 考试=未显示 考试开始=未显示 任务=未显示 -> https://mooc1-1.chaoxing.com/visit/stucoursemiddle?courseid=262289788&clazzid=143963957&vc=1&cpi=499280377
2026-07-08 16:30:16 INFO 课程: 智能工程学院2026年春季学期反诈知识测试（1） | courseId=262289788 开始=未显示 截止=未显示 考试=未显示 考试开始=未显示 任务=未显示 -> https://mooc1-1.chaoxing.com/visit/stucoursemiddle?courseid=262289788&clazzid=143963957&vc=1&cpi=499280377
2026-07-08 16:30:16 INFO 课程: 大学生心理健康教育 | courseId=262194081 开始=2024-08-20 截止=2024-08-20 考试=未显示 考试开始=未显示 任务=未显示 -> https://mooc1-1.chaoxing.com/visit/stucoursemiddle?courseid=262194081&clazzid=143619998&vc=1&cpi=499280377
2026-07-08 16:30:16 INFO 课程: 退课 | courseId=250700884 开始=未显示 截止=未显示 考试=未显示 考试开始=未显示 任务=未显示 -> https://mooc1-1.chaoxing.com/visit/stucoursemiddle?courseid=250700884&clazzid=143607551&vc=1&cpi=499280377
2026-07-08 16:30:16 INFO 课程: 西门子S7-1200/1500 PLC项目化编程 第11期 | courseId=250700884 开始=未显示 截止=未显示 考试=未显示 考试开始=未显示 任务=未显示 -> https://mooc1-1.chaoxing.com/visit/stucoursemiddle?courseid=250700884&clazzid=143607551&vc=1&cpi=499280377
2026-07-08 16:30:16 INFO 课程: 退课 | courseId=262076514 开始=未显示 截止=未显示 考试=未显示 考试开始=未显示 任务=未显示 -> https://mooc1-1.chaoxing.com/visit/stucoursemiddle?courseid=262076514&clazzid=143364421&vc=1&cpi=499280377
2026-07-08 16:30:16 INFO 课程: 机械设计基础 | courseId=262076514 开始=未显示 截止=未显示 考试=未显示 考试开始=未显示 任务=未显示 -> https://mooc1-1.chaoxing.com/visit/stucoursemiddle?courseid=262076514&clazzid=143364421&vc=1&cpi=499280377
2026-07-08 16:30:16 INFO 课程: 退课 | courseId=261241647 开始=未显示 截止=未显示 考试=未显示 考试开始=未显示 任务=未显示 -> https://mooc1-1.chaoxing.com/visit/stucoursemiddle?courseid=261241647&clazzid=143226255&vc=1&cpi=499280377
2026-07-08 16:30:16 INFO 课程: 八桂文化 | courseId=261241647 开始=未显示 截止=未显示 考试=未显示 考试开始=未显示 任务=未显示 -> https://mooc1-1.chaoxing.com/visit/stucoursemiddle?courseid=261241647&clazzid=143226255&vc=1&cpi=499280377
2026-07-08 16:30:16 INFO 课程: 退课 | courseId=261788024 开始=未显示 截止=未显示 考试=未显示 考试开始=未显示 任务=未显示 -> https://mooc1-1.chaoxing.com/visit/stucoursemiddle?courseid=261788024&clazzid=142686103&vc=1&cpi=499280377
2026-07-08 16:30:16 INFO 课程: 走进东盟——国家在线精品课程 | courseId=261788024 开始=未显示 截止=未显示 考试=未显示 考试开始=未显示 任务=未显示 -> https://mooc1-1.chaoxing.com/visit/stucoursemiddle?courseid=261788024&clazzid=142686103&vc=1&cpi=499280377
2026-07-08 16:30:16 INFO 课程: 退课 | courseId=261160493 开始=未显示 截止=未显示 考试=未显示 考试开始=未显示 任务=未显示 -> https://mooc1-1.chaoxing.com/visit/stucoursemiddle?courseid=261160493&clazzid=140979681&vc=1&cpi=499280377
2026-07-08 16:30:16 INFO 课程: 2026春季学期《习近平新时代中国特色社会主义思想概论》 | courseId=261160493 开始=未显示 截止=未显示 考试=未显示 考试开始=未显示 任务=未显示 -> https://mooc1-1.chaoxing.com/visit/stucoursemiddle?courseid=261160493&clazzid=140979681&vc=1&cpi=499280377
2026-07-08 16:30:16 INFO 课程: AIGC生成式人工智能 | courseId=261231738 开始=未显示 截止=未显示 考试=未显示 考试开始=未显示 任务=未显示 -> https://mooc1-1.chaoxing.com/visit/stucoursemiddle?courseid=261231738&clazzid=142146475&vc=1&cpi=499280377
2026-07-08 16:30:16 INFO 课程: 退课 | courseId=241589943 开始=未显示 截止=未显示 考试=未显示 考试开始=未显示 任务=未显示 -> https://mooc1-1.chaoxing.com/visit/stucoursemiddle?courseid=241589943&clazzid=141899649&vc=1&cpi=499280377
2026-07-08 16:30:16 INFO 课程: 大学生创新创业基础 | courseId=241589943 开始=未显示 截止=未显示 考试=未显示 考试开始=未显示 任务=未显示 -> https://mooc1-1.chaoxing.com/visit/stucoursemiddle?courseid=241589943&clazzid=141899649&vc=1&cpi=499280377
2026-07-08 16:30:16 INFO 课程: 退课 | courseId=260915153 开始=未显示 截止=未显示 考试=未显示 考试开始=未显示 任务=未显示 -> https://mooc1-1.chaoxing.com/visit/stucoursemiddle?courseid=260915153&clazzid=140633181&vc=1&cpi=499280377
2026-07-08 16:30:16 INFO 课程: 2025-2026学年第2学期 高职英语2 A2 | courseId=260915153 开始=未显示 截止=未显示 考试=未显示 考试开始=未显示 任务=未显示 -> https://mooc1-1.chaoxing.com/visit/stucoursemiddle?courseid=260915153&clazzid=140633181&vc=1&cpi=499280377
2026-07-08 16:30:16 INFO 课程: （专科）劳动教育理论专题2 | courseId=261372040 开始=未显示 截止=未显示 考试=未显示 考试开始=未显示 任务=未显示 -> https://mooc1-1.chaoxing.com/visit/stucoursemiddle?courseid=261372040&clazzid=141609571&vc=1&cpi=499280377
2026-07-08 16:30:16 INFO 课程: 广西地方史 | courseId=261308517 开始=2026年03月08日 截止=2026年03月08日 考试=未显示 考试开始=未显示 任务=未显示 -> https://mooc1-1.chaoxing.com/visit/stucoursemiddle?courseid=261308517&clazzid=141412909&vc=1&cpi=499280377
2026-07-08 16:30:16 INFO 课程: 退课 | courseId=261046587 开始=未显示 截止=未显示 考试=未显示 考试开始=未显示 任务=未显示 -> https://mooc1-1.chaoxing.com/visit/stucoursemiddle?courseid=261046587&clazzid=140664612&vc=1&cpi=499280377
2026-07-08 16:30:16 INFO 课程: 电机及电气控制技术 | courseId=261046587 开始=未显示 截止=未显示 考试=未显示 考试开始=未显示 任务=未显示 -> https://mooc1-1.chaoxing.com/visit/stucoursemiddle?courseid=261046587&clazzid=140664612&vc=1&cpi=499280377
2026-07-08 16:30:16 INFO 课程: 退课 | courseId=259922885 开始=未显示 截止=未显示 考试=未显示 考试开始=未显示 任务=未显示 -> https://mooc1-1.chaoxing.com/visit/stucoursemiddle?courseid=259922885&clazzid=138236842&vc=1&cpi=499280377
2026-07-08 16:30:16 INFO 课程: 25年秋《思想道德与法... | courseId=259922885 开始=未显示 截止=未显示 考试=未显示 考试开始=未显示 任务=未显示 -> https://mooc1-1.chaoxing.com/visit/stucoursemiddle?courseid=259922885&clazzid=138236842&vc=1&cpi=499280377
2026-07-08 16:30:16 INFO 课程: 退课 | courseId=256566674 开始=未显示 截止=未显示 考试=未显示 考试开始=未显示 任务=未显示 -> https://mooc1-1.chaoxing.com/visit/stucoursemiddle?courseid=256566674&clazzid=137759477&vc=1&cpi=499280377
2026-07-08 16:30:16 INFO 课程: 形势与政策（2025年秋季学期） | courseId=256566674 开始=未显示 截止=未显示 考试=未显示 考试开始=未显示 任务=未显示 -> https://mooc1-1.chaoxing.com/visit/stucoursemiddle?courseid=256566674&clazzid=137759477&vc=1&cpi=499280377
2026-07-08 16:30:16 INFO 课程: 2025年秋季学期考试平台 | courseId=258892264 开始=未显示 截止=未显示 考试=有考试 考试开始=未显示 任务=未显示 -> https://mooc1-1.chaoxing.com/visit/stucoursemiddle?courseid=258892264&clazzid=137482065&vc=1&cpi=499280377
2026-07-08 16:30:16 INFO 课程: 工程自动算量软件应用（广联达GTJ版） | courseId=258391259 开始=未显示 截止=未显示 考试=未显示 考试开始=未显示 任务=未显示 -> https://mooc1-1.chaoxing.com/visit/stucoursemiddle?courseid=258391259&clazzid=134755702&vc=1&cpi=499280377
2026-07-08 16:30:16 INFO 课程: 退课 | courseId=255569896 开始=未显示 截止=未显示 考试=未显示 考试开始=未显示 任务=未显示 -> https://mooc1-1.chaoxing.com/visit/stucoursemiddle?courseid=255569896&clazzid=135931133&vc=1&cpi=499280377
2026-07-08 16:30:16 INFO 课程: 国家安全教育（2025秋） | courseId=255569896 开始=未显示 截止=未显示 考试=未显示 考试开始=未显示 任务=未显示 -> https://mooc1-1.chaoxing.com/visit/stucoursemiddle?courseid=255569896&clazzid=135931133&vc=1&cpi=499280377
2026-07-08 16:30:16 INFO 课程: 退课 | courseId=258241155 开始=未显示 截止=未显示 考试=未显示 考试开始=未显示 任务=未显示 -> https://mooc1-1.chaoxing.com/visit/stucoursemiddle?courseid=258241155&clazzid=135508649&vc=1&cpi=499280377
2026-07-08 16:30:16 INFO 课程: 应用数学 | courseId=258241155 开始=未显示 截止=未显示 考试=未显示 考试开始=未显示 任务=未显示 -> https://mooc1-1.chaoxing.com/visit/stucoursemiddle?courseid=258241155&clazzid=135508649&vc=1&cpi=499280377
2026-07-08 16:30:16 INFO 课程: 退课 | courseId=215823414 开始=未显示 截止=未显示 考试=未显示 考试开始=未显示 任务=未显示 -> https://mooc1-1.chaoxing.com/visit/stucoursemiddle?courseid=215823414&clazzid=134070780&vc=1&cpi=499280377
2026-07-08 16:30:16 INFO 课程: 信息技术应用基础 | courseId=215823414 开始=未显示 截止=未显示 考试=未显示 考试开始=未显示 任务=未显示 -> https://mooc1-1.chaoxing.com/visit/stucoursemiddle?courseid=215823414&clazzid=134070780&vc=1&cpi=499280377
2026-07-08 16:30:16 INFO 课程: 退课 | courseId=255929700 开始=未显示 截止=未显示 考试=未显示 考试开始=未显示 任务=未显示 -> https://mooc1-1.chaoxing.com/visit/stucoursemiddle?courseid=255929700&clazzid=131781469&vc=1&cpi=499280377
2026-07-08 16:30:16 INFO 课程: 25级-公共卫生安全教育（基地实操） | courseId=255929700 开始=未显示 截止=未显示 考试=未显示 考试开始=未显示 任务=未显示 -> https://mooc1-1.chaoxing.com/visit/stucoursemiddle?courseid=255929700&clazzid=131781469&vc=1&cpi=499280377
2026-07-08 16:30:16 INFO 课程: 退课 | courseId=214618155 开始=未显示 截止=未显示 考试=未显示 考试开始=未显示 任务=未显示 -> https://mooc1-1.chaoxing.com/visit/stucoursemiddle?courseid=214618155&clazzid=131773196&vc=1&cpi=499280377
2026-07-08 16:30:16 INFO 课程: 普通电工技术 | courseId=214618155 开始=未显示 截止=未显示 考试=未显示 考试开始=未显示 任务=未显示 -> https://mooc1-1.chaoxing.com/visit/stucoursemiddle?courseid=214618155&clazzid=131773196&vc=1&cpi=499280377
2026-07-08 16:30:16 INFO 课程: 退课 | courseId=256458596 开始=未显示 截止=未显示 考试=未显示 考试开始=未显示 任务=未显示 -> https://mooc1-1.chaoxing.com/visit/stucoursemiddle?courseid=256458596&clazzid=131675408&vc=1&cpi=499280377
2026-07-08 16:30:16 INFO 课程: 【开学第一课】--2025年秋季学期 | courseId=256458596 开始=未显示 截止=未显示 考试=未显示 考试开始=未显示 任务=未显示 -> https://mooc1-1.chaoxing.com/visit/stucoursemiddle?courseid=256458596&clazzid=131675408&vc=1&cpi=499280377
2026-07-08 16:30:16 INFO 课程: （兼课）2025级大学生心理健康教育 | courseId=255186706 开始=未显示 截止=未显示 考试=未显示 考试开始=未显示 任务=未显示 -> https://mooc1-1.chaoxing.com/visit/stucoursemiddle?courseid=255186706&clazzid=131246782&vc=1&cpi=499280377
2026-07-08 16:30:16 INFO 课程: 《军事理论》（2025级） | courseId=256649888 开始=未显示 截止=未显示 考试=未显示 考试开始=未显示 任务=未显示 -> https://mooc1-1.chaoxing.com/visit/stucoursemiddle?courseid=256649888&clazzid=131000568&vc=1&cpi=499280377
2026-07-08 16:30:16 INFO 课程: 退课 | courseId=255386225 开始=未显示 截止=未显示 考试=未显示 考试开始=未显示 任务=未显示 -> https://mooc1-1.chaoxing.com/visit/stucoursemiddle?courseid=255386225&clazzid=127858461&vc=1&cpi=499280377
2026-07-08 16:30:16 INFO 课程: 机械制图 | courseId=255386225 开始=未显示 截止=未显示 考试=未显示 考试开始=未显示 任务=未显示 -> https://mooc1-1.chaoxing.com/visit/stucoursemiddle?courseid=255386225&clazzid=127858461&vc=1&cpi=499280377
2026-07-08 16:30:16 INFO 课程: 退课 | courseId=255025290 开始=未显示 截止=未显示 考试=未显示 考试开始=未显示 任务=未显示 -> https://mooc1-1.chaoxing.com/visit/stucoursemiddle?courseid=255025290&clazzid=129327167&vc=1&cpi=499280377
2026-07-08 16:30:16 INFO 课程: 新编实用英语1(第五版)-25级上 | courseId=255025290 开始=未显示 截止=未显示 考试=未显示 考试开始=未显示 任务=未显示 -> https://mooc1-1.chaoxing.com/visit/stucoursemiddle?courseid=255025290&clazzid=129327167&vc=1&cpi=499280377
2026-07-08 16:30:16 INFO 课程: 2025秋线下活动 | courseId=255995969 开始=未显示 截止=未显示 考试=未显示 考试开始=未显示 任务=未显示 -> https://mooc1-1.chaoxing.com/visit/stucoursemiddle?courseid=255995969&clazzid=129447325&vc=1&cpi=499280377
2026-07-08 16:30:16 INFO 课程: 国家安全教育（2025秋） | courseId=255569896 开始=未显示 截止=未显示 考试=未显示 考试开始=未显示 任务=未显示 -> https://mooc1-1.chaoxing.com/visit/stucoursemiddle?courseid=255569896&clazzid=129398249&vc=1&cpi=499280377
2026-07-08 16:30:16 INFO 课程: 25级（本科 专科）《公共卫生安全教育》理论（2025秋） | courseId=255569898 开始=未显示 截止=未显示 考试=未显示 考试开始=未显示 任务=未显示 -> https://mooc1-1.chaoxing.com/visit/stucoursemiddle?courseid=255569898&clazzid=129398240&vc=1&cpi=499280377
2026-07-08 16:30:16 INFO 课程: 计算机辅助制图 | courseId=255944571 开始=2025年09月20日 截止=2025年09月20日 考试=未显示 考试开始=未显示 任务=未显示 -> https://mooc1-1.chaoxing.com/visit/stucoursemiddle?courseid=255944571&clazzid=129283469&vc=1&cpi=499280377
2026-07-08 16:30:16 INFO 课程: 退课 | courseId=255805119 开始=未显示 截止=未显示 考试=未显示 考试开始=未显示 任务=未显示 -> https://mooc1-1.chaoxing.com/visit/stucoursemiddle?courseid=255805119&clazzid=128935755&vc=1&cpi=499280377
2026-07-08 16:30:16 INFO 课程: 25级《毛泽东思想和中国特色社会主义理论体系概论》课程 | courseId=255805119 开始=未显示 截止=未显示 考试=未显示 考试开始=未显示 任务=未显示 -> https://mooc1-1.chaoxing.com/visit/stucoursemiddle?courseid=255805119&clazzid=128935755&vc=1&cpi=499280377
2026-07-08 16:30:16 INFO 课程: 音乐鉴赏 | courseId=255891077 开始=2025年09月19日 截止=2025年09月19日 考试=未显示 考试开始=未显示 任务=未显示 -> https://mooc1-1.chaoxing.com/visit/stucoursemiddle?courseid=255891077&clazzid=129146119&vc=1&cpi=499280377
2026-07-08 16:30:16 INFO 课程: 25专-劳动教育理论专题1 | courseId=255610757 开始=2025年09月18日 截止=2025年09月18日 考试=未显示 考试开始=未显示 任务=未显示 -> https://mooc1-1.chaoxing.com/visit/stucoursemiddle?courseid=255610757&clazzid=128972071&vc=1&cpi=499280377
2026-07-08 16:30:16 INFO 课程: 退课 | courseId=255800015 开始=未显示 截止=未显示 考试=未显示 考试开始=未显示 任务=未显示 -> https://mooc1-1.chaoxing.com/visit/stucoursemiddle?courseid=255800015&clazzid=128925401&vc=1&cpi=499280377
2026-07-08 16:30:16 INFO 课程: 思想道德与法治 | courseId=255800015 开始=未显示 截止=未显示 考试=未显示 考试开始=未显示 任务=未显示 -> https://mooc1-1.chaoxing.com/visit/stucoursemiddle?courseid=255800015&clazzid=128925401&vc=1&cpi=499280377
2026-07-08 16:30:16 INFO 课程: 已退课课程 | courseId=未显示 开始=未显示 截止=未显示 考试=未显示 考试开始=未显示 任务=未显示 -> https://mooc1-1.chaoxing.com/mooc-ans/visit/archivecourse/student
2026-07-08 16:30:16 INFO 课程: 已退课课程 | courseId=未显示 开始=未显示 截止=未显示 考试=未显示 考试开始=未显示 任务=未显示 -> https://mooc1-1.chaoxing.com/mooc-ans/visit/getdropclazzlist?backUrlType=1
2026-07-08 16:30:16 INFO 课程: （专科）劳动教育理论... | courseId=261372040 开始=未显示 截止=未显示 考试=未显示 考试开始=未显示 任务=未显示 -> https://mooc1-1.chaoxing.com/visit/stucoursemiddle?courseid=261372040&clazzid=149898881&vc=1&cpi=499280377
2026-07-08 16:30:16 INFO 课程: 西门子S7-1200/1500 PL... | courseId=261132991 开始=2026-03-06 截止=2026-03-06 考试=未显示 考试开始=未显示 任务=未显示 -> https://mooc1-1.chaoxing.com/visit/stucoursemiddle?courseid=261132991&clazzid=146353128&vc=1&cpi=499280377
2026-07-08 16:30:16 INFO 课程: 智能工程学院2026年春... | courseId=262289788 开始=未显示 截止=未显示 考试=未显示 考试开始=未显示 任务=未显示 -> https://mooc1-1.chaoxing.com/visit/stucoursemiddle?courseid=262289788&clazzid=143963957&vc=1&cpi=499280377
2026-07-08 16:30:16 INFO 课程: 西门子S7-1200/1500 PL... | courseId=250700884 开始=2025-02-28 截止=2025-02-28 考试=未显示 考试开始=未显示 任务=未显示 -> https://mooc1-1.chaoxing.com/visit/stucoursemiddle?courseid=250700884&clazzid=143607551&vc=1&cpi=499280377
2026-07-08 16:30:16 INFO 课程: 走进东盟——国家在线... | courseId=261788024 开始=未显示 截止=未显示 考试=未显示 考试开始=未显示 任务=未显示 -> https://mooc1-1.chaoxing.com/visit/stucoursemiddle?courseid=261788024&clazzid=142686103&vc=1&cpi=499280377
2026-07-08 16:30:16 INFO 课程: 2026春季学期《习近平... | courseId=261160493 开始=未显示 截止=未显示 考试=未显示 考试开始=未显示 任务=未显示 -> https://mooc1-1.chaoxing.com/visit/stucoursemiddle?courseid=261160493&clazzid=140979681&vc=1&cpi=499280377
2026-07-08 16:30:16 INFO 课程: 2025-2026学年第2学期 ... | courseId=260915153 开始=未显示 截止=未显示 考试=未显示 考试开始=未显示 任务=未显示 -> https://mooc1-1.chaoxing.com/visit/stucoursemiddle?courseid=260915153&clazzid=140633181&vc=1&cpi=499280377
2026-07-08 16:30:16 INFO 课程: （专科）劳动教育理论... | courseId=261372040 开始=2026年03月09日 截止=2026年03月09日 考试=未显示 考试开始=未显示 任务=未显示 -> https://mooc1-1.chaoxing.com/visit/stucoursemiddle?courseid=261372040&clazzid=141609571&vc=1&cpi=499280377
2026-07-08 16:30:16 INFO 课程: 形势与政策（2025年秋... | courseId=256566674 开始=未显示 截止=未显示 考试=未显示 考试开始=未显示 任务=未显示 -> https://mooc1-1.chaoxing.com/visit/stucoursemiddle?courseid=256566674&clazzid=137759477&vc=1&cpi=499280377
2026-07-08 16:30:16 INFO 课程: 蒋培培 | courseId=258892264 开始=未显示 截止=未显示 考试=有考试 考试开始=未显示 任务=未显示 -> https://mooc1-1.chaoxing.com/visit/stucoursemiddle?courseid=258892264&clazzid=137482065&vc=1&cpi=499280377
2026-07-08 16:30:16 INFO 课程: 工程自动算量软件应用... | courseId=258391259 开始=未显示 截止=未显示 考试=未显示 考试开始=未显示 任务=未显示 -> https://mooc1-1.chaoxing.com/visit/stucoursemiddle?courseid=258391259&clazzid=134755702&vc=1&cpi=499280377
2026-07-08 16:30:16 INFO 课程: 25级-公共卫生安全教育... | courseId=255929700 开始=未显示 截止=未显示 考试=未显示 考试开始=未显示 任务=未显示 -> https://mooc1-1.chaoxing.com/visit/stucoursemiddle?courseid=255929700&clazzid=131781469&vc=1&cpi=499280377
2026-07-08 16:30:16 INFO 课程: 【开学第一课】--2025... | courseId=256458596 开始=未显示 截止=未显示 考试=未显示 考试开始=未显示 任务=未显示 -> https://mooc1-1.chaoxing.com/visit/stucoursemiddle?courseid=256458596&clazzid=131675408&vc=1&cpi=499280377
2026-07-08 16:30:16 INFO 课程: （兼课）2025级大学生... | courseId=255186706 开始=2024-08-20 截止=2024-08-20 考试=未显示 考试开始=未显示 任务=未显示 -> https://mooc1-1.chaoxing.com/visit/stucoursemiddle?courseid=255186706&clazzid=131246782&vc=1&cpi=499280377
2026-07-08 16:30:16 INFO 课程: 新编实用英语1(第五版)... | courseId=255025290 开始=未显示 截止=未显示 考试=未显示 考试开始=未显示 任务=未显示 -> https://mooc1-1.chaoxing.com/visit/stucoursemiddle?courseid=255025290&clazzid=129327167&vc=1&cpi=499280377
2026-07-08 16:30:16 INFO 课程: 25级（本科 专科）《公... | courseId=255569898 开始=未显示 截止=未显示 考试=未显示 考试开始=未显示 任务=未显示 -> https://mooc1-1.chaoxing.com/visit/stucoursemiddle?courseid=255569898&clazzid=129398240&vc=1&cpi=499280377
2026-07-08 16:30:16 INFO 课程: 25级《毛泽东思想和中... | courseId=255805119 开始=未显示 截止=未显示 考试=未显示 考试开始=未显示 任务=未显示 -> https://mooc1-1.chaoxing.com/visit/stucoursemiddle?courseid=255805119&clazzid=128935755&vc=1&cpi=499280377
2026-07-08 16:30:23 INFO 收到停止任务请求
2026-07-08 16:30:23 INFO 关闭浏览器资源
2026-07-08 16:30:34 INFO 启动浏览器，headless=False
2026-07-08 16:30:35 INFO 加载登录状态: E:\github\wk_python\chaoxing_auto\auth.json
2026-07-08 16:30:35 INFO 已创建新页面
2026-07-08 16:30:35 INFO 打开登录页: https://passport2.chaoxing.com/login
2026-07-08 16:30:43 INFO 已输入用户名
2026-07-08 16:30:43 INFO 已输入密码
2026-07-08 16:30:43 INFO 点击登录按钮
2026-07-08 16:30:49 INFO 登录成功
2026-07-08 16:30:49 INFO 登录状态已保存: E:\github\wk_python\chaoxing_auto\auth.json
2026-07-08 16:30:49 INFO 打开课程列表页: https://mooc1-1.chaoxing.com/visit/courses
2026-07-08 16:30:51 INFO 获取课程数量: 59
2026-07-08 16:30:51 INFO 课程: （专科）劳动教育理论专题2 | courseId=261372040 开始=未显示 截止=未显示 考试=未显示 考试开始=未显示 任务=未显示 -> https://mooc1-1.chaoxing.com/visit/stucoursemiddle?courseid=261372040&clazzid=149898881&vc=1&cpi=499280377
2026-07-08 16:30:51 INFO 课程: 25专形势与政策 | courseId=264714884 开始=未显示 截止=未显示 考试=未显示 考试开始=未显示 任务=未显示 -> https://mooc1-1.chaoxing.com/visit/stucoursemiddle?courseid=264714884&clazzid=149133116&vc=1&cpi=499280377
2026-07-08 16:30:51 INFO 课程: 26年春季学期2025级专... | courseId=264331818 开始=未显示 截止=未显示 考试=未显示 考试开始=未显示 任务=未显示 -> https://mooc1-1.chaoxing.com/visit/stucoursemiddle?courseid=264331818&clazzid=148346198&vc=1&cpi=499280377
2026-07-08 16:30:51 INFO 课程: 西门子S7-1200/1500 PLC项目化编程 第13期 | courseId=261132991 开始=未显示 截止=未显示 考试=未显示 考试开始=未显示 任务=未显示 -> https://mooc1-1.chaoxing.com/visit/stucoursemiddle?courseid=261132991&clazzid=146353128&vc=1&cpi=499280377
2026-07-08 16:30:51 INFO 课程: 思想政治理论课实践 | courseId=263363971 开始=2026年04月27日 截止=2026年04月27日 考试=未显示 考试开始=未显示 任务=未显示 -> https://mooc1-1.chaoxing.com/visit/stucoursemiddle?courseid=263363971&clazzid=146117167&vc=1&cpi=499280377
2026-07-08 16:30:51 INFO 课程: 工业机器人基础操作与编程 | courseId=244621915 开始=未显示 截止=未显示 考试=未显示 考试开始=未显示 任务=未显示 -> https://mooc1-1.chaoxing.com/visit/stucoursemiddle?courseid=244621915&clazzid=145923448&vc=1&cpi=499280377
2026-07-08 16:30:51 INFO 课程: 智能工程学院2026年春季学期反诈知识测试（1） | courseId=262289788 开始=未显示 截止=未显示 考试=未显示 考试开始=未显示 任务=未显示 -> https://mooc1-1.chaoxing.com/visit/stucoursemiddle?courseid=262289788&clazzid=143963957&vc=1&cpi=499280377
2026-07-08 16:30:51 INFO 课程: 大学生心理健康教育 | courseId=262194081 开始=2024-08-20 截止=2024-08-20 考试=未显示 考试开始=未显示 任务=未显示 -> https://mooc1-1.chaoxing.com/visit/stucoursemiddle?courseid=262194081&clazzid=143619998&vc=1&cpi=499280377
2026-07-08 16:30:51 INFO 课程: 西门子S7-1200/1500 PLC项目化编程 第11期 | courseId=250700884 开始=未显示 截止=未显示 考试=未显示 考试开始=未显示 任务=未显示 -> https://mooc1-1.chaoxing.com/visit/stucoursemiddle?courseid=250700884&clazzid=143607551&vc=1&cpi=499280377
2026-07-08 16:30:51 INFO 课程: 机械设计基础 | courseId=262076514 开始=未显示 截止=未显示 考试=未显示 考试开始=未显示 任务=未显示 -> https://mooc1-1.chaoxing.com/visit/stucoursemiddle?courseid=262076514&clazzid=143364421&vc=1&cpi=499280377
2026-07-08 16:30:51 INFO 课程: 八桂文化 | courseId=261241647 开始=未显示 截止=未显示 考试=未显示 考试开始=未显示 任务=未显示 -> https://mooc1-1.chaoxing.com/visit/stucoursemiddle?courseid=261241647&clazzid=143226255&vc=1&cpi=499280377
2026-07-08 16:30:51 INFO 课程: 走进东盟——国家在线精品课程 | courseId=261788024 开始=未显示 截止=未显示 考试=未显示 考试开始=未显示 任务=未显示 -> https://mooc1-1.chaoxing.com/visit/stucoursemiddle?courseid=261788024&clazzid=142686103&vc=1&cpi=499280377
2026-07-08 16:30:51 INFO 课程: 2026春季学期《习近平新时代中国特色社会主义思想概论》 | courseId=261160493 开始=未显示 截止=未显示 考试=未显示 考试开始=未显示 任务=未显示 -> https://mooc1-1.chaoxing.com/visit/stucoursemiddle?courseid=261160493&clazzid=140979681&vc=1&cpi=499280377
2026-07-08 16:30:51 INFO 课程: AIGC生成式人工智能 | courseId=261231738 开始=未显示 截止=未显示 考试=未显示 考试开始=未显示 任务=未显示 -> https://mooc1-1.chaoxing.com/visit/stucoursemiddle?courseid=261231738&clazzid=142146475&vc=1&cpi=499280377
2026-07-08 16:30:51 INFO 课程: 大学生创新创业基础 | courseId=241589943 开始=未显示 截止=未显示 考试=未显示 考试开始=未显示 任务=未显示 -> https://mooc1-1.chaoxing.com/visit/stucoursemiddle?courseid=241589943&clazzid=141899649&vc=1&cpi=499280377
2026-07-08 16:30:51 INFO 课程: 2025-2026学年第2学期 高职英语2 A2 | courseId=260915153 开始=未显示 截止=未显示 考试=未显示 考试开始=未显示 任务=未显示 -> https://mooc1-1.chaoxing.com/visit/stucoursemiddle?courseid=260915153&clazzid=140633181&vc=1&cpi=499280377
2026-07-08 16:30:51 INFO 课程: （专科）劳动教育理论专题2 | courseId=261372040 开始=未显示 截止=未显示 考试=未显示 考试开始=未显示 任务=未显示 -> https://mooc1-1.chaoxing.com/visit/stucoursemiddle?courseid=261372040&clazzid=141609571&vc=1&cpi=499280377
2026-07-08 16:30:51 INFO 课程: 广西地方史 | courseId=261308517 开始=2026年03月08日 截止=2026年03月08日 考试=未显示 考试开始=未显示 任务=未显示 -> https://mooc1-1.chaoxing.com/visit/stucoursemiddle?courseid=261308517&clazzid=141412909&vc=1&cpi=499280377
2026-07-08 16:30:51 INFO 课程: 电机及电气控制技术 | courseId=261046587 开始=未显示 截止=未显示 考试=未显示 考试开始=未显示 任务=未显示 -> https://mooc1-1.chaoxing.com/visit/stucoursemiddle?courseid=261046587&clazzid=140664612&vc=1&cpi=499280377
2026-07-08 16:30:51 INFO 课程: 25年秋《思想道德与法... | courseId=259922885 开始=未显示 截止=未显示 考试=未显示 考试开始=未显示 任务=未显示 -> https://mooc1-1.chaoxing.com/visit/stucoursemiddle?courseid=259922885&clazzid=138236842&vc=1&cpi=499280377
2026-07-08 16:30:51 INFO 课程: 形势与政策（2025年秋季学期） | courseId=256566674 开始=未显示 截止=未显示 考试=未显示 考试开始=未显示 任务=未显示 -> https://mooc1-1.chaoxing.com/visit/stucoursemiddle?courseid=256566674&clazzid=137759477&vc=1&cpi=499280377
2026-07-08 16:30:51 INFO 课程: 2025年秋季学期考试平台 | courseId=258892264 开始=未显示 截止=未显示 考试=有考试 考试开始=未显示 任务=未显示 -> https://mooc1-1.chaoxing.com/visit/stucoursemiddle?courseid=258892264&clazzid=137482065&vc=1&cpi=499280377
2026-07-08 16:30:51 INFO 课程: 工程自动算量软件应用（广联达GTJ版） | courseId=258391259 开始=未显示 截止=未显示 考试=未显示 考试开始=未显示 任务=未显示 -> https://mooc1-1.chaoxing.com/visit/stucoursemiddle?courseid=258391259&clazzid=134755702&vc=1&cpi=499280377
2026-07-08 16:30:51 INFO 课程: 国家安全教育（2025秋） | courseId=255569896 开始=未显示 截止=未显示 考试=未显示 考试开始=未显示 任务=未显示 -> https://mooc1-1.chaoxing.com/visit/stucoursemiddle?courseid=255569896&clazzid=135931133&vc=1&cpi=499280377
2026-07-08 16:30:51 INFO 课程: 应用数学 | courseId=258241155 开始=未显示 截止=未显示 考试=未显示 考试开始=未显示 任务=未显示 -> https://mooc1-1.chaoxing.com/visit/stucoursemiddle?courseid=258241155&clazzid=135508649&vc=1&cpi=499280377
2026-07-08 16:30:51 INFO 课程: 信息技术应用基础 | courseId=215823414 开始=未显示 截止=未显示 考试=未显示 考试开始=未显示 任务=未显示 -> https://mooc1-1.chaoxing.com/visit/stucoursemiddle?courseid=215823414&clazzid=134070780&vc=1&cpi=499280377
2026-07-08 16:30:51 INFO 课程: 25级-公共卫生安全教育（基地实操） | courseId=255929700 开始=未显示 截止=未显示 考试=未显示 考试开始=未显示 任务=未显示 -> https://mooc1-1.chaoxing.com/visit/stucoursemiddle?courseid=255929700&clazzid=131781469&vc=1&cpi=499280377
2026-07-08 16:30:51 INFO 课程: 普通电工技术 | courseId=214618155 开始=未显示 截止=未显示 考试=未显示 考试开始=未显示 任务=未显示 -> https://mooc1-1.chaoxing.com/visit/stucoursemiddle?courseid=214618155&clazzid=131773196&vc=1&cpi=499280377
2026-07-08 16:30:51 INFO 课程: 【开学第一课】--2025年秋季学期 | courseId=256458596 开始=未显示 截止=未显示 考试=未显示 考试开始=未显示 任务=未显示 -> https://mooc1-1.chaoxing.com/visit/stucoursemiddle?courseid=256458596&clazzid=131675408&vc=1&cpi=499280377
2026-07-08 16:30:51 INFO 课程: （兼课）2025级大学生心理健康教育 | courseId=255186706 开始=未显示 截止=未显示 考试=未显示 考试开始=未显示 任务=未显示 -> https://mooc1-1.chaoxing.com/visit/stucoursemiddle?courseid=255186706&clazzid=131246782&vc=1&cpi=499280377
2026-07-08 16:30:51 INFO 课程: 《军事理论》（2025级） | courseId=256649888 开始=未显示 截止=未显示 考试=未显示 考试开始=未显示 任务=未显示 -> https://mooc1-1.chaoxing.com/visit/stucoursemiddle?courseid=256649888&clazzid=131000568&vc=1&cpi=499280377
2026-07-08 16:30:51 INFO 课程: 机械制图 | courseId=255386225 开始=未显示 截止=未显示 考试=未显示 考试开始=未显示 任务=未显示 -> https://mooc1-1.chaoxing.com/visit/stucoursemiddle?courseid=255386225&clazzid=127858461&vc=1&cpi=499280377
2026-07-08 16:30:51 INFO 课程: 新编实用英语1(第五版)-25级上 | courseId=255025290 开始=未显示 截止=未显示 考试=未显示 考试开始=未显示 任务=未显示 -> https://mooc1-1.chaoxing.com/visit/stucoursemiddle?courseid=255025290&clazzid=129327167&vc=1&cpi=499280377
2026-07-08 16:30:51 INFO 课程: 2025秋线下活动 | courseId=255995969 开始=未显示 截止=未显示 考试=未显示 考试开始=未显示 任务=未显示 -> https://mooc1-1.chaoxing.com/visit/stucoursemiddle?courseid=255995969&clazzid=129447325&vc=1&cpi=499280377
2026-07-08 16:30:51 INFO 课程: 国家安全教育（2025秋） | courseId=255569896 开始=未显示 截止=未显示 考试=未显示 考试开始=未显示 任务=未显示 -> https://mooc1-1.chaoxing.com/visit/stucoursemiddle?courseid=255569896&clazzid=129398249&vc=1&cpi=499280377
2026-07-08 16:30:51 INFO 课程: 25级（本科 专科）《公共卫生安全教育》理论（2025秋） | courseId=255569898 开始=未显示 截止=未显示 考试=未显示 考试开始=未显示 任务=未显示 -> https://mooc1-1.chaoxing.com/visit/stucoursemiddle?courseid=255569898&clazzid=129398240&vc=1&cpi=499280377
2026-07-08 16:30:51 INFO 课程: 计算机辅助制图 | courseId=255944571 开始=2025年09月20日 截止=2025年09月20日 考试=未显示 考试开始=未显示 任务=未显示 -> https://mooc1-1.chaoxing.com/visit/stucoursemiddle?courseid=255944571&clazzid=129283469&vc=1&cpi=499280377
2026-07-08 16:30:51 INFO 课程: 25级《毛泽东思想和中国特色社会主义理论体系概论》课程 | courseId=255805119 开始=未显示 截止=未显示 考试=未显示 考试开始=未显示 任务=未显示 -> https://mooc1-1.chaoxing.com/visit/stucoursemiddle?courseid=255805119&clazzid=128935755&vc=1&cpi=499280377
2026-07-08 16:30:51 INFO 课程: 音乐鉴赏 | courseId=255891077 开始=2025年09月19日 截止=2025年09月19日 考试=未显示 考试开始=未显示 任务=未显示 -> https://mooc1-1.chaoxing.com/visit/stucoursemiddle?courseid=255891077&clazzid=129146119&vc=1&cpi=499280377
2026-07-08 16:30:51 INFO 课程: 25专-劳动教育理论专题1 | courseId=255610757 开始=2025年09月18日 截止=2025年09月18日 考试=未显示 考试开始=未显示 任务=未显示 -> https://mooc1-1.chaoxing.com/visit/stucoursemiddle?courseid=255610757&clazzid=128972071&vc=1&cpi=499280377
2026-07-08 16:30:51 INFO 课程: 思想道德与法治 | courseId=255800015 开始=未显示 截止=未显示 考试=未显示 考试开始=未显示 任务=未显示 -> https://mooc1-1.chaoxing.com/visit/stucoursemiddle?courseid=255800015&clazzid=128925401&vc=1&cpi=499280377
2026-07-08 16:30:51 INFO 课程: 已结束的课程 | courseId=未显示 开始=未显示 截止=未显示 考试=未显示 考试开始=未显示 任务=未显示 -> https://mooc1-1.chaoxing.com/mooc-ans/visit/archivecourse/student
2026-07-08 16:30:51 INFO 课程: （专科）劳动教育理论... | courseId=261372040 开始=未显示 截止=未显示 考试=未显示 考试开始=未显示 任务=未显示 -> https://mooc1-1.chaoxing.com/visit/stucoursemiddle?courseid=261372040&clazzid=149898881&vc=1&cpi=499280377
2026-07-08 16:30:51 INFO 课程: 西门子S7-1200/1500 PL... | courseId=261132991 开始=2026-03-06 截止=2026-03-06 考试=未显示 考试开始=未显示 任务=未显示 -> https://mooc1-1.chaoxing.com/visit/stucoursemiddle?courseid=261132991&clazzid=146353128&vc=1&cpi=499280377
2026-07-08 16:30:51 INFO 课程: 智能工程学院2026年春... | courseId=262289788 开始=未显示 截止=未显示 考试=未显示 考试开始=未显示 任务=未显示 -> https://mooc1-1.chaoxing.com/visit/stucoursemiddle?courseid=262289788&clazzid=143963957&vc=1&cpi=499280377
2026-07-08 16:30:51 INFO 课程: 西门子S7-1200/1500 PL... | courseId=250700884 开始=2025-02-28 截止=2025-02-28 考试=未显示 考试开始=未显示 任务=未显示 -> https://mooc1-1.chaoxing.com/visit/stucoursemiddle?courseid=250700884&clazzid=143607551&vc=1&cpi=499280377
2026-07-08 16:30:51 INFO 课程: 走进东盟——国家在线... | courseId=261788024 开始=未显示 截止=未显示 考试=未显示 考试开始=未显示 任务=未显示 -> https://mooc1-1.chaoxing.com/visit/stucoursemiddle?courseid=261788024&clazzid=142686103&vc=1&cpi=499280377
2026-07-08 16:30:51 INFO 课程: 2026春季学期《习近平... | courseId=261160493 开始=未显示 截止=未显示 考试=未显示 考试开始=未显示 任务=未显示 -> https://mooc1-1.chaoxing.com/visit/stucoursemiddle?courseid=261160493&clazzid=140979681&vc=1&cpi=499280377
2026-07-08 16:30:51 INFO 课程: 2025-2026学年第2学期 ... | courseId=260915153 开始=未显示 截止=未显示 考试=未显示 考试开始=未显示 任务=未显示 -> https://mooc1-1.chaoxing.com/visit/stucoursemiddle?courseid=260915153&clazzid=140633181&vc=1&cpi=499280377
2026-07-08 16:30:51 INFO 课程: （专科）劳动教育理论... | courseId=261372040 开始=2026年03月09日 截止=2026年03月09日 考试=未显示 考试开始=未显示 任务=未显示 -> https://mooc1-1.chaoxing.com/visit/stucoursemiddle?courseid=261372040&clazzid=141609571&vc=1&cpi=499280377
2026-07-08 16:30:51 INFO 课程: 形势与政策（2025年秋... | courseId=256566674 开始=未显示 截止=未显示 考试=未显示 考试开始=未显示 任务=未显示 -> https://mooc1-1.chaoxing.com/visit/stucoursemiddle?courseid=256566674&clazzid=137759477&vc=1&cpi=499280377
2026-07-08 16:30:51 INFO 课程: 蒋培培 | courseId=258892264 开始=未显示 截止=未显示 考试=有考试 考试开始=未显示 任务=未显示 -> https://mooc1-1.chaoxing.com/visit/stucoursemiddle?courseid=258892264&clazzid=137482065&vc=1&cpi=499280377
2026-07-08 16:30:51 INFO 课程: 工程自动算量软件应用... | courseId=258391259 开始=未显示 截止=未显示 考试=未显示 考试开始=未显示 任务=未显示 -> https://mooc1-1.chaoxing.com/visit/stucoursemiddle?courseid=258391259&clazzid=134755702&vc=1&cpi=499280377
2026-07-08 16:30:51 INFO 课程: 25级-公共卫生安全教育... | courseId=255929700 开始=未显示 截止=未显示 考试=未显示 考试开始=未显示 任务=未显示 -> https://mooc1-1.chaoxing.com/visit/stucoursemiddle?courseid=255929700&clazzid=131781469&vc=1&cpi=499280377
2026-07-08 16:30:51 INFO 课程: 【开学第一课】--2025... | courseId=256458596 开始=未显示 截止=未显示 考试=未显示 考试开始=未显示 任务=未显示 -> https://mooc1-1.chaoxing.com/visit/stucoursemiddle?courseid=256458596&clazzid=131675408&vc=1&cpi=499280377
2026-07-08 16:30:51 INFO 课程: （兼课）2025级大学生... | courseId=255186706 开始=2024-08-20 截止=2024-08-20 考试=未显示 考试开始=未显示 任务=未显示 -> https://mooc1-1.chaoxing.com/visit/stucoursemiddle?courseid=255186706&clazzid=131246782&vc=1&cpi=499280377
2026-07-08 16:30:51 INFO 课程: 新编实用英语1(第五版)... | courseId=255025290 开始=未显示 截止=未显示 考试=未显示 考试开始=未显示 任务=未显示 -> https://mooc1-1.chaoxing.com/visit/stucoursemiddle?courseid=255025290&clazzid=129327167&vc=1&cpi=499280377
2026-07-08 16:30:51 INFO 课程: 25级（本科 专科）《公... | courseId=255569898 开始=未显示 截止=未显示 考试=未显示 考试开始=未显示 任务=未显示 -> https://mooc1-1.chaoxing.com/visit/stucoursemiddle?courseid=255569898&clazzid=129398240&vc=1&cpi=499280377
2026-07-08 16:30:51 INFO 课程: 25级《毛泽东思想和中... | courseId=255805119 开始=未显示 截止=未显示 考试=未显示 考试开始=未显示 任务=未显示 -> https://mooc1-1.chaoxing.com/visit/stucoursemiddle?courseid=255805119&clazzid=128935755&vc=1&cpi=499280377
2026-07-08 16:31:19 INFO 进入选中课程: 大学生心理健康教育
2026-07-08 16:31:21 INFO 选中课程页面加载完成: https://mooc1-1.chaoxing.com/mooc-ans/mycourse/studentcourse?courseId=262194081&clazzid=143619998&cpi=499280377&enc=d0315e2f78bffd5ae8635d157a946a25&fromMiddle=1&vc=1
2026-07-08 16:31:21 INFO 当前课程: 大学生心理健康教育
2026-07-08 16:31:21 INFO 开始获取章节列表
2026-07-08 16:31:21 INFO 获取章节数量: 88
2026-07-08 16:31:21 INFO 章节: 1.1 认识心理健康和大学适应 -> https://mooc1-1.chaoxing.com/mooc-ans/mycourse/studentstudy?chapterId=1147674033&courseId=262194081&clazzid=143619998&enc=d0315e2f78bffd5ae8635d157a946a25
2026-07-08 16:31:21 INFO 章节: 1.2 知人者智 自知者明——自我意识 -> https://mooc1-1.chaoxing.com/mooc-ans/mycourse/studentstudy?chapterId=1147674034&courseId=262194081&clazzid=143619998&enc=d0315e2f78bffd5ae8635d157a946a25
2026-07-08 16:31:21 INFO 章节: 1.3 做情绪的舵手——情绪管理 -> https://mooc1-1.chaoxing.com/mooc-ans/mycourse/studentstudy?chapterId=1147674035&courseId=262194081&clazzid=143619998&enc=d0315e2f78bffd5ae8635d157a946a25
2026-07-08 16:31:21 INFO 章节: 1.4 心宽以和 善结人缘——人际关系 -> https://mooc1-1.chaoxing.com/mooc-ans/mycourse/studentstudy?chapterId=1147674037&courseId=262194081&clazzid=143619998&enc=d0315e2f78bffd5ae8635d157a946a25
2026-07-08 16:31:21 INFO 章节: 1.5 羞答答的玫瑰静悄悄地开——恋爱与性 -> https://mooc1-1.chaoxing.com/mooc-ans/mycourse/studentstudy?chapterId=1147674040&courseId=262194081&clazzid=143619998&enc=d0315e2f78bffd5ae8635d157a946a25
2026-07-08 16:31:21 INFO 章节: 1.6 让生命充满阳光——生命教育 -> https://mooc1-1.chaoxing.com/mooc-ans/mycourse/studentstudy?chapterId=1147674043&courseId=262194081&clazzid=143619998&enc=d0315e2f78bffd5ae8635d157a946a25
2026-07-08 16:31:21 INFO 章节: 2.1 兴趣与幸福 -> https://mooc1-1.chaoxing.com/mooc-ans/mycourse/studentstudy?chapterId=1147674019&courseId=262194081&clazzid=143619998&enc=d0315e2f78bffd5ae8635d157a946a25
2026-07-08 16:31:21 INFO 章节: 2.1.1 发现兴趣 增进幸福 -> https://mooc1-1.chaoxing.com/mooc-ans/mycourse/studentstudy?chapterId=1147674102&courseId=262194081&clazzid=143619998&enc=d0315e2f78bffd5ae8635d157a946a25
2026-07-08 16:31:21 INFO 章节: 2.1.2 展示努力 -> https://mooc1-1.chaoxing.com/mooc-ans/mycourse/studentstudy?chapterId=1147674103&courseId=262194081&clazzid=143619998&enc=d0315e2f78bffd5ae8635d157a946a25
2026-07-08 16:31:21 INFO 章节: 2.2 心理健康与创造力 -> https://mooc1-1.chaoxing.com/mooc-ans/mycourse/studentstudy?chapterId=1147674020&courseId=262194081&clazzid=143619998&enc=d0315e2f78bffd5ae8635d157a946a25
2026-07-08 16:31:21 INFO 章节: 2.2.1 我的生涯规划 -> https://mooc1-1.chaoxing.com/mooc-ans/mycourse/studentstudy?chapterId=1147674104&courseId=262194081&clazzid=143619998&enc=d0315e2f78bffd5ae8635d157a946a25
2026-07-08 16:31:21 INFO 章节: 2.2.2 我的创造力 -> https://mooc1-1.chaoxing.com/mooc-ans/mycourse/studentstudy?chapterId=1147674105&courseId=262194081&clazzid=143619998&enc=d0315e2f78bffd5ae8635d157a946a25
2026-07-08 16:31:21 INFO 章节: 2.2.3 健康与创造 -> https://mooc1-1.chaoxing.com/mooc-ans/mycourse/studentstudy?chapterId=1147674106&courseId=262194081&clazzid=143619998&enc=d0315e2f78bffd5ae8635d157a946a25
2026-07-08 16:31:21 INFO 章节: 2.3 章节测验 -> https://mooc1-1.chaoxing.com/mooc-ans/mycourse/studentstudy?chapterId=1147674025&courseId=262194081&clazzid=143619998&enc=d0315e2f78bffd5ae8635d157a946a25
2026-07-08 16:31:21 INFO 章节: 3.1 认识生命 -> https://mooc1-1.chaoxing.com/mooc-ans/mycourse/studentstudy?chapterId=1147674015&courseId=262194081&clazzid=143619998&enc=d0315e2f78bffd5ae8635d157a946a25
2026-07-08 16:31:21 INFO 章节: 3.1.1 什么是生命 -> https://mooc1-1.chaoxing.com/mooc-ans/mycourse/studentstudy?chapterId=1147674094&courseId=262194081&clazzid=143619998&enc=d0315e2f78bffd5ae8635d157a946a25
2026-07-08 16:31:21 INFO 章节: 3.1.2 生命与心理的发展阶段 -> https://mooc1-1.chaoxing.com/mooc-ans/mycourse/studentstudy?chapterId=1147674095&courseId=262194081&clazzid=143619998&enc=d0315e2f78bffd5ae8635d157a946a25
2026-07-08 16:31:21 INFO 章节: 3.2 感悟生命 -> https://mooc1-1.chaoxing.com/mooc-ans/mycourse/studentstudy?chapterId=1147674016&courseId=262194081&clazzid=143619998&enc=d0315e2f78bffd5ae8635d157a946a25
2026-07-08 16:31:21 INFO 章节: 3.2.1 生命的内涵和特征 -> https://mooc1-1.chaoxing.com/mooc-ans/mycourse/studentstudy?chapterId=1147674096&courseId=262194081&clazzid=143619998&enc=d0315e2f78bffd5ae8635d157a946a25
2026-07-08 16:31:21 INFO 章节: 3.2.2 感恩生活，勇于担当 -> https://mooc1-1.chaoxing.com/mooc-ans/mycourse/studentstudy?chapterId=1147674097&courseId=262194081&clazzid=143619998&enc=d0315e2f78bffd5ae8635d157a946a25
2026-07-08 16:31:21 INFO 章节: 3.3 珍爱生命 -> https://mooc1-1.chaoxing.com/mooc-ans/mycourse/studentstudy?chapterId=1147674017&courseId=262194081&clazzid=143619998&enc=d0315e2f78bffd5ae8635d157a946a25
2026-07-08 16:31:21 INFO 章节: 3.3.1 正确认识死亡 -> https://mooc1-1.chaoxing.com/mooc-ans/mycourse/studentstudy?chapterId=1147674098&courseId=262194081&clazzid=143619998&enc=d0315e2f78bffd5ae8635d157a946a25
2026-07-08 16:31:21 INFO 章节: 3.3.2 自杀的预防措施 -> https://mooc1-1.chaoxing.com/mooc-ans/mycourse/studentstudy?chapterId=1147674099&courseId=262194081&clazzid=143619998&enc=d0315e2f78bffd5ae8635d157a946a25
2026-07-08 16:31:21 INFO 章节: 3.4 实现价值 -> https://mooc1-1.chaoxing.com/mooc-ans/mycourse/studentstudy?chapterId=1147674018&courseId=262194081&clazzid=143619998&enc=d0315e2f78bffd5ae8635d157a946a25
2026-07-08 16:31:21 INFO 章节: 3.4.1 什么是生命价值 -> https://mooc1-1.chaoxing.com/mooc-ans/mycourse/studentstudy?chapterId=1147674100&courseId=262194081&clazzid=143619998&enc=d0315e2f78bffd5ae8635d157a946a25
2026-07-08 16:31:21 INFO 章节: 3.4.2 探索人生价值的实现 -> https://mooc1-1.chaoxing.com/mooc-ans/mycourse/studentstudy?chapterId=1147674101&courseId=262194081&clazzid=143619998&enc=d0315e2f78bffd5ae8635d157a946a25
2026-07-08 16:31:21 INFO 章节: 3.5 章节测验 -> https://mooc1-1.chaoxing.com/mooc-ans/mycourse/studentstudy?chapterId=1147674027&courseId=262194081&clazzid=143619998&enc=d0315e2f78bffd5ae8635d157a946a25
2026-07-08 16:31:21 INFO 章节: 4.1 建立关系 -> https://mooc1-1.chaoxing.com/mooc-ans/mycourse/studentstudy?chapterId=1147674007&courseId=262194081&clazzid=143619998&enc=d0315e2f78bffd5ae8635d157a946a25
2026-07-08 16:31:21 INFO 章节: 4.1.1 人际交往的含义 -> https://mooc1-1.chaoxing.com/mooc-ans/mycourse/studentstudy?chapterId=1147674072&courseId=262194081&clazzid=143619998&enc=d0315e2f78bffd5ae8635d157a946a25
2026-07-08 16:31:21 INFO 章节: 4.1.2 人际关系中的主要心理效应 -> https://mooc1-1.chaoxing.com/mooc-ans/mycourse/studentstudy?chapterId=1147674074&courseId=262194081&clazzid=143619998&enc=d0315e2f78bffd5ae8635d157a946a25
2026-07-08 16:31:21 INFO 章节: 4.1.3 人际交往的特点 -> https://mooc1-1.chaoxing.com/mooc-ans/mycourse/studentstudy?chapterId=1147674075&courseId=262194081&clazzid=143619998&enc=d0315e2f78bffd5ae8635d157a946a25
2026-07-08 16:31:21 INFO 章节: 4.2 平息冲突 -> https://mooc1-1.chaoxing.com/mooc-ans/mycourse/studentstudy?chapterId=1147674008&courseId=262194081&clazzid=143619998&enc=d0315e2f78bffd5ae8635d157a946a25
2026-07-08 16:31:21 INFO 章节: 4.2.1 大学生人际交往能力提升策略 -> https://mooc1-1.chaoxing.com/mooc-ans/mycourse/studentstudy?chapterId=1147674076&courseId=262194081&clazzid=143619998&enc=d0315e2f78bffd5ae8635d157a946a25
2026-07-08 16:31:21 INFO 章节: 4.2.2 非暴力沟通 -> https://mooc1-1.chaoxing.com/mooc-ans/mycourse/studentstudy?chapterId=1147674077&courseId=262194081&clazzid=143619998&enc=d0315e2f78bffd5ae8635d157a946a25
2026-07-08 16:31:21 INFO 章节: 4.3 保持亲密 -> https://mooc1-1.chaoxing.com/mooc-ans/mycourse/studentstudy?chapterId=1147674009&courseId=262194081&clazzid=143619998&enc=d0315e2f78bffd5ae8635d157a946a25
2026-07-08 16:31:21 INFO 章节: 4.3.1 大学生恋爱的心理特点 -> https://mooc1-1.chaoxing.com/mooc-ans/mycourse/studentstudy?chapterId=1147674078&courseId=262194081&clazzid=143619998&enc=d0315e2f78bffd5ae8635d157a946a25
2026-07-08 16:31:21 INFO 章节: 4.3.2 提升大学生爱的能力 -> https://mooc1-1.chaoxing.com/mooc-ans/mycourse/studentstudy?chapterId=1147674079&courseId=262194081&clazzid=143619998&enc=d0315e2f78bffd5ae8635d157a946a25
2026-07-08 16:31:21 INFO 章节: 4.3.3 大学生性行为及其调适 -> https://mooc1-1.chaoxing.com/mooc-ans/mycourse/studentstudy?chapterId=1147674080&courseId=262194081&clazzid=143619998&enc=d0315e2f78bffd5ae8635d157a946a25
2026-07-08 16:31:21 INFO 章节: 4.4 寻求支持 -> https://mooc1-1.chaoxing.com/mooc-ans/mycourse/studentstudy?chapterId=1147674010&courseId=262194081&clazzid=143619998&enc=d0315e2f78bffd5ae8635d157a946a25
2026-07-08 16:31:21 INFO 章节: 4.4.1 大学生的社会支持系统 -> https://mooc1-1.chaoxing.com/mooc-ans/mycourse/studentstudy?chapterId=1147674081&courseId=262194081&clazzid=143619998&enc=d0315e2f78bffd5ae8635d157a946a25
2026-07-08 16:31:21 INFO 章节: 4.4.2 提高社会支持利用度 -> https://mooc1-1.chaoxing.com/mooc-ans/mycourse/studentstudy?chapterId=1147674082&courseId=262194081&clazzid=143619998&enc=d0315e2f78bffd5ae8635d157a946a25
2026-07-08 16:31:21 INFO 章节: 4.5 章节测验 -> https://mooc1-1.chaoxing.com/mooc-ans/mycourse/studentstudy?chapterId=1147674029&courseId=262194081&clazzid=143619998&enc=d0315e2f78bffd5ae8635d157a946a25
2026-07-08 16:31:21 INFO 章节: 5.1 认识情绪 -> https://mooc1-1.chaoxing.com/mooc-ans/mycourse/studentstudy?chapterId=1147674003&courseId=262194081&clazzid=143619998&enc=d0315e2f78bffd5ae8635d157a946a25
2026-07-08 16:31:21 INFO 章节: 5.1.1 情绪的概述及类型 -> https://mooc1-1.chaoxing.com/mooc-ans/mycourse/studentstudy?chapterId=1147674045&courseId=262194081&clazzid=143619998&enc=d0315e2f78bffd5ae8635d157a946a25
2026-07-08 16:31:21 INFO 章节: 5.1.2 大学生的情绪特点及影响因素 -> https://mooc1-1.chaoxing.com/mooc-ans/mycourse/studentstudy?chapterId=1147674052&courseId=262194081&clazzid=143619998&enc=d0315e2f78bffd5ae8635d157a946a25
2026-07-08 16:31:21 INFO 章节: 5.1.3 情绪的作用 -> https://mooc1-1.chaoxing.com/mooc-ans/mycourse/studentstudy?chapterId=1147674053&courseId=262194081&clazzid=143619998&enc=d0315e2f78bffd5ae8635d157a946a25
2026-07-08 16:31:21 INFO 章节: 5.2 调节情绪 -> https://mooc1-1.chaoxing.com/mooc-ans/mycourse/studentstudy?chapterId=1147674004&courseId=262194081&clazzid=143619998&enc=d0315e2f78bffd5ae8635d157a946a25
2026-07-08 16:31:21 INFO 章节: 5.2.1 大学生常见的情绪问题 -> https://mooc1-1.chaoxing.com/mooc-ans/mycourse/studentstudy?chapterId=1147674054&courseId=262194081&clazzid=143619998&enc=d0315e2f78bffd5ae8635d157a946a25
2026-07-08 16:31:21 INFO 章节: 5.2.2 情绪问题产生的原因 -> https://mooc1-1.chaoxing.com/mooc-ans/mycourse/studentstudy?chapterId=1147674055&courseId=262194081&clazzid=143619998&enc=d0315e2f78bffd5ae8635d157a946a25
2026-07-08 16:31:21 INFO 章节: 5.2.3 有效调节情绪的方法 -> https://mooc1-1.chaoxing.com/mooc-ans/mycourse/studentstudy?chapterId=1147674058&courseId=262194081&clazzid=143619998&enc=d0315e2f78bffd5ae8635d157a946a25
2026-07-08 16:31:21 INFO 章节: 5.2.3.1 合理情绪疗法 -> https://mooc1-1.chaoxing.com/mooc-ans/mycourse/studentstudy?chapterId=1147674107&courseId=262194081&clazzid=143619998&enc=d0315e2f78bffd5ae8635d157a946a25
2026-07-08 16:31:21 INFO 章节: 5.3 管理压力 -> https://mooc1-1.chaoxing.com/mooc-ans/mycourse/studentstudy?chapterId=1147674005&courseId=262194081&clazzid=143619998&enc=d0315e2f78bffd5ae8635d157a946a25
2026-07-08 16:31:21 INFO 章节: 5.3.1 压力知多少 -> https://mooc1-1.chaoxing.com/mooc-ans/mycourse/studentstudy?chapterId=1147674056&courseId=262194081&clazzid=143619998&enc=d0315e2f78bffd5ae8635d157a946a25
2026-07-08 16:31:21 INFO 章节: 5.3.2 压力的察觉途径 -> https://mooc1-1.chaoxing.com/mooc-ans/mycourse/studentstudy?chapterId=1147674060&courseId=262194081&clazzid=143619998&enc=d0315e2f78bffd5ae8635d157a946a25
2026-07-08 16:31:21 INFO 章节: 5.3.3 压力的利弊 -> https://mooc1-1.chaoxing.com/mooc-ans/mycourse/studentstudy?chapterId=1147674063&courseId=262194081&clazzid=143619998&enc=d0315e2f78bffd5ae8635d157a946a25
2026-07-08 16:31:21 INFO 章节: 5.3.4 压力的缓解方法 -> https://mooc1-1.chaoxing.com/mooc-ans/mycourse/studentstudy?chapterId=1147674067&courseId=262194081&clazzid=143619998&enc=d0315e2f78bffd5ae8635d157a946a25
2026-07-08 16:31:21 INFO 章节: 5.4 应对危机 -> https://mooc1-1.chaoxing.com/mooc-ans/mycourse/studentstudy?chapterId=1147674006&courseId=262194081&clazzid=143619998&enc=d0315e2f78bffd5ae8635d157a946a25
2026-07-08 16:31:21 INFO 章节: 5.4.1 带你了解心理危机 -> https://mooc1-1.chaoxing.com/mooc-ans/mycourse/studentstudy?chapterId=1147674068&courseId=262194081&clazzid=143619998&enc=d0315e2f78bffd5ae8635d157a946a25
2026-07-08 16:31:21 INFO 章节: 5.4.2 心理危机的“危”与“机” -> https://mooc1-1.chaoxing.com/mooc-ans/mycourse/studentstudy?chapterId=1147674069&courseId=262194081&clazzid=143619998&enc=d0315e2f78bffd5ae8635d157a946a25
2026-07-08 16:31:21 INFO 章节: 5.4.3 心理危机的识别 -> https://mooc1-1.chaoxing.com/mooc-ans/mycourse/studentstudy?chapterId=1147674070&courseId=262194081&clazzid=143619998&enc=d0315e2f78bffd5ae8635d157a946a25
2026-07-08 16:31:21 INFO 章节: 5.4.4 心理危机的应对方法 -> https://mooc1-1.chaoxing.com/mooc-ans/mycourse/studentstudy?chapterId=1147674071&courseId=262194081&clazzid=143619998&enc=d0315e2f78bffd5ae8635d157a946a25
2026-07-08 16:31:21 INFO 章节: 5.5 章节测验 -> https://mooc1-1.chaoxing.com/mooc-ans/mycourse/studentstudy?chapterId=1147674030&courseId=262194081&clazzid=143619998&enc=d0315e2f78bffd5ae8635d157a946a25
2026-07-08 16:31:21 INFO 章节: 6.1 认识自我 -> https://mooc1-1.chaoxing.com/mooc-ans/mycourse/studentstudy?chapterId=1147674011&courseId=262194081&clazzid=143619998&enc=d0315e2f78bffd5ae8635d157a946a25
2026-07-08 16:31:21 INFO 章节: 6.1.1 自我意识概述 -> https://mooc1-1.chaoxing.com/mooc-ans/mycourse/studentstudy?chapterId=1147674083&courseId=262194081&clazzid=143619998&enc=d0315e2f78bffd5ae8635d157a946a25
2026-07-08 16:31:21 INFO 章节: 6.1.2 大学生自我意识的基本特征 -> https://mooc1-1.chaoxing.com/mooc-ans/mycourse/studentstudy?chapterId=1147674085&courseId=262194081&clazzid=143619998&enc=d0315e2f78bffd5ae8635d157a946a25
2026-07-08 16:31:21 INFO 章节: 6.1.3 自我意识对大学生的作用 -> https://mooc1-1.chaoxing.com/mooc-ans/mycourse/studentstudy?chapterId=1147674086&courseId=262194081&clazzid=143619998&enc=d0315e2f78bffd5ae8635d157a946a25
2026-07-08 16:31:21 INFO 章节: 6.2 接纳自我 -> https://mooc1-1.chaoxing.com/mooc-ans/mycourse/studentstudy?chapterId=1147674012&courseId=262194081&clazzid=143619998&enc=d0315e2f78bffd5ae8635d157a946a25
2026-07-08 16:31:21 INFO 章节: 6.2.1 自我意识偏差 -> https://mooc1-1.chaoxing.com/mooc-ans/mycourse/studentstudy?chapterId=1147674087&courseId=262194081&clazzid=143619998&enc=d0315e2f78bffd5ae8635d157a946a25
2026-07-08 16:31:21 INFO 章节: 6.2.2 积极悦纳自我 -> https://mooc1-1.chaoxing.com/mooc-ans/mycourse/studentstudy?chapterId=1147674088&courseId=262194081&clazzid=143619998&enc=d0315e2f78bffd5ae8635d157a946a25
2026-07-08 16:31:21 INFO 章节: 6.3 完善自我 -> https://mooc1-1.chaoxing.com/mooc-ans/mycourse/studentstudy?chapterId=1147674013&courseId=262194081&clazzid=143619998&enc=d0315e2f78bffd5ae8635d157a946a25
2026-07-08 16:31:21 INFO 章节: 6.3.1 正确认识自己 -> https://mooc1-1.chaoxing.com/mooc-ans/mycourse/studentstudy?chapterId=1147674089&courseId=262194081&clazzid=143619998&enc=d0315e2f78bffd5ae8635d157a946a25
2026-07-08 16:31:21 INFO 章节: 6.3.2 努力提高自己 -> https://mooc1-1.chaoxing.com/mooc-ans/mycourse/studentstudy?chapterId=1147674090&courseId=262194081&clazzid=143619998&enc=d0315e2f78bffd5ae8635d157a946a25
2026-07-08 16:31:21 INFO 章节: 6.4 超越自我 -> https://mooc1-1.chaoxing.com/mooc-ans/mycourse/studentstudy?chapterId=1147674014&courseId=262194081&clazzid=143619998&enc=d0315e2f78bffd5ae8635d157a946a25
2026-07-08 16:31:21 INFO 章节: 6.4.1 立足现在，奔向理想 -> https://mooc1-1.chaoxing.com/mooc-ans/mycourse/studentstudy?chapterId=1147674091&courseId=262194081&clazzid=143619998&enc=d0315e2f78bffd5ae8635d157a946a25
2026-07-08 16:31:21 INFO 章节: 6.4.2 将“小我”融入“大我” -> https://mooc1-1.chaoxing.com/mooc-ans/mycourse/studentstudy?chapterId=1147674092&courseId=262194081&clazzid=143619998&enc=d0315e2f78bffd5ae8635d157a946a25
2026-07-08 16:31:21 INFO 章节: 6.4.3 追求更好的自己 -> https://mooc1-1.chaoxing.com/mooc-ans/mycourse/studentstudy?chapterId=1147674093&courseId=262194081&clazzid=143619998&enc=d0315e2f78bffd5ae8635d157a946a25
2026-07-08 16:31:21 INFO 章节: 6.5 章节测验 -> https://mooc1-1.chaoxing.com/mooc-ans/mycourse/studentstudy?chapterId=1147674031&courseId=262194081&clazzid=143619998&enc=d0315e2f78bffd5ae8635d157a946a25
2026-07-08 16:31:21 INFO 章节: 7.1 了解赛事 -> https://mooc1-1.chaoxing.com/mooc-ans/mycourse/studentstudy?chapterId=1147674022&courseId=262194081&clazzid=143619998&enc=d0315e2f78bffd5ae8635d157a946a25
2026-07-08 16:31:21 INFO 章节: 7.2 找到自己的赛道 -> https://mooc1-1.chaoxing.com/mooc-ans/mycourse/studentstudy?chapterId=1147674023&courseId=262194081&clazzid=143619998&enc=d0315e2f78bffd5ae8635d157a946a25
2026-07-08 16:31:21 INFO 章节: 7.3 积极参赛 促进成长 -> https://mooc1-1.chaoxing.com/mooc-ans/mycourse/studentstudy?chapterId=1147674024&courseId=262194081&clazzid=143619998&enc=d0315e2f78bffd5ae8635d157a946a25
2026-07-08 16:31:21 INFO 章节: 7.4 章节测验 -> https://mooc1-1.chaoxing.com/mooc-ans/mycourse/studentstudy?chapterId=1147674032&courseId=262194081&clazzid=143619998&enc=d0315e2f78bffd5ae8635d157a946a25
2026-07-08 16:31:21 INFO 章节: 第1章 阳光心理 幸福课堂 -> 
2026-07-08 16:31:21 INFO 章节: 第2章 模块一：健康人生 从“心”出发 -> 
2026-07-08 16:31:21 INFO 章节: 第3章 模块二：播种希望 -> 
2026-07-08 16:31:21 INFO 章节: 第4章 模块三 ：锻炼韧性 -> 
2026-07-08 16:31:21 INFO 章节: 第5章 模块四：保持乐观 -> 
2026-07-08 16:31:21 INFO 章节: 第6章 模块五：收获自信 -> 
2026-07-08 16:31:21 INFO 章节: 第7章 模块六：放眼世界，从“心“再出发 -> 
2026-07-08 16:31:21 INFO 开始遍历章节，总数: 88
2026-07-08 16:31:21 INFO 开始学习章节 [1/88]: 1.1 认识心理健康和大学适应
2026-07-08 16:31:21 INFO 打开章节: 1.1 认识心理健康和大学适应
2026-07-08 16:31:23 INFO 章节页面加载完成: https://mooc1-1.chaoxing.com/mooc-ans/mycourse/studentstudy?chapterId=1147674033&courseId=262194081&clazzid=143619998&enc=d0315e2f78bffd5ae8635d157a946a25
2026-07-08 16:31:23 INFO 收到停止任务请求
2026-07-08 16:31:34 INFO 收到停止任务请求
2026-07-08 16:31:39 INFO 启动浏览器，headless=False
2026-07-08 16:31:40 INFO 加载登录状态: E:\github\wk_python\chaoxing_auto\auth.json
2026-07-08 16:31:40 INFO 已创建新页面
2026-07-08 16:31:40 INFO 打开登录页: https://passport2.chaoxing.com/login
2026-07-08 16:31:49 INFO 已输入用户名
2026-07-08 16:31:49 INFO 已输入密码
2026-07-08 16:31:49 INFO 点击登录按钮
2026-07-08 16:31:55 INFO 登录成功
2026-07-08 16:31:55 INFO 登录状态已保存: E:\github\wk_python\chaoxing_auto\auth.json
2026-07-08 16:31:55 INFO 打开课程列表页: https://mooc1-1.chaoxing.com/visit/courses
2026-07-08 16:31:57 INFO 获取课程数量: 59
2026-07-08 16:31:57 INFO 课程: （专科）劳动教育理论专题2 | courseId=261372040 开始=未显示 截止=未显示 考试=未显示 考试开始=未显示 任务=未显示 -> https://mooc1-1.chaoxing.com/visit/stucoursemiddle?courseid=261372040&clazzid=149898881&vc=1&cpi=499280377
2026-07-08 16:31:57 INFO 课程: 25专形势与政策 | courseId=264714884 开始=未显示 截止=未显示 考试=未显示 考试开始=未显示 任务=未显示 -> https://mooc1-1.chaoxing.com/visit/stucoursemiddle?courseid=264714884&clazzid=149133116&vc=1&cpi=499280377
2026-07-08 16:31:57 INFO 课程: 26年春季学期2025级专... | courseId=264331818 开始=未显示 截止=未显示 考试=未显示 考试开始=未显示 任务=未显示 -> https://mooc1-1.chaoxing.com/visit/stucoursemiddle?courseid=264331818&clazzid=148346198&vc=1&cpi=499280377
2026-07-08 16:31:57 INFO 课程: 西门子S7-1200/1500 PLC项目化编程 第13期 | courseId=261132991 开始=未显示 截止=未显示 考试=未显示 考试开始=未显示 任务=未显示 -> https://mooc1-1.chaoxing.com/visit/stucoursemiddle?courseid=261132991&clazzid=146353128&vc=1&cpi=499280377
2026-07-08 16:31:57 INFO 课程: 思想政治理论课实践 | courseId=263363971 开始=2026年04月27日 截止=2026年04月27日 考试=未显示 考试开始=未显示 任务=未显示 -> https://mooc1-1.chaoxing.com/visit/stucoursemiddle?courseid=263363971&clazzid=146117167&vc=1&cpi=499280377
2026-07-08 16:31:57 INFO 课程: 工业机器人基础操作与编程 | courseId=244621915 开始=未显示 截止=未显示 考试=未显示 考试开始=未显示 任务=未显示 -> https://mooc1-1.chaoxing.com/visit/stucoursemiddle?courseid=244621915&clazzid=145923448&vc=1&cpi=499280377
2026-07-08 16:31:57 INFO 课程: 智能工程学院2026年春季学期反诈知识测试（1） | courseId=262289788 开始=未显示 截止=未显示 考试=未显示 考试开始=未显示 任务=未显示 -> https://mooc1-1.chaoxing.com/visit/stucoursemiddle?courseid=262289788&clazzid=143963957&vc=1&cpi=499280377
2026-07-08 16:31:57 INFO 课程: 大学生心理健康教育 | courseId=262194081 开始=2024-08-20 截止=2024-08-20 考试=未显示 考试开始=未显示 任务=未显示 -> https://mooc1-1.chaoxing.com/visit/stucoursemiddle?courseid=262194081&clazzid=143619998&vc=1&cpi=499280377
2026-07-08 16:31:57 INFO 课程: 西门子S7-1200/1500 PLC项目化编程 第11期 | courseId=250700884 开始=未显示 截止=未显示 考试=未显示 考试开始=未显示 任务=未显示 -> https://mooc1-1.chaoxing.com/visit/stucoursemiddle?courseid=250700884&clazzid=143607551&vc=1&cpi=499280377
2026-07-08 16:31:57 INFO 课程: 机械设计基础 | courseId=262076514 开始=未显示 截止=未显示 考试=未显示 考试开始=未显示 任务=未显示 -> https://mooc1-1.chaoxing.com/visit/stucoursemiddle?courseid=262076514&clazzid=143364421&vc=1&cpi=499280377
2026-07-08 16:31:57 INFO 课程: 八桂文化 | courseId=261241647 开始=未显示 截止=未显示 考试=未显示 考试开始=未显示 任务=未显示 -> https://mooc1-1.chaoxing.com/visit/stucoursemiddle?courseid=261241647&clazzid=143226255&vc=1&cpi=499280377
2026-07-08 16:31:57 INFO 课程: 走进东盟——国家在线精品课程 | courseId=261788024 开始=未显示 截止=未显示 考试=未显示 考试开始=未显示 任务=未显示 -> https://mooc1-1.chaoxing.com/visit/stucoursemiddle?courseid=261788024&clazzid=142686103&vc=1&cpi=499280377
2026-07-08 16:31:57 INFO 课程: 2026春季学期《习近平新时代中国特色社会主义思想概论》 | courseId=261160493 开始=未显示 截止=未显示 考试=未显示 考试开始=未显示 任务=未显示 -> https://mooc1-1.chaoxing.com/visit/stucoursemiddle?courseid=261160493&clazzid=140979681&vc=1&cpi=499280377
2026-07-08 16:31:57 INFO 课程: AIGC生成式人工智能 | courseId=261231738 开始=未显示 截止=未显示 考试=未显示 考试开始=未显示 任务=未显示 -> https://mooc1-1.chaoxing.com/visit/stucoursemiddle?courseid=261231738&clazzid=142146475&vc=1&cpi=499280377
2026-07-08 16:31:57 INFO 课程: 大学生创新创业基础 | courseId=241589943 开始=未显示 截止=未显示 考试=未显示 考试开始=未显示 任务=未显示 -> https://mooc1-1.chaoxing.com/visit/stucoursemiddle?courseid=241589943&clazzid=141899649&vc=1&cpi=499280377
2026-07-08 16:31:57 INFO 课程: 2025-2026学年第2学期 高职英语2 A2 | courseId=260915153 开始=未显示 截止=未显示 考试=未显示 考试开始=未显示 任务=未显示 -> https://mooc1-1.chaoxing.com/visit/stucoursemiddle?courseid=260915153&clazzid=140633181&vc=1&cpi=499280377
2026-07-08 16:31:57 INFO 课程: （专科）劳动教育理论专题2 | courseId=261372040 开始=未显示 截止=未显示 考试=未显示 考试开始=未显示 任务=未显示 -> https://mooc1-1.chaoxing.com/visit/stucoursemiddle?courseid=261372040&clazzid=141609571&vc=1&cpi=499280377
2026-07-08 16:31:57 INFO 课程: 广西地方史 | courseId=261308517 开始=2026年03月08日 截止=2026年03月08日 考试=未显示 考试开始=未显示 任务=未显示 -> https://mooc1-1.chaoxing.com/visit/stucoursemiddle?courseid=261308517&clazzid=141412909&vc=1&cpi=499280377
2026-07-08 16:31:57 INFO 课程: 电机及电气控制技术 | courseId=261046587 开始=未显示 截止=未显示 考试=未显示 考试开始=未显示 任务=未显示 -> https://mooc1-1.chaoxing.com/visit/stucoursemiddle?courseid=261046587&clazzid=140664612&vc=1&cpi=499280377
2026-07-08 16:31:57 INFO 课程: 25年秋《思想道德与法... | courseId=259922885 开始=未显示 截止=未显示 考试=未显示 考试开始=未显示 任务=未显示 -> https://mooc1-1.chaoxing.com/visit/stucoursemiddle?courseid=259922885&clazzid=138236842&vc=1&cpi=499280377
2026-07-08 16:31:57 INFO 课程: 形势与政策（2025年秋季学期） | courseId=256566674 开始=未显示 截止=未显示 考试=未显示 考试开始=未显示 任务=未显示 -> https://mooc1-1.chaoxing.com/visit/stucoursemiddle?courseid=256566674&clazzid=137759477&vc=1&cpi=499280377
2026-07-08 16:31:57 INFO 课程: 2025年秋季学期考试平台 | courseId=258892264 开始=未显示 截止=未显示 考试=有考试 考试开始=未显示 任务=未显示 -> https://mooc1-1.chaoxing.com/visit/stucoursemiddle?courseid=258892264&clazzid=137482065&vc=1&cpi=499280377
2026-07-08 16:31:57 INFO 课程: 工程自动算量软件应用（广联达GTJ版） | courseId=258391259 开始=未显示 截止=未显示 考试=未显示 考试开始=未显示 任务=未显示 -> https://mooc1-1.chaoxing.com/visit/stucoursemiddle?courseid=258391259&clazzid=134755702&vc=1&cpi=499280377
2026-07-08 16:31:57 INFO 课程: 国家安全教育（2025秋） | courseId=255569896 开始=未显示 截止=未显示 考试=未显示 考试开始=未显示 任务=未显示 -> https://mooc1-1.chaoxing.com/visit/stucoursemiddle?courseid=255569896&clazzid=135931133&vc=1&cpi=499280377
2026-07-08 16:31:57 INFO 课程: 应用数学 | courseId=258241155 开始=未显示 截止=未显示 考试=未显示 考试开始=未显示 任务=未显示 -> https://mooc1-1.chaoxing.com/visit/stucoursemiddle?courseid=258241155&clazzid=135508649&vc=1&cpi=499280377
2026-07-08 16:31:57 INFO 课程: 信息技术应用基础 | courseId=215823414 开始=未显示 截止=未显示 考试=未显示 考试开始=未显示 任务=未显示 -> https://mooc1-1.chaoxing.com/visit/stucoursemiddle?courseid=215823414&clazzid=134070780&vc=1&cpi=499280377
2026-07-08 16:31:57 INFO 课程: 25级-公共卫生安全教育（基地实操） | courseId=255929700 开始=未显示 截止=未显示 考试=未显示 考试开始=未显示 任务=未显示 -> https://mooc1-1.chaoxing.com/visit/stucoursemiddle?courseid=255929700&clazzid=131781469&vc=1&cpi=499280377
2026-07-08 16:31:57 INFO 课程: 普通电工技术 | courseId=214618155 开始=未显示 截止=未显示 考试=未显示 考试开始=未显示 任务=未显示 -> https://mooc1-1.chaoxing.com/visit/stucoursemiddle?courseid=214618155&clazzid=131773196&vc=1&cpi=499280377
2026-07-08 16:31:57 INFO 课程: 【开学第一课】--2025年秋季学期 | courseId=256458596 开始=未显示 截止=未显示 考试=未显示 考试开始=未显示 任务=未显示 -> https://mooc1-1.chaoxing.com/visit/stucoursemiddle?courseid=256458596&clazzid=131675408&vc=1&cpi=499280377
2026-07-08 16:31:57 INFO 课程: （兼课）2025级大学生心理健康教育 | courseId=255186706 开始=未显示 截止=未显示 考试=未显示 考试开始=未显示 任务=未显示 -> https://mooc1-1.chaoxing.com/visit/stucoursemiddle?courseid=255186706&clazzid=131246782&vc=1&cpi=499280377
2026-07-08 16:31:57 INFO 课程: 《军事理论》（2025级） | courseId=256649888 开始=未显示 截止=未显示 考试=未显示 考试开始=未显示 任务=未显示 -> https://mooc1-1.chaoxing.com/visit/stucoursemiddle?courseid=256649888&clazzid=131000568&vc=1&cpi=499280377
2026-07-08 16:31:57 INFO 课程: 机械制图 | courseId=255386225 开始=未显示 截止=未显示 考试=未显示 考试开始=未显示 任务=未显示 -> https://mooc1-1.chaoxing.com/visit/stucoursemiddle?courseid=255386225&clazzid=127858461&vc=1&cpi=499280377
2026-07-08 16:31:57 INFO 课程: 新编实用英语1(第五版)-25级上 | courseId=255025290 开始=未显示 截止=未显示 考试=未显示 考试开始=未显示 任务=未显示 -> https://mooc1-1.chaoxing.com/visit/stucoursemiddle?courseid=255025290&clazzid=129327167&vc=1&cpi=499280377
2026-07-08 16:31:57 INFO 课程: 2025秋线下活动 | courseId=255995969 开始=未显示 截止=未显示 考试=未显示 考试开始=未显示 任务=未显示 -> https://mooc1-1.chaoxing.com/visit/stucoursemiddle?courseid=255995969&clazzid=129447325&vc=1&cpi=499280377
2026-07-08 16:31:57 INFO 课程: 国家安全教育（2025秋） | courseId=255569896 开始=未显示 截止=未显示 考试=未显示 考试开始=未显示 任务=未显示 -> https://mooc1-1.chaoxing.com/visit/stucoursemiddle?courseid=255569896&clazzid=129398249&vc=1&cpi=499280377
2026-07-08 16:31:57 INFO 课程: 25级（本科 专科）《公共卫生安全教育》理论（2025秋） | courseId=255569898 开始=未显示 截止=未显示 考试=未显示 考试开始=未显示 任务=未显示 -> https://mooc1-1.chaoxing.com/visit/stucoursemiddle?courseid=255569898&clazzid=129398240&vc=1&cpi=499280377
2026-07-08 16:31:57 INFO 课程: 计算机辅助制图 | courseId=255944571 开始=2025年09月20日 截止=2025年09月20日 考试=未显示 考试开始=未显示 任务=未显示 -> https://mooc1-1.chaoxing.com/visit/stucoursemiddle?courseid=255944571&clazzid=129283469&vc=1&cpi=499280377
2026-07-08 16:31:57 INFO 课程: 25级《毛泽东思想和中国特色社会主义理论体系概论》课程 | courseId=255805119 开始=未显示 截止=未显示 考试=未显示 考试开始=未显示 任务=未显示 -> https://mooc1-1.chaoxing.com/visit/stucoursemiddle?courseid=255805119&clazzid=128935755&vc=1&cpi=499280377
2026-07-08 16:31:57 INFO 课程: 音乐鉴赏 | courseId=255891077 开始=2025年09月19日 截止=2025年09月19日 考试=未显示 考试开始=未显示 任务=未显示 -> https://mooc1-1.chaoxing.com/visit/stucoursemiddle?courseid=255891077&clazzid=129146119&vc=1&cpi=499280377
2026-07-08 16:31:57 INFO 课程: 25专-劳动教育理论专题1 | courseId=255610757 开始=2025年09月18日 截止=2025年09月18日 考试=未显示 考试开始=未显示 任务=未显示 -> https://mooc1-1.chaoxing.com/visit/stucoursemiddle?courseid=255610757&clazzid=128972071&vc=1&cpi=499280377
2026-07-08 16:31:57 INFO 课程: 思想道德与法治 | courseId=255800015 开始=未显示 截止=未显示 考试=未显示 考试开始=未显示 任务=未显示 -> https://mooc1-1.chaoxing.com/visit/stucoursemiddle?courseid=255800015&clazzid=128925401&vc=1&cpi=499280377
2026-07-08 16:31:57 INFO 课程: 已结束的课程 | courseId=未显示 开始=未显示 截止=未显示 考试=未显示 考试开始=未显示 任务=未显示 -> https://mooc1-1.chaoxing.com/mooc-ans/visit/archivecourse/student
2026-07-08 16:31:57 INFO 课程: （专科）劳动教育理论... | courseId=261372040 开始=未显示 截止=未显示 考试=未显示 考试开始=未显示 任务=未显示 -> https://mooc1-1.chaoxing.com/visit/stucoursemiddle?courseid=261372040&clazzid=149898881&vc=1&cpi=499280377
2026-07-08 16:31:57 INFO 课程: 西门子S7-1200/1500 PL... | courseId=261132991 开始=2026-03-06 截止=2026-03-06 考试=未显示 考试开始=未显示 任务=未显示 -> https://mooc1-1.chaoxing.com/visit/stucoursemiddle?courseid=261132991&clazzid=146353128&vc=1&cpi=499280377
2026-07-08 16:31:57 INFO 课程: 智能工程学院2026年春... | courseId=262289788 开始=未显示 截止=未显示 考试=未显示 考试开始=未显示 任务=未显示 -> https://mooc1-1.chaoxing.com/visit/stucoursemiddle?courseid=262289788&clazzid=143963957&vc=1&cpi=499280377
2026-07-08 16:31:57 INFO 课程: 西门子S7-1200/1500 PL... | courseId=250700884 开始=2025-02-28 截止=2025-02-28 考试=未显示 考试开始=未显示 任务=未显示 -> https://mooc1-1.chaoxing.com/visit/stucoursemiddle?courseid=250700884&clazzid=143607551&vc=1&cpi=499280377
2026-07-08 16:31:57 INFO 课程: 走进东盟——国家在线... | courseId=261788024 开始=未显示 截止=未显示 考试=未显示 考试开始=未显示 任务=未显示 -> https://mooc1-1.chaoxing.com/visit/stucoursemiddle?courseid=261788024&clazzid=142686103&vc=1&cpi=499280377
2026-07-08 16:31:57 INFO 课程: 2026春季学期《习近平... | courseId=261160493 开始=未显示 截止=未显示 考试=未显示 考试开始=未显示 任务=未显示 -> https://mooc1-1.chaoxing.com/visit/stucoursemiddle?courseid=261160493&clazzid=140979681&vc=1&cpi=499280377
2026-07-08 16:31:57 INFO 课程: 2025-2026学年第2学期 ... | courseId=260915153 开始=未显示 截止=未显示 考试=未显示 考试开始=未显示 任务=未显示 -> https://mooc1-1.chaoxing.com/visit/stucoursemiddle?courseid=260915153&clazzid=140633181&vc=1&cpi=499280377
2026-07-08 16:31:57 INFO 课程: （专科）劳动教育理论... | courseId=261372040 开始=2026年03月09日 截止=2026年03月09日 考试=未显示 考试开始=未显示 任务=未显示 -> https://mooc1-1.chaoxing.com/visit/stucoursemiddle?courseid=261372040&clazzid=141609571&vc=1&cpi=499280377
2026-07-08 16:31:57 INFO 课程: 形势与政策（2025年秋... | courseId=256566674 开始=未显示 截止=未显示 考试=未显示 考试开始=未显示 任务=未显示 -> https://mooc1-1.chaoxing.com/visit/stucoursemiddle?courseid=256566674&clazzid=137759477&vc=1&cpi=499280377
2026-07-08 16:31:57 INFO 课程: 蒋培培 | courseId=258892264 开始=未显示 截止=未显示 考试=有考试 考试开始=未显示 任务=未显示 -> https://mooc1-1.chaoxing.com/visit/stucoursemiddle?courseid=258892264&clazzid=137482065&vc=1&cpi=499280377
2026-07-08 16:31:57 INFO 课程: 工程自动算量软件应用... | courseId=258391259 开始=未显示 截止=未显示 考试=未显示 考试开始=未显示 任务=未显示 -> https://mooc1-1.chaoxing.com/visit/stucoursemiddle?courseid=258391259&clazzid=134755702&vc=1&cpi=499280377
2026-07-08 16:31:57 INFO 课程: 25级-公共卫生安全教育... | courseId=255929700 开始=未显示 截止=未显示 考试=未显示 考试开始=未显示 任务=未显示 -> https://mooc1-1.chaoxing.com/visit/stucoursemiddle?courseid=255929700&clazzid=131781469&vc=1&cpi=499280377
2026-07-08 16:31:57 INFO 课程: 【开学第一课】--2025... | courseId=256458596 开始=未显示 截止=未显示 考试=未显示 考试开始=未显示 任务=未显示 -> https://mooc1-1.chaoxing.com/visit/stucoursemiddle?courseid=256458596&clazzid=131675408&vc=1&cpi=499280377
2026-07-08 16:31:57 INFO 课程: （兼课）2025级大学生... | courseId=255186706 开始=2024-08-20 截止=2024-08-20 考试=未显示 考试开始=未显示 任务=未显示 -> https://mooc1-1.chaoxing.com/visit/stucoursemiddle?courseid=255186706&clazzid=131246782&vc=1&cpi=499280377
2026-07-08 16:31:57 INFO 课程: 新编实用英语1(第五版)... | courseId=255025290 开始=未显示 截止=未显示 考试=未显示 考试开始=未显示 任务=未显示 -> https://mooc1-1.chaoxing.com/visit/stucoursemiddle?courseid=255025290&clazzid=129327167&vc=1&cpi=499280377
2026-07-08 16:31:57 INFO 课程: 25级（本科 专科）《公... | courseId=255569898 开始=未显示 截止=未显示 考试=未显示 考试开始=未显示 任务=未显示 -> https://mooc1-1.chaoxing.com/visit/stucoursemiddle?courseid=255569898&clazzid=129398240&vc=1&cpi=499280377
2026-07-08 16:31:57 INFO 课程: 25级《毛泽东思想和中... | courseId=255805119 开始=未显示 截止=未显示 考试=未显示 考试开始=未显示 任务=未显示 -> https://mooc1-1.chaoxing.com/visit/stucoursemiddle?courseid=255805119&clazzid=128935755&vc=1&cpi=499280377
2026-07-08 16:32:12 INFO 进入选中课程: 大学生创新创业基础
2026-07-08 16:32:14 INFO 选中课程页面加载完成: https://mooc1-1.chaoxing.com/mooc-ans/mycourse/studentcourse?courseId=241589943&clazzid=141899649&cpi=499280377&enc=3aeed9f8e81745d07ddf01669b6a474d&fromMiddle=1&vc=1
2026-07-08 16:32:14 INFO 当前课程: 大学生创新创业基础
2026-07-08 16:32:14 INFO 开始获取章节列表
2026-07-08 16:32:14 INFO 获取章节数量: 74
2026-07-08 16:32:14 INFO 章节: 1.1 课前导入 2 -> https://mooc1-1.chaoxing.com/mooc-ans/mycourse/studentstudy?chapterId=841243305&courseId=241589943&clazzid=141899649&enc=3aeed9f8e81745d07ddf01669b6a474d
2026-07-08 16:32:14 INFO 章节: 1.2 第一节 什么是创新创业 1 -> https://mooc1-1.chaoxing.com/mooc-ans/mycourse/studentstudy?chapterId=837584680&courseId=241589943&clazzid=141899649&enc=3aeed9f8e81745d07ddf01669b6a474d
2026-07-08 16:32:14 INFO 章节: 1.3 第二节 解密创业者 1 -> https://mooc1-1.chaoxing.com/mooc-ans/mycourse/studentstudy?chapterId=837584692&courseId=241589943&clazzid=141899649&enc=3aeed9f8e81745d07ddf01669b6a474d
2026-07-08 16:32:14 INFO 章节: 1.4 第三节 成为创新创业者：成就不一样的人生 1 -> https://mooc1-1.chaoxing.com/mooc-ans/mycourse/studentstudy?chapterId=837584704&courseId=241589943&clazzid=141899649&enc=3aeed9f8e81745d07ddf01669b6a474d
2026-07-08 16:32:14 INFO 章节: 2.1 第一节 创新思维及其培养 2 -> https://mooc1-1.chaoxing.com/mooc-ans/mycourse/studentstudy?chapterId=962677331&courseId=241589943&clazzid=141899649&enc=3aeed9f8e81745d07ddf01669b6a474d
2026-07-08 16:32:14 INFO 章节: 1 2.1.1 第二节 常见创新思维技法 -> https://mooc1-1.chaoxing.com/mooc-ans/mycourse/studentstudy?chapterId=962677333&courseId=241589943&clazzid=141899649&enc=3aeed9f8e81745d07ddf01669b6a474d
2026-07-08 16:32:14 INFO 章节: 2.1.1.1 第三节创新可行性判别 -> https://mooc1-1.chaoxing.com/mooc-ans/mycourse/studentstudy?chapterId=962677392&courseId=241589943&clazzid=141899649&enc=3aeed9f8e81745d07ddf01669b6a474d
2026-07-08 16:32:14 INFO 章节: 3.1 第一节 认识创业思维 1 -> https://mooc1-1.chaoxing.com/mooc-ans/mycourse/studentstudy?chapterId=837584682&courseId=241589943&clazzid=141899649&enc=3aeed9f8e81745d07ddf01669b6a474d
2026-07-08 16:32:14 INFO 章节: 3.2 第二节 常见创业思维工具 1 -> https://mooc1-1.chaoxing.com/mooc-ans/mycourse/studentstudy?chapterId=837584694&courseId=241589943&clazzid=141899649&enc=3aeed9f8e81745d07ddf01669b6a474d
2026-07-08 16:32:14 INFO 章节: 4.1 第一节 发现问题和需求 1 -> https://mooc1-1.chaoxing.com/mooc-ans/mycourse/studentstudy?chapterId=837584683&courseId=241589943&clazzid=141899649&enc=3aeed9f8e81745d07ddf01669b6a474d
2026-07-08 16:32:14 INFO 章节: 4.2 第二节 发掘和把握创业机会 1 -> https://mooc1-1.chaoxing.com/mooc-ans/mycourse/studentstudy?chapterId=837584695&courseId=241589943&clazzid=141899649&enc=3aeed9f8e81745d07ddf01669b6a474d
2026-07-08 16:32:14 INFO 章节: 4.3 第三节 创业项目的选择 3 -> https://mooc1-1.chaoxing.com/mooc-ans/mycourse/studentstudy?chapterId=837584707&courseId=241589943&clazzid=141899649&enc=3aeed9f8e81745d07ddf01669b6a474d
2026-07-08 16:32:14 INFO 章节: 5.1 第一节 创业机会评估 3 -> https://mooc1-1.chaoxing.com/mooc-ans/mycourse/studentstudy?chapterId=837584684&courseId=241589943&clazzid=141899649&enc=3aeed9f8e81745d07ddf01669b6a474d
2026-07-08 16:32:14 INFO 章节: 5.2 第二节 创业风险防范 3 -> https://mooc1-1.chaoxing.com/mooc-ans/mycourse/studentstudy?chapterId=837584696&courseId=241589943&clazzid=141899649&enc=3aeed9f8e81745d07ddf01669b6a474d
2026-07-08 16:32:14 INFO 章节: 5.3 第三节 创业资源整合 3 -> https://mooc1-1.chaoxing.com/mooc-ans/mycourse/studentstudy?chapterId=837584708&courseId=241589943&clazzid=141899649&enc=3aeed9f8e81745d07ddf01669b6a474d
2026-07-08 16:32:14 INFO 章节: 6.1 第一节 选择一个创业“领袖” 2 -> https://mooc1-1.chaoxing.com/mooc-ans/mycourse/studentstudy?chapterId=837584685&courseId=241589943&clazzid=141899649&enc=3aeed9f8e81745d07ddf01669b6a474d
2026-07-08 16:32:14 INFO 章节: 6.2 第二节 组建一支高效的创业团队 1 -> https://mooc1-1.chaoxing.com/mooc-ans/mycourse/studentstudy?chapterId=837584697&courseId=241589943&clazzid=141899649&enc=3aeed9f8e81745d07ddf01669b6a474d
2026-07-08 16:32:14 INFO 章节: 6.3 第三节 创业团队股权设计与分配 2 -> https://mooc1-1.chaoxing.com/mooc-ans/mycourse/studentstudy?chapterId=837584709&courseId=241589943&clazzid=141899649&enc=3aeed9f8e81745d07ddf01669b6a474d
2026-07-08 16:32:14 INFO 章节: 7.1 第一节 开发最小可行产品 1 -> https://mooc1-1.chaoxing.com/mooc-ans/mycourse/studentstudy?chapterId=837584686&courseId=241589943&clazzid=141899649&enc=3aeed9f8e81745d07ddf01669b6a474d
2026-07-08 16:32:14 INFO 章节: 7.2 第二节 用户体验测试 1 -> https://mooc1-1.chaoxing.com/mooc-ans/mycourse/studentstudy?chapterId=837584698&courseId=241589943&clazzid=141899649&enc=3aeed9f8e81745d07ddf01669b6a474d
2026-07-08 16:32:14 INFO 章节: 7.3 第三节 知识产权保护 1 -> https://mooc1-1.chaoxing.com/mooc-ans/mycourse/studentstudy?chapterId=837584710&courseId=241589943&clazzid=141899649&enc=3aeed9f8e81745d07ddf01669b6a474d
2026-07-08 16:32:14 INFO 章节: 8.1 第一节 什么是商业模式 2 -> https://mooc1-1.chaoxing.com/mooc-ans/mycourse/studentstudy?chapterId=837584687&courseId=241589943&clazzid=141899649&enc=3aeed9f8e81745d07ddf01669b6a474d
2026-07-08 16:32:14 INFO 章节: 8.2 第二节 商业模式画布及其应用 2 -> https://mooc1-1.chaoxing.com/mooc-ans/mycourse/studentstudy?chapterId=837584699&courseId=241589943&clazzid=141899649&enc=3aeed9f8e81745d07ddf01669b6a474d
2026-07-08 16:32:14 INFO 章节: 8.3 第三节 商业模式设计 2 -> https://mooc1-1.chaoxing.com/mooc-ans/mycourse/studentstudy?chapterId=837584711&courseId=241589943&clazzid=141899649&enc=3aeed9f8e81745d07ddf01669b6a474d
2026-07-08 16:32:14 INFO 章节: 9.1 第一节 商业计划书及其撰写 1 -> https://mooc1-1.chaoxing.com/mooc-ans/mycourse/studentstudy?chapterId=837584688&courseId=241589943&clazzid=141899649&enc=3aeed9f8e81745d07ddf01669b6a474d
2026-07-08 16:32:14 INFO 章节: 9.2 第二节 创业项目路演 -> https://mooc1-1.chaoxing.com/mooc-ans/mycourse/studentstudy?chapterId=837584712&courseId=241589943&clazzid=141899649&enc=3aeed9f8e81745d07ddf01669b6a474d
2026-07-08 16:32:14 INFO 章节: 9.3 第三节 创业项目融资 -> https://mooc1-1.chaoxing.com/mooc-ans/mycourse/studentstudy?chapterId=962693989&courseId=241589943&clazzid=141899649&enc=3aeed9f8e81745d07ddf01669b6a474d
2026-07-08 16:32:14 INFO 章节: 10.1 第一节 积极参与创新创业大赛 1 -> https://mooc1-1.chaoxing.com/mooc-ans/mycourse/studentstudy?chapterId=837584689&courseId=241589943&clazzid=141899649&enc=3aeed9f8e81745d07ddf01669b6a474d
2026-07-08 16:32:14 INFO 章节: 10.2 第二节 国内主要创新创业大赛 -> https://mooc1-1.chaoxing.com/mooc-ans/mycourse/studentstudy?chapterId=837584701&courseId=241589943&clazzid=141899649&enc=3aeed9f8e81745d07ddf01669b6a474d
2026-07-08 16:32:14 INFO 章节: 10.3 第三节 融入“大众创业、万众创新”时代浪潮 -> https://mooc1-1.chaoxing.com/mooc-ans/mycourse/studentstudy?chapterId=837584713&courseId=241589943&clazzid=141899649&enc=3aeed9f8e81745d07ddf01669b6a474d
2026-07-08 16:32:14 INFO 章节: 11.1 第一节 创办新企业 -> https://mooc1-1.chaoxing.com/mooc-ans/mycourse/studentstudy?chapterId=837584690&courseId=241589943&clazzid=141899649&enc=3aeed9f8e81745d07ddf01669b6a474d
2026-07-08 16:32:14 INFO 章节: 11.2 第二节 创办企业的法律环境和社会责任 -> https://mooc1-1.chaoxing.com/mooc-ans/mycourse/studentstudy?chapterId=837584702&courseId=241589943&clazzid=141899649&enc=3aeed9f8e81745d07ddf01669b6a474d
2026-07-08 16:32:14 INFO 章节: 11.3 第三节 初创企业管理 -> https://mooc1-1.chaoxing.com/mooc-ans/mycourse/studentstudy?chapterId=837584714&courseId=241589943&clazzid=141899649&enc=3aeed9f8e81745d07ddf01669b6a474d
2026-07-08 16:32:14 INFO 章节: 12.1 第一节 创业孵化器及其优惠政策 1 -> https://mooc1-1.chaoxing.com/mooc-ans/mycourse/studentstudy?chapterId=837584691&courseId=241589943&clazzid=141899649&enc=3aeed9f8e81745d07ddf01669b6a474d
2026-07-08 16:32:14 INFO 章节: 12.2 第二节 广西部分创业孵化基地 -> https://mooc1-1.chaoxing.com/mooc-ans/mycourse/studentstudy?chapterId=837584703&courseId=241589943&clazzid=141899649&enc=3aeed9f8e81745d07ddf01669b6a474d
2026-07-08 16:32:14 INFO 章节: 12.3 第三节 高校大学生创新创业基地 1 -> https://mooc1-1.chaoxing.com/mooc-ans/mycourse/studentstudy?chapterId=837584715&courseId=241589943&clazzid=141899649&enc=3aeed9f8e81745d07ddf01669b6a474d
2026-07-08 16:32:14 INFO 章节: 第1章 第一章 创新精神与创业人生——你想成为创新创业者吗？ -> 
2026-07-08 16:32:14 INFO 章节: 第2章 第二章 创新思维与创新技法——如何挖掘创新潜力？ -> 
2026-07-08 16:32:14 INFO 章节: 第3章 第三章 创业思维与实践工具——如何培养自己的创业思维？ -> 
2026-07-08 16:32:14 INFO 章节: 第4章 第四章 问题发现与机会把握——如何寻找并捕捉创业机会？ -> 
2026-07-08 16:32:14 INFO 章节: 第5章 第五章 机会评估与风险防范——你的创业想法可行吗？ -> 
2026-07-08 16:32:14 INFO 章节: 第6章 第六章 创业团队组建——如何寻找你的创业伙伴？ -> 
2026-07-08 16:32:14 INFO 章节: 第7章 第七章 产品开发与用户测试——如何实现产品落地？ -> 
2026-07-08 16:32:14 INFO 章节: 第8章 第八章 商业模式设计——如何落地你的创业项目？ -> 
2026-07-08 16:32:14 INFO 章节: 第9章 第九章 创业项目路演与融资——如何打动你的投资人？ -> 
2026-07-08 16:32:14 INFO 章节: 第10章 第十章 创新创业大赛参与——如何在大赛舞台展示自己？ -> 
2026-07-08 16:32:14 INFO 章节: 第11章 第十一章 新企业的创办与管理——如何创办企业并运营管理？ -> 
2026-07-08 16:32:14 INFO 章节: 第12章 第十二章 创新创业孵化器进驻——哪里可以快速落地项目？ -> 
2026-07-08 16:32:14 INFO 章节: 1.1 课前导入 -> https://mooc1-1.chaoxing.com/mooc-ans/mycourse/studentstudy?chapterId=841243305&courseId=241589943&clazzid=141899649&enc=3aeed9f8e81745d07ddf01669b6a474d
2026-07-08 16:32:14 INFO 章节: 1.2 第一节 什么是创新创业 -> https://mooc1-1.chaoxing.com/mooc-ans/mycourse/studentstudy?chapterId=837584680&courseId=241589943&clazzid=141899649&enc=3aeed9f8e81745d07ddf01669b6a474d
2026-07-08 16:32:14 INFO 章节: 1.3 第二节 解密创业者 -> https://mooc1-1.chaoxing.com/mooc-ans/mycourse/studentstudy?chapterId=837584692&courseId=241589943&clazzid=141899649&enc=3aeed9f8e81745d07ddf01669b6a474d
2026-07-08 16:32:14 INFO 章节: 1.4 第三节 成为创新创业者：成就不一样的人生 -> https://mooc1-1.chaoxing.com/mooc-ans/mycourse/studentstudy?chapterId=837584704&courseId=241589943&clazzid=141899649&enc=3aeed9f8e81745d07ddf01669b6a474d
2026-07-08 16:32:14 INFO 章节: 2.1 第一节 创新思维及其培养 -> https://mooc1-1.chaoxing.com/mooc-ans/mycourse/studentstudy?chapterId=962677331&courseId=241589943&clazzid=141899649&enc=3aeed9f8e81745d07ddf01669b6a474d
2026-07-08 16:32:14 INFO 章节: 3.1 第一节 认识创业思维 -> https://mooc1-1.chaoxing.com/mooc-ans/mycourse/studentstudy?chapterId=837584682&courseId=241589943&clazzid=141899649&enc=3aeed9f8e81745d07ddf01669b6a474d
2026-07-08 16:32:14 INFO 章节: 3.2 第二节 常见创业思维工具 -> https://mooc1-1.chaoxing.com/mooc-ans/mycourse/studentstudy?chapterId=837584694&courseId=241589943&clazzid=141899649&enc=3aeed9f8e81745d07ddf01669b6a474d
2026-07-08 16:32:14 INFO 章节: 4.1 第一节 发现问题和需求 -> https://mooc1-1.chaoxing.com/mooc-ans/mycourse/studentstudy?chapterId=837584683&courseId=241589943&clazzid=141899649&enc=3aeed9f8e81745d07ddf01669b6a474d
2026-07-08 16:32:14 INFO 章节: 4.2 第二节 发掘和把握创业机会 -> https://mooc1-1.chaoxing.com/mooc-ans/mycourse/studentstudy?chapterId=837584695&courseId=241589943&clazzid=141899649&enc=3aeed9f8e81745d07ddf01669b6a474d
2026-07-08 16:32:14 INFO 章节: 4.3 第三节 创业项目的选择 -> https://mooc1-1.chaoxing.com/mooc-ans/mycourse/studentstudy?chapterId=837584707&courseId=241589943&clazzid=141899649&enc=3aeed9f8e81745d07ddf01669b6a474d
2026-07-08 16:32:14 INFO 章节: 5.1 第一节 创业机会评估 -> https://mooc1-1.chaoxing.com/mooc-ans/mycourse/studentstudy?chapterId=837584684&courseId=241589943&clazzid=141899649&enc=3aeed9f8e81745d07ddf01669b6a474d
2026-07-08 16:32:14 INFO 章节: 5.2 第二节 创业风险防范 -> https://mooc1-1.chaoxing.com/mooc-ans/mycourse/studentstudy?chapterId=837584696&courseId=241589943&clazzid=141899649&enc=3aeed9f8e81745d07ddf01669b6a474d
2026-07-08 16:32:14 INFO 章节: 5.3 第三节 创业资源整合 -> https://mooc1-1.chaoxing.com/mooc-ans/mycourse/studentstudy?chapterId=837584708&courseId=241589943&clazzid=141899649&enc=3aeed9f8e81745d07ddf01669b6a474d
2026-07-08 16:32:14 INFO 章节: 6.1 第一节 选择一个创业“领袖” -> https://mooc1-1.chaoxing.com/mooc-ans/mycourse/studentstudy?chapterId=837584685&courseId=241589943&clazzid=141899649&enc=3aeed9f8e81745d07ddf01669b6a474d
2026-07-08 16:32:14 INFO 章节: 6.2 第二节 组建一支高效的创业团队 -> https://mooc1-1.chaoxing.com/mooc-ans/mycourse/studentstudy?chapterId=837584697&courseId=241589943&clazzid=141899649&enc=3aeed9f8e81745d07ddf01669b6a474d
2026-07-08 16:32:14 INFO 章节: 6.3 第三节 创业团队股权设计与分配 -> https://mooc1-1.chaoxing.com/mooc-ans/mycourse/studentstudy?chapterId=837584709&courseId=241589943&clazzid=141899649&enc=3aeed9f8e81745d07ddf01669b6a474d
2026-07-08 16:32:14 INFO 章节: 7.1 第一节 开发最小可行产品 -> https://mooc1-1.chaoxing.com/mooc-ans/mycourse/studentstudy?chapterId=837584686&courseId=241589943&clazzid=141899649&enc=3aeed9f8e81745d07ddf01669b6a474d
2026-07-08 16:32:14 INFO 章节: 7.2 第二节 用户体验测试 -> https://mooc1-1.chaoxing.com/mooc-ans/mycourse/studentstudy?chapterId=837584698&courseId=241589943&clazzid=141899649&enc=3aeed9f8e81745d07ddf01669b6a474d
2026-07-08 16:32:14 INFO 章节: 7.3 第三节 知识产权保护 -> https://mooc1-1.chaoxing.com/mooc-ans/mycourse/studentstudy?chapterId=837584710&courseId=241589943&clazzid=141899649&enc=3aeed9f8e81745d07ddf01669b6a474d
2026-07-08 16:32:14 INFO 章节: 8.1 第一节 什么是商业模式 -> https://mooc1-1.chaoxing.com/mooc-ans/mycourse/studentstudy?chapterId=837584687&courseId=241589943&clazzid=141899649&enc=3aeed9f8e81745d07ddf01669b6a474d
2026-07-08 16:32:14 INFO 章节: 8.2 第二节 商业模式画布及其应用 -> https://mooc1-1.chaoxing.com/mooc-ans/mycourse/studentstudy?chapterId=837584699&courseId=241589943&clazzid=141899649&enc=3aeed9f8e81745d07ddf01669b6a474d
2026-07-08 16:32:14 INFO 章节: 8.3 第三节 商业模式设计 -> https://mooc1-1.chaoxing.com/mooc-ans/mycourse/studentstudy?chapterId=837584711&courseId=241589943&clazzid=141899649&enc=3aeed9f8e81745d07ddf01669b6a474d
2026-07-08 16:32:14 INFO 章节: 9.1 第一节 商业计划书及其撰写 -> https://mooc1-1.chaoxing.com/mooc-ans/mycourse/studentstudy?chapterId=837584688&courseId=241589943&clazzid=141899649&enc=3aeed9f8e81745d07ddf01669b6a474d
2026-07-08 16:32:14 INFO 章节: 10.1 第一节 积极参与创新创业大赛 -> https://mooc1-1.chaoxing.com/mooc-ans/mycourse/studentstudy?chapterId=837584689&courseId=241589943&clazzid=141899649&enc=3aeed9f8e81745d07ddf01669b6a474d
2026-07-08 16:32:14 INFO 章节: 12.1 第一节 创业孵化器及其优惠政策 -> https://mooc1-1.chaoxing.com/mooc-ans/mycourse/studentstudy?chapterId=837584691&courseId=241589943&clazzid=141899649&enc=3aeed9f8e81745d07ddf01669b6a474d
2026-07-08 16:32:14 INFO 章节: 12.3 第三节 高校大学生创新创业基地 -> https://mooc1-1.chaoxing.com/mooc-ans/mycourse/studentstudy?chapterId=837584715&courseId=241589943&clazzid=141899649&enc=3aeed9f8e81745d07ddf01669b6a474d
2026-07-08 16:32:14 INFO 开始遍历章节，总数: 74
2026-07-08 16:32:14 INFO 开始学习章节 [1/74]: 1.1 课前导入 2
2026-07-08 16:32:14 INFO 打开章节: 1.1 课前导入 2
2026-07-08 16:32:17 INFO 章节页面加载完成: https://mooc1-1.chaoxing.com/mooc-ans/mycourse/studentstudy?chapterId=841243305&courseId=241589943&clazzid=141899649&enc=3aeed9f8e81745d07ddf01669b6a474d
2026-07-08 16:32:49 WARNING 章节未检测到视频，跳过: 1.1 课前导入 2
2026-07-08 16:32:49 INFO 开始学习章节 [2/74]: 1.2 第一节 什么是创新创业 1
2026-07-08 16:32:49 INFO 打开章节: 1.2 第一节 什么是创新创业 1
2026-07-08 16:32:53 INFO 章节页面加载完成: https://mooc1-1.chaoxing.com/mooc-ans/mycourse/studentstudy?chapterId=837584680&courseId=241589943&clazzid=141899649&enc=3aeed9f8e81745d07ddf01669b6a474d
2026-07-08 16:33:08 ERROR 保存截图失败: Page.screenshot: Target page, context or browser has been closed
Traceback (most recent call last):
  File "E:\github\wk_python\chaoxing_auto\utils\helper.py", line 63, in save_screenshot
    page.screenshot(path=str(path), full_page=True)
    ~~~~~~~~~~~~~~~^^^^^^^^^^^^^^^^^^^^^^^^^^^^^^^^
  File "E:\github\wk_python\chaoxing_auto\.venv\Lib\site-packages\playwright\sync_api\_generated.py", line 10754, in screenshot
    self._sync(
    ~~~~~~~~~~^
        self._impl_obj.screenshot(
        ^^^^^^^^^^^^^^^^^^^^^^^^^^
    ...<13 lines>...
        )
        ^
    )
    ^
  File "E:\github\wk_python\chaoxing_auto\.venv\Lib\site-packages\playwright\_impl\_sync_base.py", line 115, in _sync
    return task.result()
           ~~~~~~~~~~~^^
  File "E:\github\wk_python\chaoxing_auto\.venv\Lib\site-packages\playwright\_impl\_page.py", line 828, in screenshot
    encoded_binary = await self._channel.send(
                     ^^^^^^^^^^^^^^^^^^^^^^^^^
        "screenshot", self._timeout_settings.timeout, params
        ^^^^^^^^^^^^^^^^^^^^^^^^^^^^^^^^^^^^^^^^^^^^^^^^^^^^
    )
    ^
  File "E:\github\wk_python\chaoxing_auto\.venv\Lib\site-packages\playwright\_impl\_connection.py", line 69, in send
    return await self._connection.wrap_api_call(
           ^^^^^^^^^^^^^^^^^^^^^^^^^^^^^^^^^^^^^
    ...<3 lines>...
    )
    ^
  File "E:\github\wk_python\chaoxing_auto\.venv\Lib\site-packages\playwright\_impl\_connection.py", line 563, in wrap_api_call
    raise rewrite_error(error, f"{parsed_st['apiName']}: {error}") from None
playwright._impl._errors.TargetClosedError: Page.screenshot: Target page, context or browser has been closed
2026-07-08 16:33:08 ERROR 章节处理失败，继续下一章节: 1.2 第一节 什么是创新创业 1，错误: Page.wait_for_timeout: Target page, context or browser has been closed
Traceback (most recent call last):
  File "E:\github\wk_python\chaoxing_auto\main.py", line 330, in _learn_open_course
    if not video_player.has_video():
           ~~~~~~~~~~~~~~~~~~~~~~^^
  File "E:\github\wk_python\chaoxing_auto\video\video_player.py", line 123, in has_video
    self._wait_for_video_frame()
    ~~~~~~~~~~~~~~~~~~~~~~~~~~^^
  File "E:\github\wk_python\chaoxing_auto\video\video_player.py", line 136, in _wait_for_video_frame
    self.page.wait_for_timeout(500)
    ~~~~~~~~~~~~~~~~~~~~~~~~~~^^^^^
  File "E:\github\wk_python\chaoxing_auto\.venv\Lib\site-packages\playwright\sync_api\_generated.py", line 12529, in wait_for_timeout
    self._sync(
    ~~~~~~~~~~^
        self._impl_obj.wait_for_timeout(timeout=to_milliseconds(timeout))
        ^^^^^^^^^^^^^^^^^^^^^^^^^^^^^^^^^^^^^^^^^^^^^^^^^^^^^^^^^^^^^^^^^
    )
    ^
  File "E:\github\wk_python\chaoxing_auto\.venv\Lib\site-packages\playwright\_impl\_sync_base.py", line 115, in _sync
    return task.result()
           ~~~~~~~~~~~^^
  File "E:\github\wk_python\chaoxing_auto\.venv\Lib\site-packages\playwright\_impl\_page.py", line 1135, in wait_for_timeout
    await self._main_frame.wait_for_timeout(timeout)
  File "E:\github\wk_python\chaoxing_auto\.venv\Lib\site-packages\playwright\_impl\_frame.py", line 916, in wait_for_timeout
    await self._channel.send("waitForTimeout", None, {"waitTimeout": timeout})
  File "E:\github\wk_python\chaoxing_auto\.venv\Lib\site-packages\playwright\_impl\_connection.py", line 69, in send
    return await self._connection.wrap_api_call(
           ^^^^^^^^^^^^^^^^^^^^^^^^^^^^^^^^^^^^^
    ...<3 lines>...
    )
    ^
  File "E:\github\wk_python\chaoxing_auto\.venv\Lib\site-packages\playwright\_impl\_connection.py", line 563, in wrap_api_call
    raise rewrite_error(error, f"{parsed_st['apiName']}: {error}") from None
playwright._impl._errors.TargetClosedError: Page.wait_for_timeout: Target page, context or browser has been closed
2026-07-08 16:33:08 INFO 开始学习章节 [3/74]: 1.3 第二节 解密创业者 1
2026-07-08 16:33:08 INFO 打开章节: 1.3 第二节 解密创业者 1
2026-07-08 16:33:08 ERROR 保存截图失败: Page.screenshot: Target page, context or browser has been closed
Traceback (most recent call last):
  File "E:\github\wk_python\chaoxing_auto\utils\helper.py", line 63, in save_screenshot
    page.screenshot(path=str(path), full_page=True)
    ~~~~~~~~~~~~~~~^^^^^^^^^^^^^^^^^^^^^^^^^^^^^^^^
  File "E:\github\wk_python\chaoxing_auto\.venv\Lib\site-packages\playwright\sync_api\_generated.py", line 10754, in screenshot
    self._sync(
    ~~~~~~~~~~^
        self._impl_obj.screenshot(
        ^^^^^^^^^^^^^^^^^^^^^^^^^^
    ...<13 lines>...
        )
        ^
    )
    ^
  File "E:\github\wk_python\chaoxing_auto\.venv\Lib\site-packages\playwright\_impl\_sync_base.py", line 115, in _sync
    return task.result()
           ~~~~~~~~~~~^^
  File "E:\github\wk_python\chaoxing_auto\.venv\Lib\site-packages\playwright\_impl\_page.py", line 828, in screenshot
    encoded_binary = await self._channel.send(
                     ^^^^^^^^^^^^^^^^^^^^^^^^^
        "screenshot", self._timeout_settings.timeout, params
        ^^^^^^^^^^^^^^^^^^^^^^^^^^^^^^^^^^^^^^^^^^^^^^^^^^^^
    )
    ^
  File "E:\github\wk_python\chaoxing_auto\.venv\Lib\site-packages\playwright\_impl\_connection.py", line 69, in send
    return await self._connection.wrap_api_call(
           ^^^^^^^^^^^^^^^^^^^^^^^^^^^^^^^^^^^^^
    ...<3 lines>...
    )
    ^
  File "E:\github\wk_python\chaoxing_auto\.venv\Lib\site-packages\playwright\_impl\_connection.py", line 563, in wrap_api_call
    raise rewrite_error(error, f"{parsed_st['apiName']}: {error}") from None
playwright._impl._errors.TargetClosedError: Page.screenshot: Target page, context or browser has been closed
2026-07-08 16:33:08 ERROR 打开章节失败: Page.goto: Target page, context or browser has been closed
Traceback (most recent call last):
  File "E:\github\wk_python\chaoxing_auto\course\chapter.py", line 131, in open_chapter
    self.page.goto(url, wait_until="domcontentloaded", timeout=WAIT_TIME)
    ~~~~~~~~~~~~~~^^^^^^^^^^^^^^^^^^^^^^^^^^^^^^^^^^^^^^^^^^^^^^^^^^^^^^^
  File "E:\github\wk_python\chaoxing_auto\.venv\Lib\site-packages\playwright\sync_api\_generated.py", line 9770, in goto
    self._sync(
    ~~~~~~~~~~^
        self._impl_obj.goto(
        ^^^^^^^^^^^^^^^^^^^^
    ...<4 lines>...
        )
        ^
    )
    ^
  File "E:\github\wk_python\chaoxing_auto\.venv\Lib\site-packages\playwright\_impl\_sync_base.py", line 115, in _sync
    return task.result()
           ~~~~~~~~~~~^^
  File "E:\github\wk_python\chaoxing_auto\.venv\Lib\site-packages\playwright\_impl\_page.py", line 560, in goto
    return await self._main_frame.goto(**locals_to_params(locals()))
           ^^^^^^^^^^^^^^^^^^^^^^^^^^^^^^^^^^^^^^^^^^^^^^^^^^^^^^^^^
  File "E:\github\wk_python\chaoxing_auto\.venv\Lib\site-packages\playwright\_impl\_frame.py", line 156, in goto
    await self._channel.send(
        "goto", self._navigation_timeout, locals_to_params(locals())
    )
  File "E:\github\wk_python\chaoxing_auto\.venv\Lib\site-packages\playwright\_impl\_connection.py", line 69, in send
    return await self._connection.wrap_api_call(
           ^^^^^^^^^^^^^^^^^^^^^^^^^^^^^^^^^^^^^
    ...<3 lines>...
    )
    ^
  File "E:\github\wk_python\chaoxing_auto\.venv\Lib\site-packages\playwright\_impl\_connection.py", line 563, in wrap_api_call
    raise rewrite_error(error, f"{parsed_st['apiName']}: {error}") from None
playwright._impl._errors.TargetClosedError: Page.goto: Target page, context or browser has been closed
2026-07-08 16:33:08 ERROR 保存截图失败: Page.screenshot: Target page, context or browser has been closed
Traceback (most recent call last):
  File "E:\github\wk_python\chaoxing_auto\utils\helper.py", line 63, in save_screenshot
    page.screenshot(path=str(path), full_page=True)
    ~~~~~~~~~~~~~~~^^^^^^^^^^^^^^^^^^^^^^^^^^^^^^^^
  File "E:\github\wk_python\chaoxing_auto\.venv\Lib\site-packages\playwright\sync_api\_generated.py", line 10754, in screenshot
    self._sync(
    ~~~~~~~~~~^
        self._impl_obj.screenshot(
        ^^^^^^^^^^^^^^^^^^^^^^^^^^
    ...<13 lines>...
        )
        ^
    )
    ^
  File "E:\github\wk_python\chaoxing_auto\.venv\Lib\site-packages\playwright\_impl\_sync_base.py", line 115, in _sync
    return task.result()
           ~~~~~~~~~~~^^
  File "E:\github\wk_python\chaoxing_auto\.venv\Lib\site-packages\playwright\_impl\_page.py", line 828, in screenshot
    encoded_binary = await self._channel.send(
                     ^^^^^^^^^^^^^^^^^^^^^^^^^
        "screenshot", self._timeout_settings.timeout, params
        ^^^^^^^^^^^^^^^^^^^^^^^^^^^^^^^^^^^^^^^^^^^^^^^^^^^^
    )
    ^
  File "E:\github\wk_python\chaoxing_auto\.venv\Lib\site-packages\playwright\_impl\_connection.py", line 69, in send
    return await self._connection.wrap_api_call(
           ^^^^^^^^^^^^^^^^^^^^^^^^^^^^^^^^^^^^^
    ...<3 lines>...
    )
    ^
  File "E:\github\wk_python\chaoxing_auto\.venv\Lib\site-packages\playwright\_impl\_connection.py", line 563, in wrap_api_call
    raise rewrite_error(error, f"{parsed_st['apiName']}: {error}") from None
playwright._impl._errors.TargetClosedError: Page.screenshot: Target page, context or browser has been closed
2026-07-08 16:33:08 ERROR 章节处理失败，继续下一章节: 1.3 第二节 解密创业者 1，错误: Page.goto: Target page, context or browser has been closed
Traceback (most recent call last):
  File "E:\github\wk_python\chaoxing_auto\main.py", line 326, in _learn_open_course
    chapter_manager.open_chapter(chapter)
    ~~~~~~~~~~~~~~~~~~~~~~~~~~~~^^^^^^^^^
  File "E:\github\wk_python\chaoxing_auto\course\chapter.py", line 131, in open_chapter
    self.page.goto(url, wait_until="domcontentloaded", timeout=WAIT_TIME)
    ~~~~~~~~~~~~~~^^^^^^^^^^^^^^^^^^^^^^^^^^^^^^^^^^^^^^^^^^^^^^^^^^^^^^^
  File "E:\github\wk_python\chaoxing_auto\.venv\Lib\site-packages\playwright\sync_api\_generated.py", line 9770, in goto
    self._sync(
    ~~~~~~~~~~^
        self._impl_obj.goto(
        ^^^^^^^^^^^^^^^^^^^^
    ...<4 lines>...
        )
        ^
    )
    ^
  File "E:\github\wk_python\chaoxing_auto\.venv\Lib\site-packages\playwright\_impl\_sync_base.py", line 115, in _sync
    return task.result()
           ~~~~~~~~~~~^^
  File "E:\github\wk_python\chaoxing_auto\.venv\Lib\site-packages\playwright\_impl\_page.py", line 560, in goto
    return await self._main_frame.goto(**locals_to_params(locals()))
           ^^^^^^^^^^^^^^^^^^^^^^^^^^^^^^^^^^^^^^^^^^^^^^^^^^^^^^^^^
  File "E:\github\wk_python\chaoxing_auto\.venv\Lib\site-packages\playwright\_impl\_frame.py", line 156, in goto
    await self._channel.send(
        "goto", self._navigation_timeout, locals_to_params(locals())
    )
  File "E:\github\wk_python\chaoxing_auto\.venv\Lib\site-packages\playwright\_impl\_connection.py", line 69, in send
    return await self._connection.wrap_api_call(
           ^^^^^^^^^^^^^^^^^^^^^^^^^^^^^^^^^^^^^
    ...<3 lines>...
    )
    ^
  File "E:\github\wk_python\chaoxing_auto\.venv\Lib\site-packages\playwright\_impl\_connection.py", line 563, in wrap_api_call
    raise rewrite_error(error, f"{parsed_st['apiName']}: {error}") from None
playwright._impl._errors.TargetClosedError: Page.goto: Target page, context or browser has been closed
2026-07-08 16:33:08 INFO 开始学习章节 [4/74]: 1.4 第三节 成为创新创业者：成就不一样的人生 1
2026-07-08 16:33:08 INFO 打开章节: 1.4 第三节 成为创新创业者：成就不一样的人生 1
2026-07-08 16:33:08 ERROR 保存截图失败: Page.screenshot: Target page, context or browser has been closed
Traceback (most recent call last):
  File "E:\github\wk_python\chaoxing_auto\utils\helper.py", line 63, in save_screenshot
    page.screenshot(path=str(path), full_page=True)
    ~~~~~~~~~~~~~~~^^^^^^^^^^^^^^^^^^^^^^^^^^^^^^^^
  File "E:\github\wk_python\chaoxing_auto\.venv\Lib\site-packages\playwright\sync_api\_generated.py", line 10754, in screenshot
    self._sync(
    ~~~~~~~~~~^
        self._impl_obj.screenshot(
        ^^^^^^^^^^^^^^^^^^^^^^^^^^
    ...<13 lines>...
        )
        ^
    )
    ^
  File "E:\github\wk_python\chaoxing_auto\.venv\Lib\site-packages\playwright\_impl\_sync_base.py", line 115, in _sync
    return task.result()
           ~~~~~~~~~~~^^
  File "E:\github\wk_python\chaoxing_auto\.venv\Lib\site-packages\playwright\_impl\_page.py", line 828, in screenshot
    encoded_binary = await self._channel.send(
                     ^^^^^^^^^^^^^^^^^^^^^^^^^
        "screenshot", self._timeout_settings.timeout, params
        ^^^^^^^^^^^^^^^^^^^^^^^^^^^^^^^^^^^^^^^^^^^^^^^^^^^^
    )
    ^
  File "E:\github\wk_python\chaoxing_auto\.venv\Lib\site-packages\playwright\_impl\_connection.py", line 69, in send
    return await self._connection.wrap_api_call(
           ^^^^^^^^^^^^^^^^^^^^^^^^^^^^^^^^^^^^^
    ...<3 lines>...
    )
    ^
  File "E:\github\wk_python\chaoxing_auto\.venv\Lib\site-packages\playwright\_impl\_connection.py", line 563, in wrap_api_call
    raise rewrite_error(error, f"{parsed_st['apiName']}: {error}") from None
playwright._impl._errors.TargetClosedError: Page.screenshot: Target page, context or browser has been closed
2026-07-08 16:33:08 ERROR 打开章节失败: Page.goto: Target page, context or browser has been closed
Traceback (most recent call last):
  File "E:\github\wk_python\chaoxing_auto\course\chapter.py", line 131, in open_chapter
    self.page.goto(url, wait_until="domcontentloaded", timeout=WAIT_TIME)
    ~~~~~~~~~~~~~~^^^^^^^^^^^^^^^^^^^^^^^^^^^^^^^^^^^^^^^^^^^^^^^^^^^^^^^
  File "E:\github\wk_python\chaoxing_auto\.venv\Lib\site-packages\playwright\sync_api\_generated.py", line 9770, in goto
    self._sync(
    ~~~~~~~~~~^
        self._impl_obj.goto(
        ^^^^^^^^^^^^^^^^^^^^
    ...<4 lines>...
        )
        ^
    )
    ^
  File "E:\github\wk_python\chaoxing_auto\.venv\Lib\site-packages\playwright\_impl\_sync_base.py", line 115, in _sync
    return task.result()
           ~~~~~~~~~~~^^
  File "E:\github\wk_python\chaoxing_auto\.venv\Lib\site-packages\playwright\_impl\_page.py", line 560, in goto
    return await self._main_frame.goto(**locals_to_params(locals()))
           ^^^^^^^^^^^^^^^^^^^^^^^^^^^^^^^^^^^^^^^^^^^^^^^^^^^^^^^^^
  File "E:\github\wk_python\chaoxing_auto\.venv\Lib\site-packages\playwright\_impl\_frame.py", line 156, in goto
    await self._channel.send(
        "goto", self._navigation_timeout, locals_to_params(locals())
    )
  File "E:\github\wk_python\chaoxing_auto\.venv\Lib\site-packages\playwright\_impl\_connection.py", line 69, in send
    return await self._connection.wrap_api_call(
           ^^^^^^^^^^^^^^^^^^^^^^^^^^^^^^^^^^^^^
    ...<3 lines>...
    )
    ^
  File "E:\github\wk_python\chaoxing_auto\.venv\Lib\site-packages\playwright\_impl\_connection.py", line 563, in wrap_api_call
    raise rewrite_error(error, f"{parsed_st['apiName']}: {error}") from None
playwright._impl._errors.TargetClosedError: Page.goto: Target page, context or browser has been closed
2026-07-08 16:33:08 ERROR 保存截图失败: Page.screenshot: Target page, context or browser has been closed
Traceback (most recent call last):
  File "E:\github\wk_python\chaoxing_auto\utils\helper.py", line 63, in save_screenshot
    page.screenshot(path=str(path), full_page=True)
    ~~~~~~~~~~~~~~~^^^^^^^^^^^^^^^^^^^^^^^^^^^^^^^^
  File "E:\github\wk_python\chaoxing_auto\.venv\Lib\site-packages\playwright\sync_api\_generated.py", line 10754, in screenshot
    self._sync(
    ~~~~~~~~~~^
        self._impl_obj.screenshot(
        ^^^^^^^^^^^^^^^^^^^^^^^^^^
    ...<13 lines>...
        )
        ^
    )
    ^
  File "E:\github\wk_python\chaoxing_auto\.venv\Lib\site-packages\playwright\_impl\_sync_base.py", line 115, in _sync
    return task.result()
           ~~~~~~~~~~~^^
  File "E:\github\wk_python\chaoxing_auto\.venv\Lib\site-packages\playwright\_impl\_page.py", line 828, in screenshot
    encoded_binary = await self._channel.send(
                     ^^^^^^^^^^^^^^^^^^^^^^^^^
        "screenshot", self._timeout_settings.timeout, params
        ^^^^^^^^^^^^^^^^^^^^^^^^^^^^^^^^^^^^^^^^^^^^^^^^^^^^
    )
    ^
  File "E:\github\wk_python\chaoxing_auto\.venv\Lib\site-packages\playwright\_impl\_connection.py", line 69, in send
    return await self._connection.wrap_api_call(
           ^^^^^^^^^^^^^^^^^^^^^^^^^^^^^^^^^^^^^
    ...<3 lines>...
    )
    ^
  File "E:\github\wk_python\chaoxing_auto\.venv\Lib\site-packages\playwright\_impl\_connection.py", line 563, in wrap_api_call
    raise rewrite_error(error, f"{parsed_st['apiName']}: {error}") from None
playwright._impl._errors.TargetClosedError: Page.screenshot: Target page, context or browser has been closed
2026-07-08 16:33:08 ERROR 章节处理失败，继续下一章节: 1.4 第三节 成为创新创业者：成就不一样的人生 1，错误: Page.goto: Target page, context or browser has been closed
Traceback (most recent call last):
  File "E:\github\wk_python\chaoxing_auto\main.py", line 326, in _learn_open_course
    chapter_manager.open_chapter(chapter)
    ~~~~~~~~~~~~~~~~~~~~~~~~~~~~^^^^^^^^^
  File "E:\github\wk_python\chaoxing_auto\course\chapter.py", line 131, in open_chapter
    self.page.goto(url, wait_until="domcontentloaded", timeout=WAIT_TIME)
    ~~~~~~~~~~~~~~^^^^^^^^^^^^^^^^^^^^^^^^^^^^^^^^^^^^^^^^^^^^^^^^^^^^^^^
  File "E:\github\wk_python\chaoxing_auto\.venv\Lib\site-packages\playwright\sync_api\_generated.py", line 9770, in goto
    self._sync(
    ~~~~~~~~~~^
        self._impl_obj.goto(
        ^^^^^^^^^^^^^^^^^^^^
    ...<4 lines>...
        )
        ^
    )
    ^
  File "E:\github\wk_python\chaoxing_auto\.venv\Lib\site-packages\playwright\_impl\_sync_base.py", line 115, in _sync
    return task.result()
           ~~~~~~~~~~~^^
  File "E:\github\wk_python\chaoxing_auto\.venv\Lib\site-packages\playwright\_impl\_page.py", line 560, in goto
    return await self._main_frame.goto(**locals_to_params(locals()))
           ^^^^^^^^^^^^^^^^^^^^^^^^^^^^^^^^^^^^^^^^^^^^^^^^^^^^^^^^^
  File "E:\github\wk_python\chaoxing_auto\.venv\Lib\site-packages\playwright\_impl\_frame.py", line 156, in goto
    await self._channel.send(
        "goto", self._navigation_timeout, locals_to_params(locals())
    )
  File "E:\github\wk_python\chaoxing_auto\.venv\Lib\site-packages\playwright\_impl\_connection.py", line 69, in send
    return await self._connection.wrap_api_call(
           ^^^^^^^^^^^^^^^^^^^^^^^^^^^^^^^^^^^^^
    ...<3 lines>...
    )
    ^
  File "E:\github\wk_python\chaoxing_auto\.venv\Lib\site-packages\playwright\_impl\_connection.py", line 563, in wrap_api_call
    raise rewrite_error(error, f"{parsed_st['apiName']}: {error}") from None
playwright._impl._errors.TargetClosedError: Page.goto: Target page, context or browser has been closed
2026-07-08 16:33:08 INFO 开始学习章节 [5/74]: 2.1 第一节 创新思维及其培养 2
2026-07-08 16:33:08 INFO 打开章节: 2.1 第一节 创新思维及其培养 2
2026-07-08 16:33:08 ERROR 保存截图失败: Page.screenshot: Target page, context or browser has been closed
Traceback (most recent call last):
  File "E:\github\wk_python\chaoxing_auto\utils\helper.py", line 63, in save_screenshot
    page.screenshot(path=str(path), full_page=True)
    ~~~~~~~~~~~~~~~^^^^^^^^^^^^^^^^^^^^^^^^^^^^^^^^
  File "E:\github\wk_python\chaoxing_auto\.venv\Lib\site-packages\playwright\sync_api\_generated.py", line 10754, in screenshot
    self._sync(
    ~~~~~~~~~~^
        self._impl_obj.screenshot(
        ^^^^^^^^^^^^^^^^^^^^^^^^^^
    ...<13 lines>...
        )
        ^
    )
    ^
  File "E:\github\wk_python\chaoxing_auto\.venv\Lib\site-packages\playwright\_impl\_sync_base.py", line 115, in _sync
    return task.result()
           ~~~~~~~~~~~^^
  File "E:\github\wk_python\chaoxing_auto\.venv\Lib\site-packages\playwright\_impl\_page.py", line 828, in screenshot
    encoded_binary = await self._channel.send(
                     ^^^^^^^^^^^^^^^^^^^^^^^^^
        "screenshot", self._timeout_settings.timeout, params
        ^^^^^^^^^^^^^^^^^^^^^^^^^^^^^^^^^^^^^^^^^^^^^^^^^^^^
    )
    ^
  File "E:\github\wk_python\chaoxing_auto\.venv\Lib\site-packages\playwright\_impl\_connection.py", line 69, in send
    return await self._connection.wrap_api_call(
           ^^^^^^^^^^^^^^^^^^^^^^^^^^^^^^^^^^^^^
    ...<3 lines>...
    )
    ^
  File "E:\github\wk_python\chaoxing_auto\.venv\Lib\site-packages\playwright\_impl\_connection.py", line 563, in wrap_api_call
    raise rewrite_error(error, f"{parsed_st['apiName']}: {error}") from None
playwright._impl._errors.TargetClosedError: Page.screenshot: Target page, context or browser has been closed
2026-07-08 16:33:08 ERROR 打开章节失败: Page.goto: Target page, context or browser has been closed
Traceback (most recent call last):
  File "E:\github\wk_python\chaoxing_auto\course\chapter.py", line 131, in open_chapter
    self.page.goto(url, wait_until="domcontentloaded", timeout=WAIT_TIME)
    ~~~~~~~~~~~~~~^^^^^^^^^^^^^^^^^^^^^^^^^^^^^^^^^^^^^^^^^^^^^^^^^^^^^^^
  File "E:\github\wk_python\chaoxing_auto\.venv\Lib\site-packages\playwright\sync_api\_generated.py", line 9770, in goto
    self._sync(
    ~~~~~~~~~~^
        self._impl_obj.goto(
        ^^^^^^^^^^^^^^^^^^^^
    ...<4 lines>...
        )
        ^
    )
    ^
  File "E:\github\wk_python\chaoxing_auto\.venv\Lib\site-packages\playwright\_impl\_sync_base.py", line 115, in _sync
    return task.result()
           ~~~~~~~~~~~^^
  File "E:\github\wk_python\chaoxing_auto\.venv\Lib\site-packages\playwright\_impl\_page.py", line 560, in goto
    return await self._main_frame.goto(**locals_to_params(locals()))
           ^^^^^^^^^^^^^^^^^^^^^^^^^^^^^^^^^^^^^^^^^^^^^^^^^^^^^^^^^
  File "E:\github\wk_python\chaoxing_auto\.venv\Lib\site-packages\playwright\_impl\_frame.py", line 156, in goto
    await self._channel.send(
        "goto", self._navigation_timeout, locals_to_params(locals())
    )
  File "E:\github\wk_python\chaoxing_auto\.venv\Lib\site-packages\playwright\_impl\_connection.py", line 69, in send
    return await self._connection.wrap_api_call(
           ^^^^^^^^^^^^^^^^^^^^^^^^^^^^^^^^^^^^^
    ...<3 lines>...
    )
    ^
  File "E:\github\wk_python\chaoxing_auto\.venv\Lib\site-packages\playwright\_impl\_connection.py", line 563, in wrap_api_call
    raise rewrite_error(error, f"{parsed_st['apiName']}: {error}") from None
playwright._impl._errors.TargetClosedError: Page.goto: Target page, context or browser has been closed
2026-07-08 16:33:08 ERROR 保存截图失败: Page.screenshot: Target page, context or browser has been closed
Traceback (most recent call last):
  File "E:\github\wk_python\chaoxing_auto\utils\helper.py", line 63, in save_screenshot
    page.screenshot(path=str(path), full_page=True)
    ~~~~~~~~~~~~~~~^^^^^^^^^^^^^^^^^^^^^^^^^^^^^^^^
  File "E:\github\wk_python\chaoxing_auto\.venv\Lib\site-packages\playwright\sync_api\_generated.py", line 10754, in screenshot
    self._sync(
    ~~~~~~~~~~^
        self._impl_obj.screenshot(
        ^^^^^^^^^^^^^^^^^^^^^^^^^^
    ...<13 lines>...
        )
        ^
    )
    ^
  File "E:\github\wk_python\chaoxing_auto\.venv\Lib\site-packages\playwright\_impl\_sync_base.py", line 115, in _sync
    return task.result()
           ~~~~~~~~~~~^^
  File "E:\github\wk_python\chaoxing_auto\.venv\Lib\site-packages\playwright\_impl\_page.py", line 828, in screenshot
    encoded_binary = await self._channel.send(
                     ^^^^^^^^^^^^^^^^^^^^^^^^^
        "screenshot", self._timeout_settings.timeout, params
        ^^^^^^^^^^^^^^^^^^^^^^^^^^^^^^^^^^^^^^^^^^^^^^^^^^^^
    )
    ^
  File "E:\github\wk_python\chaoxing_auto\.venv\Lib\site-packages\playwright\_impl\_connection.py", line 69, in send
    return await self._connection.wrap_api_call(
           ^^^^^^^^^^^^^^^^^^^^^^^^^^^^^^^^^^^^^
    ...<3 lines>...
    )
    ^
  File "E:\github\wk_python\chaoxing_auto\.venv\Lib\site-packages\playwright\_impl\_connection.py", line 563, in wrap_api_call
    raise rewrite_error(error, f"{parsed_st['apiName']}: {error}") from None
playwright._impl._errors.TargetClosedError: Page.screenshot: Target page, context or browser has been closed
2026-07-08 16:33:08 ERROR 章节处理失败，继续下一章节: 2.1 第一节 创新思维及其培养 2，错误: Page.goto: Target page, context or browser has been closed
Traceback (most recent call last):
  File "E:\github\wk_python\chaoxing_auto\main.py", line 326, in _learn_open_course
    chapter_manager.open_chapter(chapter)
    ~~~~~~~~~~~~~~~~~~~~~~~~~~~~^^^^^^^^^
  File "E:\github\wk_python\chaoxing_auto\course\chapter.py", line 131, in open_chapter
    self.page.goto(url, wait_until="domcontentloaded", timeout=WAIT_TIME)
    ~~~~~~~~~~~~~~^^^^^^^^^^^^^^^^^^^^^^^^^^^^^^^^^^^^^^^^^^^^^^^^^^^^^^^
  File "E:\github\wk_python\chaoxing_auto\.venv\Lib\site-packages\playwright\sync_api\_generated.py", line 9770, in goto
    self._sync(
    ~~~~~~~~~~^
        self._impl_obj.goto(
        ^^^^^^^^^^^^^^^^^^^^
    ...<4 lines>...
        )
        ^
    )
    ^
  File "E:\github\wk_python\chaoxing_auto\.venv\Lib\site-packages\playwright\_impl\_sync_base.py", line 115, in _sync
    return task.result()
           ~~~~~~~~~~~^^
  File "E:\github\wk_python\chaoxing_auto\.venv\Lib\site-packages\playwright\_impl\_page.py", line 560, in goto
    return await self._main_frame.goto(**locals_to_params(locals()))
           ^^^^^^^^^^^^^^^^^^^^^^^^^^^^^^^^^^^^^^^^^^^^^^^^^^^^^^^^^
  File "E:\github\wk_python\chaoxing_auto\.venv\Lib\site-packages\playwright\_impl\_frame.py", line 156, in goto
    await self._channel.send(
        "goto", self._navigation_timeout, locals_to_params(locals())
    )
  File "E:\github\wk_python\chaoxing_auto\.venv\Lib\site-packages\playwright\_impl\_connection.py", line 69, in send
    return await self._connection.wrap_api_call(
           ^^^^^^^^^^^^^^^^^^^^^^^^^^^^^^^^^^^^^
    ...<3 lines>...
    )
    ^
  File "E:\github\wk_python\chaoxing_auto\.venv\Lib\site-packages\playwright\_impl\_connection.py", line 563, in wrap_api_call
    raise rewrite_error(error, f"{parsed_st['apiName']}: {error}") from None
playwright._impl._errors.TargetClosedError: Page.goto: Target page, context or browser has been closed
2026-07-08 16:33:08 INFO 开始学习章节 [6/74]: 1 2.1.1 第二节 常见创新思维技法
2026-07-08 16:33:08 INFO 打开章节: 1 2.1.1 第二节 常见创新思维技法
2026-07-08 16:33:08 ERROR 保存截图失败: Page.screenshot: Target page, context or browser has been closed
Traceback (most recent call last):
  File "E:\github\wk_python\chaoxing_auto\utils\helper.py", line 63, in save_screenshot
    page.screenshot(path=str(path), full_page=True)
    ~~~~~~~~~~~~~~~^^^^^^^^^^^^^^^^^^^^^^^^^^^^^^^^
  File "E:\github\wk_python\chaoxing_auto\.venv\Lib\site-packages\playwright\sync_api\_generated.py", line 10754, in screenshot
    self._sync(
    ~~~~~~~~~~^
        self._impl_obj.screenshot(
        ^^^^^^^^^^^^^^^^^^^^^^^^^^
    ...<13 lines>...
        )
        ^
    )
    ^
  File "E:\github\wk_python\chaoxing_auto\.venv\Lib\site-packages\playwright\_impl\_sync_base.py", line 115, in _sync
    return task.result()
           ~~~~~~~~~~~^^
  File "E:\github\wk_python\chaoxing_auto\.venv\Lib\site-packages\playwright\_impl\_page.py", line 828, in screenshot
    encoded_binary = await self._channel.send(
                     ^^^^^^^^^^^^^^^^^^^^^^^^^
        "screenshot", self._timeout_settings.timeout, params
        ^^^^^^^^^^^^^^^^^^^^^^^^^^^^^^^^^^^^^^^^^^^^^^^^^^^^
    )
    ^
  File "E:\github\wk_python\chaoxing_auto\.venv\Lib\site-packages\playwright\_impl\_connection.py", line 69, in send
    return await self._connection.wrap_api_call(
           ^^^^^^^^^^^^^^^^^^^^^^^^^^^^^^^^^^^^^
    ...<3 lines>...
    )
    ^
  File "E:\github\wk_python\chaoxing_auto\.venv\Lib\site-packages\playwright\_impl\_connection.py", line 563, in wrap_api_call
    raise rewrite_error(error, f"{parsed_st['apiName']}: {error}") from None
playwright._impl._errors.TargetClosedError: Page.screenshot: Target page, context or browser has been closed
2026-07-08 16:33:08 ERROR 打开章节失败: Page.goto: Target page, context or browser has been closed
Traceback (most recent call last):
  File "E:\github\wk_python\chaoxing_auto\course\chapter.py", line 131, in open_chapter
    self.page.goto(url, wait_until="domcontentloaded", timeout=WAIT_TIME)
    ~~~~~~~~~~~~~~^^^^^^^^^^^^^^^^^^^^^^^^^^^^^^^^^^^^^^^^^^^^^^^^^^^^^^^
  File "E:\github\wk_python\chaoxing_auto\.venv\Lib\site-packages\playwright\sync_api\_generated.py", line 9770, in goto
    self._sync(
    ~~~~~~~~~~^
        self._impl_obj.goto(
        ^^^^^^^^^^^^^^^^^^^^
    ...<4 lines>...
        )
        ^
    )
    ^
  File "E:\github\wk_python\chaoxing_auto\.venv\Lib\site-packages\playwright\_impl\_sync_base.py", line 115, in _sync
    return task.result()
           ~~~~~~~~~~~^^
  File "E:\github\wk_python\chaoxing_auto\.venv\Lib\site-packages\playwright\_impl\_page.py", line 560, in goto
    return await self._main_frame.goto(**locals_to_params(locals()))
           ^^^^^^^^^^^^^^^^^^^^^^^^^^^^^^^^^^^^^^^^^^^^^^^^^^^^^^^^^
  File "E:\github\wk_python\chaoxing_auto\.venv\Lib\site-packages\playwright\_impl\_frame.py", line 156, in goto
    await self._channel.send(
        "goto", self._navigation_timeout, locals_to_params(locals())
    )
  File "E:\github\wk_python\chaoxing_auto\.venv\Lib\site-packages\playwright\_impl\_connection.py", line 69, in send
    return await self._connection.wrap_api_call(
           ^^^^^^^^^^^^^^^^^^^^^^^^^^^^^^^^^^^^^
    ...<3 lines>...
    )
    ^
  File "E:\github\wk_python\chaoxing_auto\.venv\Lib\site-packages\playwright\_impl\_connection.py", line 563, in wrap_api_call
    raise rewrite_error(error, f"{parsed_st['apiName']}: {error}") from None
playwright._impl._errors.TargetClosedError: Page.goto: Target page, context or browser has been closed
2026-07-08 16:33:08 ERROR 保存截图失败: Page.screenshot: Target page, context or browser has been closed
Traceback (most recent call last):
  File "E:\github\wk_python\chaoxing_auto\utils\helper.py", line 63, in save_screenshot
    page.screenshot(path=str(path), full_page=True)
    ~~~~~~~~~~~~~~~^^^^^^^^^^^^^^^^^^^^^^^^^^^^^^^^
  File "E:\github\wk_python\chaoxing_auto\.venv\Lib\site-packages\playwright\sync_api\_generated.py", line 10754, in screenshot
    self._sync(
    ~~~~~~~~~~^
        self._impl_obj.screenshot(
        ^^^^^^^^^^^^^^^^^^^^^^^^^^
    ...<13 lines>...
        )
        ^
    )
    ^
  File "E:\github\wk_python\chaoxing_auto\.venv\Lib\site-packages\playwright\_impl\_sync_base.py", line 115, in _sync
    return task.result()
           ~~~~~~~~~~~^^
  File "E:\github\wk_python\chaoxing_auto\.venv\Lib\site-packages\playwright\_impl\_page.py", line 828, in screenshot
    encoded_binary = await self._channel.send(
                     ^^^^^^^^^^^^^^^^^^^^^^^^^
        "screenshot", self._timeout_settings.timeout, params
        ^^^^^^^^^^^^^^^^^^^^^^^^^^^^^^^^^^^^^^^^^^^^^^^^^^^^
    )
    ^
  File "E:\github\wk_python\chaoxing_auto\.venv\Lib\site-packages\playwright\_impl\_connection.py", line 69, in send
    return await self._connection.wrap_api_call(
           ^^^^^^^^^^^^^^^^^^^^^^^^^^^^^^^^^^^^^
    ...<3 lines>...
    )
    ^
  File "E:\github\wk_python\chaoxing_auto\.venv\Lib\site-packages\playwright\_impl\_connection.py", line 563, in wrap_api_call
    raise rewrite_error(error, f"{parsed_st['apiName']}: {error}") from None
playwright._impl._errors.TargetClosedError: Page.screenshot: Target page, context or browser has been closed
2026-07-08 16:33:08 ERROR 章节处理失败，继续下一章节: 1 2.1.1 第二节 常见创新思维技法，错误: Page.goto: Target page, context or browser has been closed
Traceback (most recent call last):
  File "E:\github\wk_python\chaoxing_auto\main.py", line 326, in _learn_open_course
    chapter_manager.open_chapter(chapter)
    ~~~~~~~~~~~~~~~~~~~~~~~~~~~~^^^^^^^^^
  File "E:\github\wk_python\chaoxing_auto\course\chapter.py", line 131, in open_chapter
    self.page.goto(url, wait_until="domcontentloaded", timeout=WAIT_TIME)
    ~~~~~~~~~~~~~~^^^^^^^^^^^^^^^^^^^^^^^^^^^^^^^^^^^^^^^^^^^^^^^^^^^^^^^
  File "E:\github\wk_python\chaoxing_auto\.venv\Lib\site-packages\playwright\sync_api\_generated.py", line 9770, in goto
    self._sync(
    ~~~~~~~~~~^
        self._impl_obj.goto(
        ^^^^^^^^^^^^^^^^^^^^
    ...<4 lines>...
        )
        ^
    )
    ^
  File "E:\github\wk_python\chaoxing_auto\.venv\Lib\site-packages\playwright\_impl\_sync_base.py", line 115, in _sync
    return task.result()
           ~~~~~~~~~~~^^
  File "E:\github\wk_python\chaoxing_auto\.venv\Lib\site-packages\playwright\_impl\_page.py", line 560, in goto
    return await self._main_frame.goto(**locals_to_params(locals()))
           ^^^^^^^^^^^^^^^^^^^^^^^^^^^^^^^^^^^^^^^^^^^^^^^^^^^^^^^^^
  File "E:\github\wk_python\chaoxing_auto\.venv\Lib\site-packages\playwright\_impl\_frame.py", line 156, in goto
    await self._channel.send(
        "goto", self._navigation_timeout, locals_to_params(locals())
    )
  File "E:\github\wk_python\chaoxing_auto\.venv\Lib\site-packages\playwright\_impl\_connection.py", line 69, in send
    return await self._connection.wrap_api_call(
           ^^^^^^^^^^^^^^^^^^^^^^^^^^^^^^^^^^^^^
    ...<3 lines>...
    )
    ^
  File "E:\github\wk_python\chaoxing_auto\.venv\Lib\site-packages\playwright\_impl\_connection.py", line 563, in wrap_api_call
    raise rewrite_error(error, f"{parsed_st['apiName']}: {error}") from None
playwright._impl._errors.TargetClosedError: Page.goto: Target page, context or browser has been closed
2026-07-08 16:33:08 INFO 开始学习章节 [7/74]: 2.1.1.1 第三节创新可行性判别
2026-07-08 16:33:08 INFO 打开章节: 2.1.1.1 第三节创新可行性判别
2026-07-08 16:33:08 ERROR 保存截图失败: Page.screenshot: Target page, context or browser has been closed
Traceback (most recent call last):
  File "E:\github\wk_python\chaoxing_auto\utils\helper.py", line 63, in save_screenshot
    page.screenshot(path=str(path), full_page=True)
    ~~~~~~~~~~~~~~~^^^^^^^^^^^^^^^^^^^^^^^^^^^^^^^^
  File "E:\github\wk_python\chaoxing_auto\.venv\Lib\site-packages\playwright\sync_api\_generated.py", line 10754, in screenshot
    self._sync(
    ~~~~~~~~~~^
        self._impl_obj.screenshot(
        ^^^^^^^^^^^^^^^^^^^^^^^^^^
    ...<13 lines>...
        )
        ^
    )
    ^
  File "E:\github\wk_python\chaoxing_auto\.venv\Lib\site-packages\playwright\_impl\_sync_base.py", line 115, in _sync
    return task.result()
           ~~~~~~~~~~~^^
  File "E:\github\wk_python\chaoxing_auto\.venv\Lib\site-packages\playwright\_impl\_page.py", line 828, in screenshot
    encoded_binary = await self._channel.send(
                     ^^^^^^^^^^^^^^^^^^^^^^^^^
        "screenshot", self._timeout_settings.timeout, params
        ^^^^^^^^^^^^^^^^^^^^^^^^^^^^^^^^^^^^^^^^^^^^^^^^^^^^
    )
    ^
  File "E:\github\wk_python\chaoxing_auto\.venv\Lib\site-packages\playwright\_impl\_connection.py", line 69, in send
    return await self._connection.wrap_api_call(
           ^^^^^^^^^^^^^^^^^^^^^^^^^^^^^^^^^^^^^
    ...<3 lines>...
    )
    ^
  File "E:\github\wk_python\chaoxing_auto\.venv\Lib\site-packages\playwright\_impl\_connection.py", line 563, in wrap_api_call
    raise rewrite_error(error, f"{parsed_st['apiName']}: {error}") from None
playwright._impl._errors.TargetClosedError: Page.screenshot: Target page, context or browser has been closed
2026-07-08 16:33:08 ERROR 打开章节失败: Page.goto: Target page, context or browser has been closed
Traceback (most recent call last):
  File "E:\github\wk_python\chaoxing_auto\course\chapter.py", line 131, in open_chapter
    self.page.goto(url, wait_until="domcontentloaded", timeout=WAIT_TIME)
    ~~~~~~~~~~~~~~^^^^^^^^^^^^^^^^^^^^^^^^^^^^^^^^^^^^^^^^^^^^^^^^^^^^^^^
  File "E:\github\wk_python\chaoxing_auto\.venv\Lib\site-packages\playwright\sync_api\_generated.py", line 9770, in goto
    self._sync(
    ~~~~~~~~~~^
        self._impl_obj.goto(
        ^^^^^^^^^^^^^^^^^^^^
    ...<4 lines>...
        )
        ^
    )
    ^
  File "E:\github\wk_python\chaoxing_auto\.venv\Lib\site-packages\playwright\_impl\_sync_base.py", line 115, in _sync
    return task.result()
           ~~~~~~~~~~~^^
  File "E:\github\wk_python\chaoxing_auto\.venv\Lib\site-packages\playwright\_impl\_page.py", line 560, in goto
    return await self._main_frame.goto(**locals_to_params(locals()))
           ^^^^^^^^^^^^^^^^^^^^^^^^^^^^^^^^^^^^^^^^^^^^^^^^^^^^^^^^^
  File "E:\github\wk_python\chaoxing_auto\.venv\Lib\site-packages\playwright\_impl\_frame.py", line 156, in goto
    await self._channel.send(
        "goto", self._navigation_timeout, locals_to_params(locals())
    )
  File "E:\github\wk_python\chaoxing_auto\.venv\Lib\site-packages\playwright\_impl\_connection.py", line 69, in send
    return await self._connection.wrap_api_call(
           ^^^^^^^^^^^^^^^^^^^^^^^^^^^^^^^^^^^^^
    ...<3 lines>...
    )
    ^
  File "E:\github\wk_python\chaoxing_auto\.venv\Lib\site-packages\playwright\_impl\_connection.py", line 563, in wrap_api_call
    raise rewrite_error(error, f"{parsed_st['apiName']}: {error}") from None
playwright._impl._errors.TargetClosedError: Page.goto: Target page, context or browser has been closed
2026-07-08 16:33:08 ERROR 保存截图失败: Page.screenshot: Target page, context or browser has been closed
Traceback (most recent call last):
  File "E:\github\wk_python\chaoxing_auto\utils\helper.py", line 63, in save_screenshot
    page.screenshot(path=str(path), full_page=True)
    ~~~~~~~~~~~~~~~^^^^^^^^^^^^^^^^^^^^^^^^^^^^^^^^
  File "E:\github\wk_python\chaoxing_auto\.venv\Lib\site-packages\playwright\sync_api\_generated.py", line 10754, in screenshot
    self._sync(
    ~~~~~~~~~~^
        self._impl_obj.screenshot(
        ^^^^^^^^^^^^^^^^^^^^^^^^^^
    ...<13 lines>...
        )
        ^
    )
    ^
  File "E:\github\wk_python\chaoxing_auto\.venv\Lib\site-packages\playwright\_impl\_sync_base.py", line 115, in _sync
    return task.result()
           ~~~~~~~~~~~^^
  File "E:\github\wk_python\chaoxing_auto\.venv\Lib\site-packages\playwright\_impl\_page.py", line 828, in screenshot
    encoded_binary = await self._channel.send(
                     ^^^^^^^^^^^^^^^^^^^^^^^^^
        "screenshot", self._timeout_settings.timeout, params
        ^^^^^^^^^^^^^^^^^^^^^^^^^^^^^^^^^^^^^^^^^^^^^^^^^^^^
    )
    ^
  File "E:\github\wk_python\chaoxing_auto\.venv\Lib\site-packages\playwright\_impl\_connection.py", line 69, in send
    return await self._connection.wrap_api_call(
           ^^^^^^^^^^^^^^^^^^^^^^^^^^^^^^^^^^^^^
    ...<3 lines>...
    )
    ^
  File "E:\github\wk_python\chaoxing_auto\.venv\Lib\site-packages\playwright\_impl\_connection.py", line 563, in wrap_api_call
    raise rewrite_error(error, f"{parsed_st['apiName']}: {error}") from None
playwright._impl._errors.TargetClosedError: Page.screenshot: Target page, context or browser has been closed
2026-07-08 16:33:08 ERROR 章节处理失败，继续下一章节: 2.1.1.1 第三节创新可行性判别，错误: Page.goto: Target page, context or browser has been closed
Traceback (most recent call last):
  File "E:\github\wk_python\chaoxing_auto\main.py", line 326, in _learn_open_course
    chapter_manager.open_chapter(chapter)
    ~~~~~~~~~~~~~~~~~~~~~~~~~~~~^^^^^^^^^
  File "E:\github\wk_python\chaoxing_auto\course\chapter.py", line 131, in open_chapter
    self.page.goto(url, wait_until="domcontentloaded", timeout=WAIT_TIME)
    ~~~~~~~~~~~~~~^^^^^^^^^^^^^^^^^^^^^^^^^^^^^^^^^^^^^^^^^^^^^^^^^^^^^^^
  File "E:\github\wk_python\chaoxing_auto\.venv\Lib\site-packages\playwright\sync_api\_generated.py", line 9770, in goto
    self._sync(
    ~~~~~~~~~~^
        self._impl_obj.goto(
        ^^^^^^^^^^^^^^^^^^^^
    ...<4 lines>...
        )
        ^
    )
    ^
  File "E:\github\wk_python\chaoxing_auto\.venv\Lib\site-packages\playwright\_impl\_sync_base.py", line 115, in _sync
    return task.result()
           ~~~~~~~~~~~^^
  File "E:\github\wk_python\chaoxing_auto\.venv\Lib\site-packages\playwright\_impl\_page.py", line 560, in goto
    return await self._main_frame.goto(**locals_to_params(locals()))
           ^^^^^^^^^^^^^^^^^^^^^^^^^^^^^^^^^^^^^^^^^^^^^^^^^^^^^^^^^
  File "E:\github\wk_python\chaoxing_auto\.venv\Lib\site-packages\playwright\_impl\_frame.py", line 156, in goto
    await self._channel.send(
        "goto", self._navigation_timeout, locals_to_params(locals())
    )
  File "E:\github\wk_python\chaoxing_auto\.venv\Lib\site-packages\playwright\_impl\_connection.py", line 69, in send
    return await self._connection.wrap_api_call(
           ^^^^^^^^^^^^^^^^^^^^^^^^^^^^^^^^^^^^^
    ...<3 lines>...
    )
    ^
  File "E:\github\wk_python\chaoxing_auto\.venv\Lib\site-packages\playwright\_impl\_connection.py", line 563, in wrap_api_call
    raise rewrite_error(error, f"{parsed_st['apiName']}: {error}") from None
playwright._impl._errors.TargetClosedError: Page.goto: Target page, context or browser has been closed
2026-07-08 16:33:08 INFO 开始学习章节 [8/74]: 3.1 第一节 认识创业思维 1
2026-07-08 16:33:08 INFO 打开章节: 3.1 第一节 认识创业思维 1
2026-07-08 16:33:08 ERROR 保存截图失败: Page.screenshot: Target page, context or browser has been closed
Traceback (most recent call last):
  File "E:\github\wk_python\chaoxing_auto\utils\helper.py", line 63, in save_screenshot
    page.screenshot(path=str(path), full_page=True)
    ~~~~~~~~~~~~~~~^^^^^^^^^^^^^^^^^^^^^^^^^^^^^^^^
  File "E:\github\wk_python\chaoxing_auto\.venv\Lib\site-packages\playwright\sync_api\_generated.py", line 10754, in screenshot
    self._sync(
    ~~~~~~~~~~^
        self._impl_obj.screenshot(
        ^^^^^^^^^^^^^^^^^^^^^^^^^^
    ...<13 lines>...
        )
        ^
    )
    ^
  File "E:\github\wk_python\chaoxing_auto\.venv\Lib\site-packages\playwright\_impl\_sync_base.py", line 115, in _sync
    return task.result()
           ~~~~~~~~~~~^^
  File "E:\github\wk_python\chaoxing_auto\.venv\Lib\site-packages\playwright\_impl\_page.py", line 828, in screenshot
    encoded_binary = await self._channel.send(
                     ^^^^^^^^^^^^^^^^^^^^^^^^^
        "screenshot", self._timeout_settings.timeout, params
        ^^^^^^^^^^^^^^^^^^^^^^^^^^^^^^^^^^^^^^^^^^^^^^^^^^^^
    )
    ^
  File "E:\github\wk_python\chaoxing_auto\.venv\Lib\site-packages\playwright\_impl\_connection.py", line 69, in send
    return await self._connection.wrap_api_call(
           ^^^^^^^^^^^^^^^^^^^^^^^^^^^^^^^^^^^^^
    ...<3 lines>...
    )
    ^
  File "E:\github\wk_python\chaoxing_auto\.venv\Lib\site-packages\playwright\_impl\_connection.py", line 563, in wrap_api_call
    raise rewrite_error(error, f"{parsed_st['apiName']}: {error}") from None
playwright._impl._errors.TargetClosedError: Page.screenshot: Target page, context or browser has been closed
2026-07-08 16:33:08 ERROR 打开章节失败: Page.goto: Target page, context or browser has been closed
Traceback (most recent call last):
  File "E:\github\wk_python\chaoxing_auto\course\chapter.py", line 131, in open_chapter
    self.page.goto(url, wait_until="domcontentloaded", timeout=WAIT_TIME)
    ~~~~~~~~~~~~~~^^^^^^^^^^^^^^^^^^^^^^^^^^^^^^^^^^^^^^^^^^^^^^^^^^^^^^^
  File "E:\github\wk_python\chaoxing_auto\.venv\Lib\site-packages\playwright\sync_api\_generated.py", line 9770, in goto
    self._sync(
    ~~~~~~~~~~^
        self._impl_obj.goto(
        ^^^^^^^^^^^^^^^^^^^^
    ...<4 lines>...
        )
        ^
    )
    ^
  File "E:\github\wk_python\chaoxing_auto\.venv\Lib\site-packages\playwright\_impl\_sync_base.py", line 115, in _sync
    return task.result()
           ~~~~~~~~~~~^^
  File "E:\github\wk_python\chaoxing_auto\.venv\Lib\site-packages\playwright\_impl\_page.py", line 560, in goto
    return await self._main_frame.goto(**locals_to_params(locals()))
           ^^^^^^^^^^^^^^^^^^^^^^^^^^^^^^^^^^^^^^^^^^^^^^^^^^^^^^^^^
  File "E:\github\wk_python\chaoxing_auto\.venv\Lib\site-packages\playwright\_impl\_frame.py", line 156, in goto
    await self._channel.send(
        "goto", self._navigation_timeout, locals_to_params(locals())
    )
  File "E:\github\wk_python\chaoxing_auto\.venv\Lib\site-packages\playwright\_impl\_connection.py", line 69, in send
    return await self._connection.wrap_api_call(
           ^^^^^^^^^^^^^^^^^^^^^^^^^^^^^^^^^^^^^
    ...<3 lines>...
    )
    ^
  File "E:\github\wk_python\chaoxing_auto\.venv\Lib\site-packages\playwright\_impl\_connection.py", line 563, in wrap_api_call
    raise rewrite_error(error, f"{parsed_st['apiName']}: {error}") from None
playwright._impl._errors.TargetClosedError: Page.goto: Target page, context or browser has been closed
2026-07-08 16:33:08 ERROR 保存截图失败: Page.screenshot: Target page, context or browser has been closed
Traceback (most recent call last):
  File "E:\github\wk_python\chaoxing_auto\utils\helper.py", line 63, in save_screenshot
    page.screenshot(path=str(path), full_page=True)
    ~~~~~~~~~~~~~~~^^^^^^^^^^^^^^^^^^^^^^^^^^^^^^^^
  File "E:\github\wk_python\chaoxing_auto\.venv\Lib\site-packages\playwright\sync_api\_generated.py", line 10754, in screenshot
    self._sync(
    ~~~~~~~~~~^
        self._impl_obj.screenshot(
        ^^^^^^^^^^^^^^^^^^^^^^^^^^
    ...<13 lines>...
        )
        ^
    )
    ^
  File "E:\github\wk_python\chaoxing_auto\.venv\Lib\site-packages\playwright\_impl\_sync_base.py", line 115, in _sync
    return task.result()
           ~~~~~~~~~~~^^
  File "E:\github\wk_python\chaoxing_auto\.venv\Lib\site-packages\playwright\_impl\_page.py", line 828, in screenshot
    encoded_binary = await self._channel.send(
                     ^^^^^^^^^^^^^^^^^^^^^^^^^
        "screenshot", self._timeout_settings.timeout, params
        ^^^^^^^^^^^^^^^^^^^^^^^^^^^^^^^^^^^^^^^^^^^^^^^^^^^^
    )
    ^
  File "E:\github\wk_python\chaoxing_auto\.venv\Lib\site-packages\playwright\_impl\_connection.py", line 69, in send
    return await self._connection.wrap_api_call(
           ^^^^^^^^^^^^^^^^^^^^^^^^^^^^^^^^^^^^^
    ...<3 lines>...
    )
    ^
  File "E:\github\wk_python\chaoxing_auto\.venv\Lib\site-packages\playwright\_impl\_connection.py", line 563, in wrap_api_call
    raise rewrite_error(error, f"{parsed_st['apiName']}: {error}") from None
playwright._impl._errors.TargetClosedError: Page.screenshot: Target page, context or browser has been closed
2026-07-08 16:33:08 ERROR 章节处理失败，继续下一章节: 3.1 第一节 认识创业思维 1，错误: Page.goto: Target page, context or browser has been closed
Traceback (most recent call last):
  File "E:\github\wk_python\chaoxing_auto\main.py", line 326, in _learn_open_course
    chapter_manager.open_chapter(chapter)
    ~~~~~~~~~~~~~~~~~~~~~~~~~~~~^^^^^^^^^
  File "E:\github\wk_python\chaoxing_auto\course\chapter.py", line 131, in open_chapter
    self.page.goto(url, wait_until="domcontentloaded", timeout=WAIT_TIME)
    ~~~~~~~~~~~~~~^^^^^^^^^^^^^^^^^^^^^^^^^^^^^^^^^^^^^^^^^^^^^^^^^^^^^^^
  File "E:\github\wk_python\chaoxing_auto\.venv\Lib\site-packages\playwright\sync_api\_generated.py", line 9770, in goto
    self._sync(
    ~~~~~~~~~~^
        self._impl_obj.goto(
        ^^^^^^^^^^^^^^^^^^^^
    ...<4 lines>...
        )
        ^
    )
    ^
  File "E:\github\wk_python\chaoxing_auto\.venv\Lib\site-packages\playwright\_impl\_sync_base.py", line 115, in _sync
    return task.result()
           ~~~~~~~~~~~^^
  File "E:\github\wk_python\chaoxing_auto\.venv\Lib\site-packages\playwright\_impl\_page.py", line 560, in goto
    return await self._main_frame.goto(**locals_to_params(locals()))
           ^^^^^^^^^^^^^^^^^^^^^^^^^^^^^^^^^^^^^^^^^^^^^^^^^^^^^^^^^
  File "E:\github\wk_python\chaoxing_auto\.venv\Lib\site-packages\playwright\_impl\_frame.py", line 156, in goto
    await self._channel.send(
        "goto", self._navigation_timeout, locals_to_params(locals())
    )
  File "E:\github\wk_python\chaoxing_auto\.venv\Lib\site-packages\playwright\_impl\_connection.py", line 69, in send
    return await self._connection.wrap_api_call(
           ^^^^^^^^^^^^^^^^^^^^^^^^^^^^^^^^^^^^^
    ...<3 lines>...
    )
    ^
  File "E:\github\wk_python\chaoxing_auto\.venv\Lib\site-packages\playwright\_impl\_connection.py", line 563, in wrap_api_call
    raise rewrite_error(error, f"{parsed_st['apiName']}: {error}") from None
playwright._impl._errors.TargetClosedError: Page.goto: Target page, context or browser has been closed
2026-07-08 16:33:08 INFO 开始学习章节 [9/74]: 3.2 第二节 常见创业思维工具 1
2026-07-08 16:33:08 INFO 打开章节: 3.2 第二节 常见创业思维工具 1
2026-07-08 16:33:08 ERROR 保存截图失败: Page.screenshot: Target page, context or browser has been closed
Traceback (most recent call last):
  File "E:\github\wk_python\chaoxing_auto\utils\helper.py", line 63, in save_screenshot
    page.screenshot(path=str(path), full_page=True)
    ~~~~~~~~~~~~~~~^^^^^^^^^^^^^^^^^^^^^^^^^^^^^^^^
  File "E:\github\wk_python\chaoxing_auto\.venv\Lib\site-packages\playwright\sync_api\_generated.py", line 10754, in screenshot
    self._sync(
    ~~~~~~~~~~^
        self._impl_obj.screenshot(
        ^^^^^^^^^^^^^^^^^^^^^^^^^^
    ...<13 lines>...
        )
        ^
    )
    ^
  File "E:\github\wk_python\chaoxing_auto\.venv\Lib\site-packages\playwright\_impl\_sync_base.py", line 115, in _sync
    return task.result()
           ~~~~~~~~~~~^^
  File "E:\github\wk_python\chaoxing_auto\.venv\Lib\site-packages\playwright\_impl\_page.py", line 828, in screenshot
    encoded_binary = await self._channel.send(
                     ^^^^^^^^^^^^^^^^^^^^^^^^^
        "screenshot", self._timeout_settings.timeout, params
        ^^^^^^^^^^^^^^^^^^^^^^^^^^^^^^^^^^^^^^^^^^^^^^^^^^^^
    )
    ^
  File "E:\github\wk_python\chaoxing_auto\.venv\Lib\site-packages\playwright\_impl\_connection.py", line 69, in send
    return await self._connection.wrap_api_call(
           ^^^^^^^^^^^^^^^^^^^^^^^^^^^^^^^^^^^^^
    ...<3 lines>...
    )
    ^
  File "E:\github\wk_python\chaoxing_auto\.venv\Lib\site-packages\playwright\_impl\_connection.py", line 563, in wrap_api_call
    raise rewrite_error(error, f"{parsed_st['apiName']}: {error}") from None
playwright._impl._errors.TargetClosedError: Page.screenshot: Target page, context or browser has been closed
2026-07-08 16:33:08 ERROR 打开章节失败: Page.goto: Target page, context or browser has been closed
Traceback (most recent call last):
  File "E:\github\wk_python\chaoxing_auto\course\chapter.py", line 131, in open_chapter
    self.page.goto(url, wait_until="domcontentloaded", timeout=WAIT_TIME)
    ~~~~~~~~~~~~~~^^^^^^^^^^^^^^^^^^^^^^^^^^^^^^^^^^^^^^^^^^^^^^^^^^^^^^^
  File "E:\github\wk_python\chaoxing_auto\.venv\Lib\site-packages\playwright\sync_api\_generated.py", line 9770, in goto
    self._sync(
    ~~~~~~~~~~^
        self._impl_obj.goto(
        ^^^^^^^^^^^^^^^^^^^^
    ...<4 lines>...
        )
        ^
    )
    ^
  File "E:\github\wk_python\chaoxing_auto\.venv\Lib\site-packages\playwright\_impl\_sync_base.py", line 115, in _sync
    return task.result()
           ~~~~~~~~~~~^^
  File "E:\github\wk_python\chaoxing_auto\.venv\Lib\site-packages\playwright\_impl\_page.py", line 560, in goto
    return await self._main_frame.goto(**locals_to_params(locals()))
           ^^^^^^^^^^^^^^^^^^^^^^^^^^^^^^^^^^^^^^^^^^^^^^^^^^^^^^^^^
  File "E:\github\wk_python\chaoxing_auto\.venv\Lib\site-packages\playwright\_impl\_frame.py", line 156, in goto
    await self._channel.send(
        "goto", self._navigation_timeout, locals_to_params(locals())
    )
  File "E:\github\wk_python\chaoxing_auto\.venv\Lib\site-packages\playwright\_impl\_connection.py", line 69, in send
    return await self._connection.wrap_api_call(
           ^^^^^^^^^^^^^^^^^^^^^^^^^^^^^^^^^^^^^
    ...<3 lines>...
    )
    ^
  File "E:\github\wk_python\chaoxing_auto\.venv\Lib\site-packages\playwright\_impl\_connection.py", line 563, in wrap_api_call
    raise rewrite_error(error, f"{parsed_st['apiName']}: {error}") from None
playwright._impl._errors.TargetClosedError: Page.goto: Target page, context or browser has been closed
2026-07-08 16:33:08 ERROR 保存截图失败: Page.screenshot: Target page, context or browser has been closed
Traceback (most recent call last):
  File "E:\github\wk_python\chaoxing_auto\utils\helper.py", line 63, in save_screenshot
    page.screenshot(path=str(path), full_page=True)
    ~~~~~~~~~~~~~~~^^^^^^^^^^^^^^^^^^^^^^^^^^^^^^^^
  File "E:\github\wk_python\chaoxing_auto\.venv\Lib\site-packages\playwright\sync_api\_generated.py", line 10754, in screenshot
    self._sync(
    ~~~~~~~~~~^
        self._impl_obj.screenshot(
        ^^^^^^^^^^^^^^^^^^^^^^^^^^
    ...<13 lines>...
        )
        ^
    )
    ^
  File "E:\github\wk_python\chaoxing_auto\.venv\Lib\site-packages\playwright\_impl\_sync_base.py", line 115, in _sync
    return task.result()
           ~~~~~~~~~~~^^
  File "E:\github\wk_python\chaoxing_auto\.venv\Lib\site-packages\playwright\_impl\_page.py", line 828, in screenshot
    encoded_binary = await self._channel.send(
                     ^^^^^^^^^^^^^^^^^^^^^^^^^
        "screenshot", self._timeout_settings.timeout, params
        ^^^^^^^^^^^^^^^^^^^^^^^^^^^^^^^^^^^^^^^^^^^^^^^^^^^^
    )
    ^
  File "E:\github\wk_python\chaoxing_auto\.venv\Lib\site-packages\playwright\_impl\_connection.py", line 69, in send
    return await self._connection.wrap_api_call(
           ^^^^^^^^^^^^^^^^^^^^^^^^^^^^^^^^^^^^^
    ...<3 lines>...
    )
    ^
  File "E:\github\wk_python\chaoxing_auto\.venv\Lib\site-packages\playwright\_impl\_connection.py", line 563, in wrap_api_call
    raise rewrite_error(error, f"{parsed_st['apiName']}: {error}") from None
playwright._impl._errors.TargetClosedError: Page.screenshot: Target page, context or browser has been closed
2026-07-08 16:33:08 ERROR 章节处理失败，继续下一章节: 3.2 第二节 常见创业思维工具 1，错误: Page.goto: Target page, context or browser has been closed
Traceback (most recent call last):
  File "E:\github\wk_python\chaoxing_auto\main.py", line 326, in _learn_open_course
    chapter_manager.open_chapter(chapter)
    ~~~~~~~~~~~~~~~~~~~~~~~~~~~~^^^^^^^^^
  File "E:\github\wk_python\chaoxing_auto\course\chapter.py", line 131, in open_chapter
    self.page.goto(url, wait_until="domcontentloaded", timeout=WAIT_TIME)
    ~~~~~~~~~~~~~~^^^^^^^^^^^^^^^^^^^^^^^^^^^^^^^^^^^^^^^^^^^^^^^^^^^^^^^
  File "E:\github\wk_python\chaoxing_auto\.venv\Lib\site-packages\playwright\sync_api\_generated.py", line 9770, in goto
    self._sync(
    ~~~~~~~~~~^
        self._impl_obj.goto(
        ^^^^^^^^^^^^^^^^^^^^
    ...<4 lines>...
        )
        ^
    )
    ^
  File "E:\github\wk_python\chaoxing_auto\.venv\Lib\site-packages\playwright\_impl\_sync_base.py", line 115, in _sync
    return task.result()
           ~~~~~~~~~~~^^
  File "E:\github\wk_python\chaoxing_auto\.venv\Lib\site-packages\playwright\_impl\_page.py", line 560, in goto
    return await self._main_frame.goto(**locals_to_params(locals()))
           ^^^^^^^^^^^^^^^^^^^^^^^^^^^^^^^^^^^^^^^^^^^^^^^^^^^^^^^^^
  File "E:\github\wk_python\chaoxing_auto\.venv\Lib\site-packages\playwright\_impl\_frame.py", line 156, in goto
    await self._channel.send(
        "goto", self._navigation_timeout, locals_to_params(locals())
    )
  File "E:\github\wk_python\chaoxing_auto\.venv\Lib\site-packages\playwright\_impl\_connection.py", line 69, in send
    return await self._connection.wrap_api_call(
           ^^^^^^^^^^^^^^^^^^^^^^^^^^^^^^^^^^^^^
    ...<3 lines>...
    )
    ^
  File "E:\github\wk_python\chaoxing_auto\.venv\Lib\site-packages\playwright\_impl\_connection.py", line 563, in wrap_api_call
    raise rewrite_error(error, f"{parsed_st['apiName']}: {error}") from None
playwright._impl._errors.TargetClosedError: Page.goto: Target page, context or browser has been closed
2026-07-08 16:33:08 INFO 开始学习章节 [10/74]: 4.1 第一节 发现问题和需求 1
2026-07-08 16:33:08 INFO 打开章节: 4.1 第一节 发现问题和需求 1
2026-07-08 16:33:08 ERROR 保存截图失败: Page.screenshot: Target page, context or browser has been closed
Traceback (most recent call last):
  File "E:\github\wk_python\chaoxing_auto\utils\helper.py", line 63, in save_screenshot
    page.screenshot(path=str(path), full_page=True)
    ~~~~~~~~~~~~~~~^^^^^^^^^^^^^^^^^^^^^^^^^^^^^^^^
  File "E:\github\wk_python\chaoxing_auto\.venv\Lib\site-packages\playwright\sync_api\_generated.py", line 10754, in screenshot
    self._sync(
    ~~~~~~~~~~^
        self._impl_obj.screenshot(
        ^^^^^^^^^^^^^^^^^^^^^^^^^^
    ...<13 lines>...
        )
        ^
    )
    ^
  File "E:\github\wk_python\chaoxing_auto\.venv\Lib\site-packages\playwright\_impl\_sync_base.py", line 115, in _sync
    return task.result()
           ~~~~~~~~~~~^^
  File "E:\github\wk_python\chaoxing_auto\.venv\Lib\site-packages\playwright\_impl\_page.py", line 828, in screenshot
    encoded_binary = await self._channel.send(
                     ^^^^^^^^^^^^^^^^^^^^^^^^^
        "screenshot", self._timeout_settings.timeout, params
        ^^^^^^^^^^^^^^^^^^^^^^^^^^^^^^^^^^^^^^^^^^^^^^^^^^^^
    )
    ^
  File "E:\github\wk_python\chaoxing_auto\.venv\Lib\site-packages\playwright\_impl\_connection.py", line 69, in send
    return await self._connection.wrap_api_call(
           ^^^^^^^^^^^^^^^^^^^^^^^^^^^^^^^^^^^^^
    ...<3 lines>...
    )
    ^
  File "E:\github\wk_python\chaoxing_auto\.venv\Lib\site-packages\playwright\_impl\_connection.py", line 563, in wrap_api_call
    raise rewrite_error(error, f"{parsed_st['apiName']}: {error}") from None
playwright._impl._errors.TargetClosedError: Page.screenshot: Target page, context or browser has been closed
2026-07-08 16:33:08 ERROR 打开章节失败: Page.goto: Target page, context or browser has been closed
Traceback (most recent call last):
  File "E:\github\wk_python\chaoxing_auto\course\chapter.py", line 131, in open_chapter
    self.page.goto(url, wait_until="domcontentloaded", timeout=WAIT_TIME)
    ~~~~~~~~~~~~~~^^^^^^^^^^^^^^^^^^^^^^^^^^^^^^^^^^^^^^^^^^^^^^^^^^^^^^^
  File "E:\github\wk_python\chaoxing_auto\.venv\Lib\site-packages\playwright\sync_api\_generated.py", line 9770, in goto
    self._sync(
    ~~~~~~~~~~^
        self._impl_obj.goto(
        ^^^^^^^^^^^^^^^^^^^^
    ...<4 lines>...
        )
        ^
    )
    ^
  File "E:\github\wk_python\chaoxing_auto\.venv\Lib\site-packages\playwright\_impl\_sync_base.py", line 115, in _sync
    return task.result()
           ~~~~~~~~~~~^^
  File "E:\github\wk_python\chaoxing_auto\.venv\Lib\site-packages\playwright\_impl\_page.py", line 560, in goto
    return await self._main_frame.goto(**locals_to_params(locals()))
           ^^^^^^^^^^^^^^^^^^^^^^^^^^^^^^^^^^^^^^^^^^^^^^^^^^^^^^^^^
  File "E:\github\wk_python\chaoxing_auto\.venv\Lib\site-packages\playwright\_impl\_frame.py", line 156, in goto
    await self._channel.send(
        "goto", self._navigation_timeout, locals_to_params(locals())
    )
  File "E:\github\wk_python\chaoxing_auto\.venv\Lib\site-packages\playwright\_impl\_connection.py", line 69, in send
    return await self._connection.wrap_api_call(
           ^^^^^^^^^^^^^^^^^^^^^^^^^^^^^^^^^^^^^
    ...<3 lines>...
    )
    ^
  File "E:\github\wk_python\chaoxing_auto\.venv\Lib\site-packages\playwright\_impl\_connection.py", line 563, in wrap_api_call
    raise rewrite_error(error, f"{parsed_st['apiName']}: {error}") from None
playwright._impl._errors.TargetClosedError: Page.goto: Target page, context or browser has been closed
2026-07-08 16:33:08 ERROR 保存截图失败: Page.screenshot: Target page, context or browser has been closed
Traceback (most recent call last):
  File "E:\github\wk_python\chaoxing_auto\utils\helper.py", line 63, in save_screenshot
    page.screenshot(path=str(path), full_page=True)
    ~~~~~~~~~~~~~~~^^^^^^^^^^^^^^^^^^^^^^^^^^^^^^^^
  File "E:\github\wk_python\chaoxing_auto\.venv\Lib\site-packages\playwright\sync_api\_generated.py", line 10754, in screenshot
    self._sync(
    ~~~~~~~~~~^
        self._impl_obj.screenshot(
        ^^^^^^^^^^^^^^^^^^^^^^^^^^
    ...<13 lines>...
        )
        ^
    )
    ^
  File "E:\github\wk_python\chaoxing_auto\.venv\Lib\site-packages\playwright\_impl\_sync_base.py", line 115, in _sync
    return task.result()
           ~~~~~~~~~~~^^
  File "E:\github\wk_python\chaoxing_auto\.venv\Lib\site-packages\playwright\_impl\_page.py", line 828, in screenshot
    encoded_binary = await self._channel.send(
                     ^^^^^^^^^^^^^^^^^^^^^^^^^
        "screenshot", self._timeout_settings.timeout, params
        ^^^^^^^^^^^^^^^^^^^^^^^^^^^^^^^^^^^^^^^^^^^^^^^^^^^^
    )
    ^
  File "E:\github\wk_python\chaoxing_auto\.venv\Lib\site-packages\playwright\_impl\_connection.py", line 69, in send
    return await self._connection.wrap_api_call(
           ^^^^^^^^^^^^^^^^^^^^^^^^^^^^^^^^^^^^^
    ...<3 lines>...
    )
    ^
  File "E:\github\wk_python\chaoxing_auto\.venv\Lib\site-packages\playwright\_impl\_connection.py", line 563, in wrap_api_call
    raise rewrite_error(error, f"{parsed_st['apiName']}: {error}") from None
playwright._impl._errors.TargetClosedError: Page.screenshot: Target page, context or browser has been closed
2026-07-08 16:33:08 ERROR 章节处理失败，继续下一章节: 4.1 第一节 发现问题和需求 1，错误: Page.goto: Target page, context or browser has been closed
Traceback (most recent call last):
  File "E:\github\wk_python\chaoxing_auto\main.py", line 326, in _learn_open_course
    chapter_manager.open_chapter(chapter)
    ~~~~~~~~~~~~~~~~~~~~~~~~~~~~^^^^^^^^^
  File "E:\github\wk_python\chaoxing_auto\course\chapter.py", line 131, in open_chapter
    self.page.goto(url, wait_until="domcontentloaded", timeout=WAIT_TIME)
    ~~~~~~~~~~~~~~^^^^^^^^^^^^^^^^^^^^^^^^^^^^^^^^^^^^^^^^^^^^^^^^^^^^^^^
  File "E:\github\wk_python\chaoxing_auto\.venv\Lib\site-packages\playwright\sync_api\_generated.py", line 9770, in goto
    self._sync(
    ~~~~~~~~~~^
        self._impl_obj.goto(
        ^^^^^^^^^^^^^^^^^^^^
    ...<4 lines>...
        )
        ^
    )
    ^
  File "E:\github\wk_python\chaoxing_auto\.venv\Lib\site-packages\playwright\_impl\_sync_base.py", line 115, in _sync
    return task.result()
           ~~~~~~~~~~~^^
  File "E:\github\wk_python\chaoxing_auto\.venv\Lib\site-packages\playwright\_impl\_page.py", line 560, in goto
    return await self._main_frame.goto(**locals_to_params(locals()))
           ^^^^^^^^^^^^^^^^^^^^^^^^^^^^^^^^^^^^^^^^^^^^^^^^^^^^^^^^^
  File "E:\github\wk_python\chaoxing_auto\.venv\Lib\site-packages\playwright\_impl\_frame.py", line 156, in goto
    await self._channel.send(
        "goto", self._navigation_timeout, locals_to_params(locals())
    )
  File "E:\github\wk_python\chaoxing_auto\.venv\Lib\site-packages\playwright\_impl\_connection.py", line 69, in send
    return await self._connection.wrap_api_call(
           ^^^^^^^^^^^^^^^^^^^^^^^^^^^^^^^^^^^^^
    ...<3 lines>...
    )
    ^
  File "E:\github\wk_python\chaoxing_auto\.venv\Lib\site-packages\playwright\_impl\_connection.py", line 563, in wrap_api_call
    raise rewrite_error(error, f"{parsed_st['apiName']}: {error}") from None
playwright._impl._errors.TargetClosedError: Page.goto: Target page, context or browser has been closed
2026-07-08 16:33:08 INFO 开始学习章节 [11/74]: 4.2 第二节 发掘和把握创业机会 1
2026-07-08 16:33:08 INFO 打开章节: 4.2 第二节 发掘和把握创业机会 1
2026-07-08 16:33:08 ERROR 保存截图失败: Page.screenshot: Target page, context or browser has been closed
Traceback (most recent call last):
  File "E:\github\wk_python\chaoxing_auto\utils\helper.py", line 63, in save_screenshot
    page.screenshot(path=str(path), full_page=True)
    ~~~~~~~~~~~~~~~^^^^^^^^^^^^^^^^^^^^^^^^^^^^^^^^
  File "E:\github\wk_python\chaoxing_auto\.venv\Lib\site-packages\playwright\sync_api\_generated.py", line 10754, in screenshot
    self._sync(
    ~~~~~~~~~~^
        self._impl_obj.screenshot(
        ^^^^^^^^^^^^^^^^^^^^^^^^^^
    ...<13 lines>...
        )
        ^
    )
    ^
  File "E:\github\wk_python\chaoxing_auto\.venv\Lib\site-packages\playwright\_impl\_sync_base.py", line 115, in _sync
    return task.result()
           ~~~~~~~~~~~^^
  File "E:\github\wk_python\chaoxing_auto\.venv\Lib\site-packages\playwright\_impl\_page.py", line 828, in screenshot
    encoded_binary = await self._channel.send(
                     ^^^^^^^^^^^^^^^^^^^^^^^^^
        "screenshot", self._timeout_settings.timeout, params
        ^^^^^^^^^^^^^^^^^^^^^^^^^^^^^^^^^^^^^^^^^^^^^^^^^^^^
    )
    ^
  File "E:\github\wk_python\chaoxing_auto\.venv\Lib\site-packages\playwright\_impl\_connection.py", line 69, in send
    return await self._connection.wrap_api_call(
           ^^^^^^^^^^^^^^^^^^^^^^^^^^^^^^^^^^^^^
    ...<3 lines>...
    )
    ^
  File "E:\github\wk_python\chaoxing_auto\.venv\Lib\site-packages\playwright\_impl\_connection.py", line 563, in wrap_api_call
    raise rewrite_error(error, f"{parsed_st['apiName']}: {error}") from None
playwright._impl._errors.TargetClosedError: Page.screenshot: Target page, context or browser has been closed
2026-07-08 16:33:08 ERROR 打开章节失败: Page.goto: Target page, context or browser has been closed
Traceback (most recent call last):
  File "E:\github\wk_python\chaoxing_auto\course\chapter.py", line 131, in open_chapter
    self.page.goto(url, wait_until="domcontentloaded", timeout=WAIT_TIME)
    ~~~~~~~~~~~~~~^^^^^^^^^^^^^^^^^^^^^^^^^^^^^^^^^^^^^^^^^^^^^^^^^^^^^^^
  File "E:\github\wk_python\chaoxing_auto\.venv\Lib\site-packages\playwright\sync_api\_generated.py", line 9770, in goto
    self._sync(
    ~~~~~~~~~~^
        self._impl_obj.goto(
        ^^^^^^^^^^^^^^^^^^^^
    ...<4 lines>...
        )
        ^
    )
    ^
  File "E:\github\wk_python\chaoxing_auto\.venv\Lib\site-packages\playwright\_impl\_sync_base.py", line 115, in _sync
    return task.result()
           ~~~~~~~~~~~^^
  File "E:\github\wk_python\chaoxing_auto\.venv\Lib\site-packages\playwright\_impl\_page.py", line 560, in goto
    return await self._main_frame.goto(**locals_to_params(locals()))
           ^^^^^^^^^^^^^^^^^^^^^^^^^^^^^^^^^^^^^^^^^^^^^^^^^^^^^^^^^
  File "E:\github\wk_python\chaoxing_auto\.venv\Lib\site-packages\playwright\_impl\_frame.py", line 156, in goto
    await self._channel.send(
        "goto", self._navigation_timeout, locals_to_params(locals())
    )
  File "E:\github\wk_python\chaoxing_auto\.venv\Lib\site-packages\playwright\_impl\_connection.py", line 69, in send
    return await self._connection.wrap_api_call(
           ^^^^^^^^^^^^^^^^^^^^^^^^^^^^^^^^^^^^^
    ...<3 lines>...
    )
    ^
  File "E:\github\wk_python\chaoxing_auto\.venv\Lib\site-packages\playwright\_impl\_connection.py", line 563, in wrap_api_call
    raise rewrite_error(error, f"{parsed_st['apiName']}: {error}") from None
playwright._impl._errors.TargetClosedError: Page.goto: Target page, context or browser has been closed
2026-07-08 16:33:08 ERROR 保存截图失败: Page.screenshot: Target page, context or browser has been closed
Traceback (most recent call last):
  File "E:\github\wk_python\chaoxing_auto\utils\helper.py", line 63, in save_screenshot
    page.screenshot(path=str(path), full_page=True)
    ~~~~~~~~~~~~~~~^^^^^^^^^^^^^^^^^^^^^^^^^^^^^^^^
  File "E:\github\wk_python\chaoxing_auto\.venv\Lib\site-packages\playwright\sync_api\_generated.py", line 10754, in screenshot
    self._sync(
    ~~~~~~~~~~^
        self._impl_obj.screenshot(
        ^^^^^^^^^^^^^^^^^^^^^^^^^^
    ...<13 lines>...
        )
        ^
    )
    ^
  File "E:\github\wk_python\chaoxing_auto\.venv\Lib\site-packages\playwright\_impl\_sync_base.py", line 115, in _sync
    return task.result()
           ~~~~~~~~~~~^^
  File "E:\github\wk_python\chaoxing_auto\.venv\Lib\site-packages\playwright\_impl\_page.py", line 828, in screenshot
    encoded_binary = await self._channel.send(
                     ^^^^^^^^^^^^^^^^^^^^^^^^^
        "screenshot", self._timeout_settings.timeout, params
        ^^^^^^^^^^^^^^^^^^^^^^^^^^^^^^^^^^^^^^^^^^^^^^^^^^^^
    )
    ^
  File "E:\github\wk_python\chaoxing_auto\.venv\Lib\site-packages\playwright\_impl\_connection.py", line 69, in send
    return await self._connection.wrap_api_call(
           ^^^^^^^^^^^^^^^^^^^^^^^^^^^^^^^^^^^^^
    ...<3 lines>...
    )
    ^
  File "E:\github\wk_python\chaoxing_auto\.venv\Lib\site-packages\playwright\_impl\_connection.py", line 563, in wrap_api_call
    raise rewrite_error(error, f"{parsed_st['apiName']}: {error}") from None
playwright._impl._errors.TargetClosedError: Page.screenshot: Target page, context or browser has been closed
2026-07-08 16:33:08 ERROR 章节处理失败，继续下一章节: 4.2 第二节 发掘和把握创业机会 1，错误: Page.goto: Target page, context or browser has been closed
Traceback (most recent call last):
  File "E:\github\wk_python\chaoxing_auto\main.py", line 326, in _learn_open_course
    chapter_manager.open_chapter(chapter)
    ~~~~~~~~~~~~~~~~~~~~~~~~~~~~^^^^^^^^^
  File "E:\github\wk_python\chaoxing_auto\course\chapter.py", line 131, in open_chapter
    self.page.goto(url, wait_until="domcontentloaded", timeout=WAIT_TIME)
    ~~~~~~~~~~~~~~^^^^^^^^^^^^^^^^^^^^^^^^^^^^^^^^^^^^^^^^^^^^^^^^^^^^^^^
  File "E:\github\wk_python\chaoxing_auto\.venv\Lib\site-packages\playwright\sync_api\_generated.py", line 9770, in goto
    self._sync(
    ~~~~~~~~~~^
        self._impl_obj.goto(
        ^^^^^^^^^^^^^^^^^^^^
    ...<4 lines>...
        )
        ^
    )
    ^
  File "E:\github\wk_python\chaoxing_auto\.venv\Lib\site-packages\playwright\_impl\_sync_base.py", line 115, in _sync
    return task.result()
           ~~~~~~~~~~~^^
  File "E:\github\wk_python\chaoxing_auto\.venv\Lib\site-packages\playwright\_impl\_page.py", line 560, in goto
    return await self._main_frame.goto(**locals_to_params(locals()))
           ^^^^^^^^^^^^^^^^^^^^^^^^^^^^^^^^^^^^^^^^^^^^^^^^^^^^^^^^^
  File "E:\github\wk_python\chaoxing_auto\.venv\Lib\site-packages\playwright\_impl\_frame.py", line 156, in goto
    await self._channel.send(
        "goto", self._navigation_timeout, locals_to_params(locals())
    )
  File "E:\github\wk_python\chaoxing_auto\.venv\Lib\site-packages\playwright\_impl\_connection.py", line 69, in send
    return await self._connection.wrap_api_call(
           ^^^^^^^^^^^^^^^^^^^^^^^^^^^^^^^^^^^^^
    ...<3 lines>...
    )
    ^
  File "E:\github\wk_python\chaoxing_auto\.venv\Lib\site-packages\playwright\_impl\_connection.py", line 563, in wrap_api_call
    raise rewrite_error(error, f"{parsed_st['apiName']}: {error}") from None
playwright._impl._errors.TargetClosedError: Page.goto: Target page, context or browser has been closed
2026-07-08 16:33:08 INFO 开始学习章节 [12/74]: 4.3 第三节 创业项目的选择 3
2026-07-08 16:33:08 INFO 打开章节: 4.3 第三节 创业项目的选择 3
2026-07-08 16:33:08 ERROR 保存截图失败: Page.screenshot: Target page, context or browser has been closed
Traceback (most recent call last):
  File "E:\github\wk_python\chaoxing_auto\utils\helper.py", line 63, in save_screenshot
    page.screenshot(path=str(path), full_page=True)
    ~~~~~~~~~~~~~~~^^^^^^^^^^^^^^^^^^^^^^^^^^^^^^^^
  File "E:\github\wk_python\chaoxing_auto\.venv\Lib\site-packages\playwright\sync_api\_generated.py", line 10754, in screenshot
    self._sync(
    ~~~~~~~~~~^
        self._impl_obj.screenshot(
        ^^^^^^^^^^^^^^^^^^^^^^^^^^
    ...<13 lines>...
        )
        ^
    )
    ^
  File "E:\github\wk_python\chaoxing_auto\.venv\Lib\site-packages\playwright\_impl\_sync_base.py", line 115, in _sync
    return task.result()
           ~~~~~~~~~~~^^
  File "E:\github\wk_python\chaoxing_auto\.venv\Lib\site-packages\playwright\_impl\_page.py", line 828, in screenshot
    encoded_binary = await self._channel.send(
                     ^^^^^^^^^^^^^^^^^^^^^^^^^
        "screenshot", self._timeout_settings.timeout, params
        ^^^^^^^^^^^^^^^^^^^^^^^^^^^^^^^^^^^^^^^^^^^^^^^^^^^^
    )
    ^
  File "E:\github\wk_python\chaoxing_auto\.venv\Lib\site-packages\playwright\_impl\_connection.py", line 69, in send
    return await self._connection.wrap_api_call(
           ^^^^^^^^^^^^^^^^^^^^^^^^^^^^^^^^^^^^^
    ...<3 lines>...
    )
    ^
  File "E:\github\wk_python\chaoxing_auto\.venv\Lib\site-packages\playwright\_impl\_connection.py", line 563, in wrap_api_call
    raise rewrite_error(error, f"{parsed_st['apiName']}: {error}") from None
playwright._impl._errors.TargetClosedError: Page.screenshot: Target page, context or browser has been closed
2026-07-08 16:33:08 ERROR 打开章节失败: Page.goto: Target page, context or browser has been closed
Traceback (most recent call last):
  File "E:\github\wk_python\chaoxing_auto\course\chapter.py", line 131, in open_chapter
    self.page.goto(url, wait_until="domcontentloaded", timeout=WAIT_TIME)
    ~~~~~~~~~~~~~~^^^^^^^^^^^^^^^^^^^^^^^^^^^^^^^^^^^^^^^^^^^^^^^^^^^^^^^
  File "E:\github\wk_python\chaoxing_auto\.venv\Lib\site-packages\playwright\sync_api\_generated.py", line 9770, in goto
    self._sync(
    ~~~~~~~~~~^
        self._impl_obj.goto(
        ^^^^^^^^^^^^^^^^^^^^
    ...<4 lines>...
        )
        ^
    )
    ^
  File "E:\github\wk_python\chaoxing_auto\.venv\Lib\site-packages\playwright\_impl\_sync_base.py", line 115, in _sync
    return task.result()
           ~~~~~~~~~~~^^
  File "E:\github\wk_python\chaoxing_auto\.venv\Lib\site-packages\playwright\_impl\_page.py", line 560, in goto
    return await self._main_frame.goto(**locals_to_params(locals()))
           ^^^^^^^^^^^^^^^^^^^^^^^^^^^^^^^^^^^^^^^^^^^^^^^^^^^^^^^^^
  File "E:\github\wk_python\chaoxing_auto\.venv\Lib\site-packages\playwright\_impl\_frame.py", line 156, in goto
    await self._channel.send(
        "goto", self._navigation_timeout, locals_to_params(locals())
    )
  File "E:\github\wk_python\chaoxing_auto\.venv\Lib\site-packages\playwright\_impl\_connection.py", line 69, in send
    return await self._connection.wrap_api_call(
           ^^^^^^^^^^^^^^^^^^^^^^^^^^^^^^^^^^^^^
    ...<3 lines>...
    )
    ^
  File "E:\github\wk_python\chaoxing_auto\.venv\Lib\site-packages\playwright\_impl\_connection.py", line 563, in wrap_api_call
    raise rewrite_error(error, f"{parsed_st['apiName']}: {error}") from None
playwright._impl._errors.TargetClosedError: Page.goto: Target page, context or browser has been closed
2026-07-08 16:33:08 ERROR 保存截图失败: Page.screenshot: Target page, context or browser has been closed
Traceback (most recent call last):
  File "E:\github\wk_python\chaoxing_auto\utils\helper.py", line 63, in save_screenshot
    page.screenshot(path=str(path), full_page=True)
    ~~~~~~~~~~~~~~~^^^^^^^^^^^^^^^^^^^^^^^^^^^^^^^^
  File "E:\github\wk_python\chaoxing_auto\.venv\Lib\site-packages\playwright\sync_api\_generated.py", line 10754, in screenshot
    self._sync(
    ~~~~~~~~~~^
        self._impl_obj.screenshot(
        ^^^^^^^^^^^^^^^^^^^^^^^^^^
    ...<13 lines>...
        )
        ^
    )
    ^
  File "E:\github\wk_python\chaoxing_auto\.venv\Lib\site-packages\playwright\_impl\_sync_base.py", line 115, in _sync
    return task.result()
           ~~~~~~~~~~~^^
  File "E:\github\wk_python\chaoxing_auto\.venv\Lib\site-packages\playwright\_impl\_page.py", line 828, in screenshot
    encoded_binary = await self._channel.send(
                     ^^^^^^^^^^^^^^^^^^^^^^^^^
        "screenshot", self._timeout_settings.timeout, params
        ^^^^^^^^^^^^^^^^^^^^^^^^^^^^^^^^^^^^^^^^^^^^^^^^^^^^
    )
    ^
  File "E:\github\wk_python\chaoxing_auto\.venv\Lib\site-packages\playwright\_impl\_connection.py", line 69, in send
    return await self._connection.wrap_api_call(
           ^^^^^^^^^^^^^^^^^^^^^^^^^^^^^^^^^^^^^
    ...<3 lines>...
    )
    ^
  File "E:\github\wk_python\chaoxing_auto\.venv\Lib\site-packages\playwright\_impl\_connection.py", line 563, in wrap_api_call
    raise rewrite_error(error, f"{parsed_st['apiName']}: {error}") from None
playwright._impl._errors.TargetClosedError: Page.screenshot: Target page, context or browser has been closed
2026-07-08 16:33:08 ERROR 章节处理失败，继续下一章节: 4.3 第三节 创业项目的选择 3，错误: Page.goto: Target page, context or browser has been closed
Traceback (most recent call last):
  File "E:\github\wk_python\chaoxing_auto\main.py", line 326, in _learn_open_course
    chapter_manager.open_chapter(chapter)
    ~~~~~~~~~~~~~~~~~~~~~~~~~~~~^^^^^^^^^
  File "E:\github\wk_python\chaoxing_auto\course\chapter.py", line 131, in open_chapter
    self.page.goto(url, wait_until="domcontentloaded", timeout=WAIT_TIME)
    ~~~~~~~~~~~~~~^^^^^^^^^^^^^^^^^^^^^^^^^^^^^^^^^^^^^^^^^^^^^^^^^^^^^^^
  File "E:\github\wk_python\chaoxing_auto\.venv\Lib\site-packages\playwright\sync_api\_generated.py", line 9770, in goto
    self._sync(
    ~~~~~~~~~~^
        self._impl_obj.goto(
        ^^^^^^^^^^^^^^^^^^^^
    ...<4 lines>...
        )
        ^
    )
    ^
  File "E:\github\wk_python\chaoxing_auto\.venv\Lib\site-packages\playwright\_impl\_sync_base.py", line 115, in _sync
    return task.result()
           ~~~~~~~~~~~^^
  File "E:\github\wk_python\chaoxing_auto\.venv\Lib\site-packages\playwright\_impl\_page.py", line 560, in goto
    return await self._main_frame.goto(**locals_to_params(locals()))
           ^^^^^^^^^^^^^^^^^^^^^^^^^^^^^^^^^^^^^^^^^^^^^^^^^^^^^^^^^
  File "E:\github\wk_python\chaoxing_auto\.venv\Lib\site-packages\playwright\_impl\_frame.py", line 156, in goto
    await self._channel.send(
        "goto", self._navigation_timeout, locals_to_params(locals())
    )
  File "E:\github\wk_python\chaoxing_auto\.venv\Lib\site-packages\playwright\_impl\_connection.py", line 69, in send
    return await self._connection.wrap_api_call(
           ^^^^^^^^^^^^^^^^^^^^^^^^^^^^^^^^^^^^^
    ...<3 lines>...
    )
    ^
  File "E:\github\wk_python\chaoxing_auto\.venv\Lib\site-packages\playwright\_impl\_connection.py", line 563, in wrap_api_call
    raise rewrite_error(error, f"{parsed_st['apiName']}: {error}") from None
playwright._impl._errors.TargetClosedError: Page.goto: Target page, context or browser has been closed
2026-07-08 16:33:08 INFO 开始学习章节 [13/74]: 5.1 第一节 创业机会评估 3
2026-07-08 16:33:08 INFO 打开章节: 5.1 第一节 创业机会评估 3
2026-07-08 16:33:08 ERROR 保存截图失败: Page.screenshot: Target page, context or browser has been closed
Traceback (most recent call last):
  File "E:\github\wk_python\chaoxing_auto\utils\helper.py", line 63, in save_screenshot
    page.screenshot(path=str(path), full_page=True)
    ~~~~~~~~~~~~~~~^^^^^^^^^^^^^^^^^^^^^^^^^^^^^^^^
  File "E:\github\wk_python\chaoxing_auto\.venv\Lib\site-packages\playwright\sync_api\_generated.py", line 10754, in screenshot
    self._sync(
    ~~~~~~~~~~^
        self._impl_obj.screenshot(
        ^^^^^^^^^^^^^^^^^^^^^^^^^^
    ...<13 lines>...
        )
        ^
    )
    ^
  File "E:\github\wk_python\chaoxing_auto\.venv\Lib\site-packages\playwright\_impl\_sync_base.py", line 115, in _sync
    return task.result()
           ~~~~~~~~~~~^^
  File "E:\github\wk_python\chaoxing_auto\.venv\Lib\site-packages\playwright\_impl\_page.py", line 828, in screenshot
    encoded_binary = await self._channel.send(
                     ^^^^^^^^^^^^^^^^^^^^^^^^^
        "screenshot", self._timeout_settings.timeout, params
        ^^^^^^^^^^^^^^^^^^^^^^^^^^^^^^^^^^^^^^^^^^^^^^^^^^^^
    )
    ^
  File "E:\github\wk_python\chaoxing_auto\.venv\Lib\site-packages\playwright\_impl\_connection.py", line 69, in send
    return await self._connection.wrap_api_call(
           ^^^^^^^^^^^^^^^^^^^^^^^^^^^^^^^^^^^^^
    ...<3 lines>...
    )
    ^
  File "E:\github\wk_python\chaoxing_auto\.venv\Lib\site-packages\playwright\_impl\_connection.py", line 563, in wrap_api_call
    raise rewrite_error(error, f"{parsed_st['apiName']}: {error}") from None
playwright._impl._errors.TargetClosedError: Page.screenshot: Target page, context or browser has been closed
2026-07-08 16:33:08 ERROR 打开章节失败: Page.goto: Target page, context or browser has been closed
Traceback (most recent call last):
  File "E:\github\wk_python\chaoxing_auto\course\chapter.py", line 131, in open_chapter
    self.page.goto(url, wait_until="domcontentloaded", timeout=WAIT_TIME)
    ~~~~~~~~~~~~~~^^^^^^^^^^^^^^^^^^^^^^^^^^^^^^^^^^^^^^^^^^^^^^^^^^^^^^^
  File "E:\github\wk_python\chaoxing_auto\.venv\Lib\site-packages\playwright\sync_api\_generated.py", line 9770, in goto
    self._sync(
    ~~~~~~~~~~^
        self._impl_obj.goto(
        ^^^^^^^^^^^^^^^^^^^^
    ...<4 lines>...
        )
        ^
    )
    ^
  File "E:\github\wk_python\chaoxing_auto\.venv\Lib\site-packages\playwright\_impl\_sync_base.py", line 115, in _sync
    return task.result()
           ~~~~~~~~~~~^^
  File "E:\github\wk_python\chaoxing_auto\.venv\Lib\site-packages\playwright\_impl\_page.py", line 560, in goto
    return await self._main_frame.goto(**locals_to_params(locals()))
           ^^^^^^^^^^^^^^^^^^^^^^^^^^^^^^^^^^^^^^^^^^^^^^^^^^^^^^^^^
  File "E:\github\wk_python\chaoxing_auto\.venv\Lib\site-packages\playwright\_impl\_frame.py", line 156, in goto
    await self._channel.send(
        "goto", self._navigation_timeout, locals_to_params(locals())
    )
  File "E:\github\wk_python\chaoxing_auto\.venv\Lib\site-packages\playwright\_impl\_connection.py", line 69, in send
    return await self._connection.wrap_api_call(
           ^^^^^^^^^^^^^^^^^^^^^^^^^^^^^^^^^^^^^
    ...<3 lines>...
    )
    ^
  File "E:\github\wk_python\chaoxing_auto\.venv\Lib\site-packages\playwright\_impl\_connection.py", line 563, in wrap_api_call
    raise rewrite_error(error, f"{parsed_st['apiName']}: {error}") from None
playwright._impl._errors.TargetClosedError: Page.goto: Target page, context or browser has been closed
2026-07-08 16:33:08 ERROR 保存截图失败: Page.screenshot: Target page, context or browser has been closed
Traceback (most recent call last):
  File "E:\github\wk_python\chaoxing_auto\utils\helper.py", line 63, in save_screenshot
    page.screenshot(path=str(path), full_page=True)
    ~~~~~~~~~~~~~~~^^^^^^^^^^^^^^^^^^^^^^^^^^^^^^^^
  File "E:\github\wk_python\chaoxing_auto\.venv\Lib\site-packages\playwright\sync_api\_generated.py", line 10754, in screenshot
    self._sync(
    ~~~~~~~~~~^
        self._impl_obj.screenshot(
        ^^^^^^^^^^^^^^^^^^^^^^^^^^
    ...<13 lines>...
        )
        ^
    )
    ^
  File "E:\github\wk_python\chaoxing_auto\.venv\Lib\site-packages\playwright\_impl\_sync_base.py", line 115, in _sync
    return task.result()
           ~~~~~~~~~~~^^
  File "E:\github\wk_python\chaoxing_auto\.venv\Lib\site-packages\playwright\_impl\_page.py", line 828, in screenshot
    encoded_binary = await self._channel.send(
                     ^^^^^^^^^^^^^^^^^^^^^^^^^
        "screenshot", self._timeout_settings.timeout, params
        ^^^^^^^^^^^^^^^^^^^^^^^^^^^^^^^^^^^^^^^^^^^^^^^^^^^^
    )
    ^
  File "E:\github\wk_python\chaoxing_auto\.venv\Lib\site-packages\playwright\_impl\_connection.py", line 69, in send
    return await self._connection.wrap_api_call(
           ^^^^^^^^^^^^^^^^^^^^^^^^^^^^^^^^^^^^^
    ...<3 lines>...
    )
    ^
  File "E:\github\wk_python\chaoxing_auto\.venv\Lib\site-packages\playwright\_impl\_connection.py", line 563, in wrap_api_call
    raise rewrite_error(error, f"{parsed_st['apiName']}: {error}") from None
playwright._impl._errors.TargetClosedError: Page.screenshot: Target page, context or browser has been closed
2026-07-08 16:33:08 ERROR 章节处理失败，继续下一章节: 5.1 第一节 创业机会评估 3，错误: Page.goto: Target page, context or browser has been closed
Traceback (most recent call last):
  File "E:\github\wk_python\chaoxing_auto\main.py", line 326, in _learn_open_course
    chapter_manager.open_chapter(chapter)
    ~~~~~~~~~~~~~~~~~~~~~~~~~~~~^^^^^^^^^
  File "E:\github\wk_python\chaoxing_auto\course\chapter.py", line 131, in open_chapter
    self.page.goto(url, wait_until="domcontentloaded", timeout=WAIT_TIME)
    ~~~~~~~~~~~~~~^^^^^^^^^^^^^^^^^^^^^^^^^^^^^^^^^^^^^^^^^^^^^^^^^^^^^^^
  File "E:\github\wk_python\chaoxing_auto\.venv\Lib\site-packages\playwright\sync_api\_generated.py", line 9770, in goto
    self._sync(
    ~~~~~~~~~~^
        self._impl_obj.goto(
        ^^^^^^^^^^^^^^^^^^^^
    ...<4 lines>...
        )
        ^
    )
    ^
  File "E:\github\wk_python\chaoxing_auto\.venv\Lib\site-packages\playwright\_impl\_sync_base.py", line 115, in _sync
    return task.result()
           ~~~~~~~~~~~^^
  File "E:\github\wk_python\chaoxing_auto\.venv\Lib\site-packages\playwright\_impl\_page.py", line 560, in goto
    return await self._main_frame.goto(**locals_to_params(locals()))
           ^^^^^^^^^^^^^^^^^^^^^^^^^^^^^^^^^^^^^^^^^^^^^^^^^^^^^^^^^
  File "E:\github\wk_python\chaoxing_auto\.venv\Lib\site-packages\playwright\_impl\_frame.py", line 156, in goto
    await self._channel.send(
        "goto", self._navigation_timeout, locals_to_params(locals())
    )
  File "E:\github\wk_python\chaoxing_auto\.venv\Lib\site-packages\playwright\_impl\_connection.py", line 69, in send
    return await self._connection.wrap_api_call(
           ^^^^^^^^^^^^^^^^^^^^^^^^^^^^^^^^^^^^^
    ...<3 lines>...
    )
    ^
  File "E:\github\wk_python\chaoxing_auto\.venv\Lib\site-packages\playwright\_impl\_connection.py", line 563, in wrap_api_call
    raise rewrite_error(error, f"{parsed_st['apiName']}: {error}") from None
playwright._impl._errors.TargetClosedError: Page.goto: Target page, context or browser has been closed
2026-07-08 16:33:08 INFO 开始学习章节 [14/74]: 5.2 第二节 创业风险防范 3
2026-07-08 16:33:08 INFO 打开章节: 5.2 第二节 创业风险防范 3
2026-07-08 16:33:08 ERROR 保存截图失败: Page.screenshot: Target page, context or browser has been closed
Traceback (most recent call last):
  File "E:\github\wk_python\chaoxing_auto\utils\helper.py", line 63, in save_screenshot
    page.screenshot(path=str(path), full_page=True)
    ~~~~~~~~~~~~~~~^^^^^^^^^^^^^^^^^^^^^^^^^^^^^^^^
  File "E:\github\wk_python\chaoxing_auto\.venv\Lib\site-packages\playwright\sync_api\_generated.py", line 10754, in screenshot
    self._sync(
    ~~~~~~~~~~^
        self._impl_obj.screenshot(
        ^^^^^^^^^^^^^^^^^^^^^^^^^^
    ...<13 lines>...
        )
        ^
    )
    ^
  File "E:\github\wk_python\chaoxing_auto\.venv\Lib\site-packages\playwright\_impl\_sync_base.py", line 115, in _sync
    return task.result()
           ~~~~~~~~~~~^^
  File "E:\github\wk_python\chaoxing_auto\.venv\Lib\site-packages\playwright\_impl\_page.py", line 828, in screenshot
    encoded_binary = await self._channel.send(
                     ^^^^^^^^^^^^^^^^^^^^^^^^^
        "screenshot", self._timeout_settings.timeout, params
        ^^^^^^^^^^^^^^^^^^^^^^^^^^^^^^^^^^^^^^^^^^^^^^^^^^^^
    )
    ^
  File "E:\github\wk_python\chaoxing_auto\.venv\Lib\site-packages\playwright\_impl\_connection.py", line 69, in send
    return await self._connection.wrap_api_call(
           ^^^^^^^^^^^^^^^^^^^^^^^^^^^^^^^^^^^^^
    ...<3 lines>...
    )
    ^
  File "E:\github\wk_python\chaoxing_auto\.venv\Lib\site-packages\playwright\_impl\_connection.py", line 563, in wrap_api_call
    raise rewrite_error(error, f"{parsed_st['apiName']}: {error}") from None
playwright._impl._errors.TargetClosedError: Page.screenshot: Target page, context or browser has been closed
2026-07-08 16:33:08 ERROR 打开章节失败: Page.goto: Target page, context or browser has been closed
Traceback (most recent call last):
  File "E:\github\wk_python\chaoxing_auto\course\chapter.py", line 131, in open_chapter
    self.page.goto(url, wait_until="domcontentloaded", timeout=WAIT_TIME)
    ~~~~~~~~~~~~~~^^^^^^^^^^^^^^^^^^^^^^^^^^^^^^^^^^^^^^^^^^^^^^^^^^^^^^^
  File "E:\github\wk_python\chaoxing_auto\.venv\Lib\site-packages\playwright\sync_api\_generated.py", line 9770, in goto
    self._sync(
    ~~~~~~~~~~^
        self._impl_obj.goto(
        ^^^^^^^^^^^^^^^^^^^^
    ...<4 lines>...
        )
        ^
    )
    ^
  File "E:\github\wk_python\chaoxing_auto\.venv\Lib\site-packages\playwright\_impl\_sync_base.py", line 115, in _sync
    return task.result()
           ~~~~~~~~~~~^^
  File "E:\github\wk_python\chaoxing_auto\.venv\Lib\site-packages\playwright\_impl\_page.py", line 560, in goto
    return await self._main_frame.goto(**locals_to_params(locals()))
           ^^^^^^^^^^^^^^^^^^^^^^^^^^^^^^^^^^^^^^^^^^^^^^^^^^^^^^^^^
  File "E:\github\wk_python\chaoxing_auto\.venv\Lib\site-packages\playwright\_impl\_frame.py", line 156, in goto
    await self._channel.send(
        "goto", self._navigation_timeout, locals_to_params(locals())
    )
  File "E:\github\wk_python\chaoxing_auto\.venv\Lib\site-packages\playwright\_impl\_connection.py", line 69, in send
    return await self._connection.wrap_api_call(
           ^^^^^^^^^^^^^^^^^^^^^^^^^^^^^^^^^^^^^
    ...<3 lines>...
    )
    ^
  File "E:\github\wk_python\chaoxing_auto\.venv\Lib\site-packages\playwright\_impl\_connection.py", line 563, in wrap_api_call
    raise rewrite_error(error, f"{parsed_st['apiName']}: {error}") from None
playwright._impl._errors.TargetClosedError: Page.goto: Target page, context or browser has been closed
2026-07-08 16:33:08 ERROR 保存截图失败: Page.screenshot: Target page, context or browser has been closed
Traceback (most recent call last):
  File "E:\github\wk_python\chaoxing_auto\utils\helper.py", line 63, in save_screenshot
    page.screenshot(path=str(path), full_page=True)
    ~~~~~~~~~~~~~~~^^^^^^^^^^^^^^^^^^^^^^^^^^^^^^^^
  File "E:\github\wk_python\chaoxing_auto\.venv\Lib\site-packages\playwright\sync_api\_generated.py", line 10754, in screenshot
    self._sync(
    ~~~~~~~~~~^
        self._impl_obj.screenshot(
        ^^^^^^^^^^^^^^^^^^^^^^^^^^
    ...<13 lines>...
        )
        ^
    )
    ^
  File "E:\github\wk_python\chaoxing_auto\.venv\Lib\site-packages\playwright\_impl\_sync_base.py", line 115, in _sync
    return task.result()
           ~~~~~~~~~~~^^
  File "E:\github\wk_python\chaoxing_auto\.venv\Lib\site-packages\playwright\_impl\_page.py", line 828, in screenshot
    encoded_binary = await self._channel.send(
                     ^^^^^^^^^^^^^^^^^^^^^^^^^
        "screenshot", self._timeout_settings.timeout, params
        ^^^^^^^^^^^^^^^^^^^^^^^^^^^^^^^^^^^^^^^^^^^^^^^^^^^^
    )
    ^
  File "E:\github\wk_python\chaoxing_auto\.venv\Lib\site-packages\playwright\_impl\_connection.py", line 69, in send
    return await self._connection.wrap_api_call(
           ^^^^^^^^^^^^^^^^^^^^^^^^^^^^^^^^^^^^^
    ...<3 lines>...
    )
    ^
  File "E:\github\wk_python\chaoxing_auto\.venv\Lib\site-packages\playwright\_impl\_connection.py", line 563, in wrap_api_call
    raise rewrite_error(error, f"{parsed_st['apiName']}: {error}") from None
playwright._impl._errors.TargetClosedError: Page.screenshot: Target page, context or browser has been closed
2026-07-08 16:33:08 ERROR 章节处理失败，继续下一章节: 5.2 第二节 创业风险防范 3，错误: Page.goto: Target page, context or browser has been closed
Traceback (most recent call last):
  File "E:\github\wk_python\chaoxing_auto\main.py", line 326, in _learn_open_course
    chapter_manager.open_chapter(chapter)
    ~~~~~~~~~~~~~~~~~~~~~~~~~~~~^^^^^^^^^
  File "E:\github\wk_python\chaoxing_auto\course\chapter.py", line 131, in open_chapter
    self.page.goto(url, wait_until="domcontentloaded", timeout=WAIT_TIME)
    ~~~~~~~~~~~~~~^^^^^^^^^^^^^^^^^^^^^^^^^^^^^^^^^^^^^^^^^^^^^^^^^^^^^^^
  File "E:\github\wk_python\chaoxing_auto\.venv\Lib\site-packages\playwright\sync_api\_generated.py", line 9770, in goto
    self._sync(
    ~~~~~~~~~~^
        self._impl_obj.goto(
        ^^^^^^^^^^^^^^^^^^^^
    ...<4 lines>...
        )
        ^
    )
    ^
  File "E:\github\wk_python\chaoxing_auto\.venv\Lib\site-packages\playwright\_impl\_sync_base.py", line 115, in _sync
    return task.result()
           ~~~~~~~~~~~^^
  File "E:\github\wk_python\chaoxing_auto\.venv\Lib\site-packages\playwright\_impl\_page.py", line 560, in goto
    return await self._main_frame.goto(**locals_to_params(locals()))
           ^^^^^^^^^^^^^^^^^^^^^^^^^^^^^^^^^^^^^^^^^^^^^^^^^^^^^^^^^
  File "E:\github\wk_python\chaoxing_auto\.venv\Lib\site-packages\playwright\_impl\_frame.py", line 156, in goto
    await self._channel.send(
        "goto", self._navigation_timeout, locals_to_params(locals())
    )
  File "E:\github\wk_python\chaoxing_auto\.venv\Lib\site-packages\playwright\_impl\_connection.py", line 69, in send
    return await self._connection.wrap_api_call(
           ^^^^^^^^^^^^^^^^^^^^^^^^^^^^^^^^^^^^^
    ...<3 lines>...
    )
    ^
  File "E:\github\wk_python\chaoxing_auto\.venv\Lib\site-packages\playwright\_impl\_connection.py", line 563, in wrap_api_call
    raise rewrite_error(error, f"{parsed_st['apiName']}: {error}") from None
playwright._impl._errors.TargetClosedError: Page.goto: Target page, context or browser has been closed
2026-07-08 16:33:08 INFO 开始学习章节 [15/74]: 5.3 第三节 创业资源整合 3
2026-07-08 16:33:08 INFO 打开章节: 5.3 第三节 创业资源整合 3
2026-07-08 16:33:08 ERROR 保存截图失败: Page.screenshot: Target page, context or browser has been closed
Traceback (most recent call last):
  File "E:\github\wk_python\chaoxing_auto\utils\helper.py", line 63, in save_screenshot
    page.screenshot(path=str(path), full_page=True)
    ~~~~~~~~~~~~~~~^^^^^^^^^^^^^^^^^^^^^^^^^^^^^^^^
  File "E:\github\wk_python\chaoxing_auto\.venv\Lib\site-packages\playwright\sync_api\_generated.py", line 10754, in screenshot
    self._sync(
    ~~~~~~~~~~^
        self._impl_obj.screenshot(
        ^^^^^^^^^^^^^^^^^^^^^^^^^^
    ...<13 lines>...
        )
        ^
    )
    ^
  File "E:\github\wk_python\chaoxing_auto\.venv\Lib\site-packages\playwright\_impl\_sync_base.py", line 115, in _sync
    return task.result()
           ~~~~~~~~~~~^^
  File "E:\github\wk_python\chaoxing_auto\.venv\Lib\site-packages\playwright\_impl\_page.py", line 828, in screenshot
    encoded_binary = await self._channel.send(
                     ^^^^^^^^^^^^^^^^^^^^^^^^^
        "screenshot", self._timeout_settings.timeout, params
        ^^^^^^^^^^^^^^^^^^^^^^^^^^^^^^^^^^^^^^^^^^^^^^^^^^^^
    )
    ^
  File "E:\github\wk_python\chaoxing_auto\.venv\Lib\site-packages\playwright\_impl\_connection.py", line 69, in send
    return await self._connection.wrap_api_call(
           ^^^^^^^^^^^^^^^^^^^^^^^^^^^^^^^^^^^^^
    ...<3 lines>...
    )
    ^
  File "E:\github\wk_python\chaoxing_auto\.venv\Lib\site-packages\playwright\_impl\_connection.py", line 563, in wrap_api_call
    raise rewrite_error(error, f"{parsed_st['apiName']}: {error}") from None
playwright._impl._errors.TargetClosedError: Page.screenshot: Target page, context or browser has been closed
2026-07-08 16:33:08 ERROR 打开章节失败: Page.goto: Target page, context or browser has been closed
Traceback (most recent call last):
  File "E:\github\wk_python\chaoxing_auto\course\chapter.py", line 131, in open_chapter
    self.page.goto(url, wait_until="domcontentloaded", timeout=WAIT_TIME)
    ~~~~~~~~~~~~~~^^^^^^^^^^^^^^^^^^^^^^^^^^^^^^^^^^^^^^^^^^^^^^^^^^^^^^^
  File "E:\github\wk_python\chaoxing_auto\.venv\Lib\site-packages\playwright\sync_api\_generated.py", line 9770, in goto
    self._sync(
    ~~~~~~~~~~^
        self._impl_obj.goto(
        ^^^^^^^^^^^^^^^^^^^^
    ...<4 lines>...
        )
        ^
    )
    ^
  File "E:\github\wk_python\chaoxing_auto\.venv\Lib\site-packages\playwright\_impl\_sync_base.py", line 115, in _sync
    return task.result()
           ~~~~~~~~~~~^^
  File "E:\github\wk_python\chaoxing_auto\.venv\Lib\site-packages\playwright\_impl\_page.py", line 560, in goto
    return await self._main_frame.goto(**locals_to_params(locals()))
           ^^^^^^^^^^^^^^^^^^^^^^^^^^^^^^^^^^^^^^^^^^^^^^^^^^^^^^^^^
  File "E:\github\wk_python\chaoxing_auto\.venv\Lib\site-packages\playwright\_impl\_frame.py", line 156, in goto
    await self._channel.send(
        "goto", self._navigation_timeout, locals_to_params(locals())
    )
  File "E:\github\wk_python\chaoxing_auto\.venv\Lib\site-packages\playwright\_impl\_connection.py", line 69, in send
    return await self._connection.wrap_api_call(
           ^^^^^^^^^^^^^^^^^^^^^^^^^^^^^^^^^^^^^
    ...<3 lines>...
    )
    ^
  File "E:\github\wk_python\chaoxing_auto\.venv\Lib\site-packages\playwright\_impl\_connection.py", line 563, in wrap_api_call
    raise rewrite_error(error, f"{parsed_st['apiName']}: {error}") from None
playwright._impl._errors.TargetClosedError: Page.goto: Target page, context or browser has been closed
2026-07-08 16:33:08 ERROR 保存截图失败: Page.screenshot: Target page, context or browser has been closed
Traceback (most recent call last):
  File "E:\github\wk_python\chaoxing_auto\utils\helper.py", line 63, in save_screenshot
    page.screenshot(path=str(path), full_page=True)
    ~~~~~~~~~~~~~~~^^^^^^^^^^^^^^^^^^^^^^^^^^^^^^^^
  File "E:\github\wk_python\chaoxing_auto\.venv\Lib\site-packages\playwright\sync_api\_generated.py", line 10754, in screenshot
    self._sync(
    ~~~~~~~~~~^
        self._impl_obj.screenshot(
        ^^^^^^^^^^^^^^^^^^^^^^^^^^
    ...<13 lines>...
        )
        ^
    )
    ^
  File "E:\github\wk_python\chaoxing_auto\.venv\Lib\site-packages\playwright\_impl\_sync_base.py", line 115, in _sync
    return task.result()
           ~~~~~~~~~~~^^
  File "E:\github\wk_python\chaoxing_auto\.venv\Lib\site-packages\playwright\_impl\_page.py", line 828, in screenshot
    encoded_binary = await self._channel.send(
                     ^^^^^^^^^^^^^^^^^^^^^^^^^
        "screenshot", self._timeout_settings.timeout, params
        ^^^^^^^^^^^^^^^^^^^^^^^^^^^^^^^^^^^^^^^^^^^^^^^^^^^^
    )
    ^
  File "E:\github\wk_python\chaoxing_auto\.venv\Lib\site-packages\playwright\_impl\_connection.py", line 69, in send
    return await self._connection.wrap_api_call(
           ^^^^^^^^^^^^^^^^^^^^^^^^^^^^^^^^^^^^^
    ...<3 lines>...
    )
    ^
  File "E:\github\wk_python\chaoxing_auto\.venv\Lib\site-packages\playwright\_impl\_connection.py", line 563, in wrap_api_call
    raise rewrite_error(error, f"{parsed_st['apiName']}: {error}") from None
playwright._impl._errors.TargetClosedError: Page.screenshot: Target page, context or browser has been closed
2026-07-08 16:33:08 ERROR 章节处理失败，继续下一章节: 5.3 第三节 创业资源整合 3，错误: Page.goto: Target page, context or browser has been closed
Traceback (most recent call last):
  File "E:\github\wk_python\chaoxing_auto\main.py", line 326, in _learn_open_course
    chapter_manager.open_chapter(chapter)
    ~~~~~~~~~~~~~~~~~~~~~~~~~~~~^^^^^^^^^
  File "E:\github\wk_python\chaoxing_auto\course\chapter.py", line 131, in open_chapter
    self.page.goto(url, wait_until="domcontentloaded", timeout=WAIT_TIME)
    ~~~~~~~~~~~~~~^^^^^^^^^^^^^^^^^^^^^^^^^^^^^^^^^^^^^^^^^^^^^^^^^^^^^^^
  File "E:\github\wk_python\chaoxing_auto\.venv\Lib\site-packages\playwright\sync_api\_generated.py", line 9770, in goto
    self._sync(
    ~~~~~~~~~~^
        self._impl_obj.goto(
        ^^^^^^^^^^^^^^^^^^^^
    ...<4 lines>...
        )
        ^
    )
    ^
  File "E:\github\wk_python\chaoxing_auto\.venv\Lib\site-packages\playwright\_impl\_sync_base.py", line 115, in _sync
    return task.result()
           ~~~~~~~~~~~^^
  File "E:\github\wk_python\chaoxing_auto\.venv\Lib\site-packages\playwright\_impl\_page.py", line 560, in goto
    return await self._main_frame.goto(**locals_to_params(locals()))
           ^^^^^^^^^^^^^^^^^^^^^^^^^^^^^^^^^^^^^^^^^^^^^^^^^^^^^^^^^
  File "E:\github\wk_python\chaoxing_auto\.venv\Lib\site-packages\playwright\_impl\_frame.py", line 156, in goto
    await self._channel.send(
        "goto", self._navigation_timeout, locals_to_params(locals())
    )
  File "E:\github\wk_python\chaoxing_auto\.venv\Lib\site-packages\playwright\_impl\_connection.py", line 69, in send
    return await self._connection.wrap_api_call(
           ^^^^^^^^^^^^^^^^^^^^^^^^^^^^^^^^^^^^^
    ...<3 lines>...
    )
    ^
  File "E:\github\wk_python\chaoxing_auto\.venv\Lib\site-packages\playwright\_impl\_connection.py", line 563, in wrap_api_call
    raise rewrite_error(error, f"{parsed_st['apiName']}: {error}") from None
playwright._impl._errors.TargetClosedError: Page.goto: Target page, context or browser has been closed
2026-07-08 16:33:08 INFO 开始学习章节 [16/74]: 6.1 第一节 选择一个创业“领袖” 2
2026-07-08 16:33:08 INFO 打开章节: 6.1 第一节 选择一个创业“领袖” 2
2026-07-08 16:33:08 ERROR 保存截图失败: Page.screenshot: Target page, context or browser has been closed
Traceback (most recent call last):
  File "E:\github\wk_python\chaoxing_auto\utils\helper.py", line 63, in save_screenshot
    page.screenshot(path=str(path), full_page=True)
    ~~~~~~~~~~~~~~~^^^^^^^^^^^^^^^^^^^^^^^^^^^^^^^^
  File "E:\github\wk_python\chaoxing_auto\.venv\Lib\site-packages\playwright\sync_api\_generated.py", line 10754, in screenshot
    self._sync(
    ~~~~~~~~~~^
        self._impl_obj.screenshot(
        ^^^^^^^^^^^^^^^^^^^^^^^^^^
    ...<13 lines>...
        )
        ^
    )
    ^
  File "E:\github\wk_python\chaoxing_auto\.venv\Lib\site-packages\playwright\_impl\_sync_base.py", line 115, in _sync
    return task.result()
           ~~~~~~~~~~~^^
  File "E:\github\wk_python\chaoxing_auto\.venv\Lib\site-packages\playwright\_impl\_page.py", line 828, in screenshot
    encoded_binary = await self._channel.send(
                     ^^^^^^^^^^^^^^^^^^^^^^^^^
        "screenshot", self._timeout_settings.timeout, params
        ^^^^^^^^^^^^^^^^^^^^^^^^^^^^^^^^^^^^^^^^^^^^^^^^^^^^
    )
    ^
  File "E:\github\wk_python\chaoxing_auto\.venv\Lib\site-packages\playwright\_impl\_connection.py", line 69, in send
    return await self._connection.wrap_api_call(
           ^^^^^^^^^^^^^^^^^^^^^^^^^^^^^^^^^^^^^
    ...<3 lines>...
    )
    ^
  File "E:\github\wk_python\chaoxing_auto\.venv\Lib\site-packages\playwright\_impl\_connection.py", line 563, in wrap_api_call
    raise rewrite_error(error, f"{parsed_st['apiName']}: {error}") from None
playwright._impl._errors.TargetClosedError: Page.screenshot: Target page, context or browser has been closed
2026-07-08 16:33:08 ERROR 打开章节失败: Page.goto: Target page, context or browser has been closed
Traceback (most recent call last):
  File "E:\github\wk_python\chaoxing_auto\course\chapter.py", line 131, in open_chapter
    self.page.goto(url, wait_until="domcontentloaded", timeout=WAIT_TIME)
    ~~~~~~~~~~~~~~^^^^^^^^^^^^^^^^^^^^^^^^^^^^^^^^^^^^^^^^^^^^^^^^^^^^^^^
  File "E:\github\wk_python\chaoxing_auto\.venv\Lib\site-packages\playwright\sync_api\_generated.py", line 9770, in goto
    self._sync(
    ~~~~~~~~~~^
        self._impl_obj.goto(
        ^^^^^^^^^^^^^^^^^^^^
    ...<4 lines>...
        )
        ^
    )
    ^
  File "E:\github\wk_python\chaoxing_auto\.venv\Lib\site-packages\playwright\_impl\_sync_base.py", line 115, in _sync
    return task.result()
           ~~~~~~~~~~~^^
  File "E:\github\wk_python\chaoxing_auto\.venv\Lib\site-packages\playwright\_impl\_page.py", line 560, in goto
    return await self._main_frame.goto(**locals_to_params(locals()))
           ^^^^^^^^^^^^^^^^^^^^^^^^^^^^^^^^^^^^^^^^^^^^^^^^^^^^^^^^^
  File "E:\github\wk_python\chaoxing_auto\.venv\Lib\site-packages\playwright\_impl\_frame.py", line 156, in goto
    await self._channel.send(
        "goto", self._navigation_timeout, locals_to_params(locals())
    )
  File "E:\github\wk_python\chaoxing_auto\.venv\Lib\site-packages\playwright\_impl\_connection.py", line 69, in send
    return await self._connection.wrap_api_call(
           ^^^^^^^^^^^^^^^^^^^^^^^^^^^^^^^^^^^^^
    ...<3 lines>...
    )
    ^
  File "E:\github\wk_python\chaoxing_auto\.venv\Lib\site-packages\playwright\_impl\_connection.py", line 563, in wrap_api_call
    raise rewrite_error(error, f"{parsed_st['apiName']}: {error}") from None
playwright._impl._errors.TargetClosedError: Page.goto: Target page, context or browser has been closed
2026-07-08 16:33:08 ERROR 保存截图失败: Page.screenshot: Target page, context or browser has been closed
Traceback (most recent call last):
  File "E:\github\wk_python\chaoxing_auto\utils\helper.py", line 63, in save_screenshot
    page.screenshot(path=str(path), full_page=True)
    ~~~~~~~~~~~~~~~^^^^^^^^^^^^^^^^^^^^^^^^^^^^^^^^
  File "E:\github\wk_python\chaoxing_auto\.venv\Lib\site-packages\playwright\sync_api\_generated.py", line 10754, in screenshot
    self._sync(
    ~~~~~~~~~~^
        self._impl_obj.screenshot(
        ^^^^^^^^^^^^^^^^^^^^^^^^^^
    ...<13 lines>...
        )
        ^
    )
    ^
  File "E:\github\wk_python\chaoxing_auto\.venv\Lib\site-packages\playwright\_impl\_sync_base.py", line 115, in _sync
    return task.result()
           ~~~~~~~~~~~^^
  File "E:\github\wk_python\chaoxing_auto\.venv\Lib\site-packages\playwright\_impl\_page.py", line 828, in screenshot
    encoded_binary = await self._channel.send(
                     ^^^^^^^^^^^^^^^^^^^^^^^^^
        "screenshot", self._timeout_settings.timeout, params
        ^^^^^^^^^^^^^^^^^^^^^^^^^^^^^^^^^^^^^^^^^^^^^^^^^^^^
    )
    ^
  File "E:\github\wk_python\chaoxing_auto\.venv\Lib\site-packages\playwright\_impl\_connection.py", line 69, in send
    return await self._connection.wrap_api_call(
           ^^^^^^^^^^^^^^^^^^^^^^^^^^^^^^^^^^^^^
    ...<3 lines>...
    )
    ^
  File "E:\github\wk_python\chaoxing_auto\.venv\Lib\site-packages\playwright\_impl\_connection.py", line 563, in wrap_api_call
    raise rewrite_error(error, f"{parsed_st['apiName']}: {error}") from None
playwright._impl._errors.TargetClosedError: Page.screenshot: Target page, context or browser has been closed
2026-07-08 16:33:08 ERROR 章节处理失败，继续下一章节: 6.1 第一节 选择一个创业“领袖” 2，错误: Page.goto: Target page, context or browser has been closed
Traceback (most recent call last):
  File "E:\github\wk_python\chaoxing_auto\main.py", line 326, in _learn_open_course
    chapter_manager.open_chapter(chapter)
    ~~~~~~~~~~~~~~~~~~~~~~~~~~~~^^^^^^^^^
  File "E:\github\wk_python\chaoxing_auto\course\chapter.py", line 131, in open_chapter
    self.page.goto(url, wait_until="domcontentloaded", timeout=WAIT_TIME)
    ~~~~~~~~~~~~~~^^^^^^^^^^^^^^^^^^^^^^^^^^^^^^^^^^^^^^^^^^^^^^^^^^^^^^^
  File "E:\github\wk_python\chaoxing_auto\.venv\Lib\site-packages\playwright\sync_api\_generated.py", line 9770, in goto
    self._sync(
    ~~~~~~~~~~^
        self._impl_obj.goto(
        ^^^^^^^^^^^^^^^^^^^^
    ...<4 lines>...
        )
        ^
    )
    ^
  File "E:\github\wk_python\chaoxing_auto\.venv\Lib\site-packages\playwright\_impl\_sync_base.py", line 115, in _sync
    return task.result()
           ~~~~~~~~~~~^^
  File "E:\github\wk_python\chaoxing_auto\.venv\Lib\site-packages\playwright\_impl\_page.py", line 560, in goto
    return await self._main_frame.goto(**locals_to_params(locals()))
           ^^^^^^^^^^^^^^^^^^^^^^^^^^^^^^^^^^^^^^^^^^^^^^^^^^^^^^^^^
  File "E:\github\wk_python\chaoxing_auto\.venv\Lib\site-packages\playwright\_impl\_frame.py", line 156, in goto
    await self._channel.send(
        "goto", self._navigation_timeout, locals_to_params(locals())
    )
  File "E:\github\wk_python\chaoxing_auto\.venv\Lib\site-packages\playwright\_impl\_connection.py", line 69, in send
    return await self._connection.wrap_api_call(
           ^^^^^^^^^^^^^^^^^^^^^^^^^^^^^^^^^^^^^
    ...<3 lines>...
    )
    ^
  File "E:\github\wk_python\chaoxing_auto\.venv\Lib\site-packages\playwright\_impl\_connection.py", line 563, in wrap_api_call
    raise rewrite_error(error, f"{parsed_st['apiName']}: {error}") from None
playwright._impl._errors.TargetClosedError: Page.goto: Target page, context or browser has been closed
2026-07-08 16:33:08 INFO 开始学习章节 [17/74]: 6.2 第二节 组建一支高效的创业团队 1
2026-07-08 16:33:08 INFO 打开章节: 6.2 第二节 组建一支高效的创业团队 1
2026-07-08 16:33:08 ERROR 保存截图失败: Page.screenshot: Target page, context or browser has been closed
Traceback (most recent call last):
  File "E:\github\wk_python\chaoxing_auto\utils\helper.py", line 63, in save_screenshot
    page.screenshot(path=str(path), full_page=True)
    ~~~~~~~~~~~~~~~^^^^^^^^^^^^^^^^^^^^^^^^^^^^^^^^
  File "E:\github\wk_python\chaoxing_auto\.venv\Lib\site-packages\playwright\sync_api\_generated.py", line 10754, in screenshot
    self._sync(
    ~~~~~~~~~~^
        self._impl_obj.screenshot(
        ^^^^^^^^^^^^^^^^^^^^^^^^^^
    ...<13 lines>...
        )
        ^
    )
    ^
  File "E:\github\wk_python\chaoxing_auto\.venv\Lib\site-packages\playwright\_impl\_sync_base.py", line 115, in _sync
    return task.result()
           ~~~~~~~~~~~^^
  File "E:\github\wk_python\chaoxing_auto\.venv\Lib\site-packages\playwright\_impl\_page.py", line 828, in screenshot
    encoded_binary = await self._channel.send(
                     ^^^^^^^^^^^^^^^^^^^^^^^^^
        "screenshot", self._timeout_settings.timeout, params
        ^^^^^^^^^^^^^^^^^^^^^^^^^^^^^^^^^^^^^^^^^^^^^^^^^^^^
    )
    ^
  File "E:\github\wk_python\chaoxing_auto\.venv\Lib\site-packages\playwright\_impl\_connection.py", line 69, in send
    return await self._connection.wrap_api_call(
           ^^^^^^^^^^^^^^^^^^^^^^^^^^^^^^^^^^^^^
    ...<3 lines>...
    )
    ^
  File "E:\github\wk_python\chaoxing_auto\.venv\Lib\site-packages\playwright\_impl\_connection.py", line 563, in wrap_api_call
    raise rewrite_error(error, f"{parsed_st['apiName']}: {error}") from None
playwright._impl._errors.TargetClosedError: Page.screenshot: Target page, context or browser has been closed
2026-07-08 16:33:08 ERROR 打开章节失败: Page.goto: Target page, context or browser has been closed
Traceback (most recent call last):
  File "E:\github\wk_python\chaoxing_auto\course\chapter.py", line 131, in open_chapter
    self.page.goto(url, wait_until="domcontentloaded", timeout=WAIT_TIME)
    ~~~~~~~~~~~~~~^^^^^^^^^^^^^^^^^^^^^^^^^^^^^^^^^^^^^^^^^^^^^^^^^^^^^^^
  File "E:\github\wk_python\chaoxing_auto\.venv\Lib\site-packages\playwright\sync_api\_generated.py", line 9770, in goto
    self._sync(
    ~~~~~~~~~~^
        self._impl_obj.goto(
        ^^^^^^^^^^^^^^^^^^^^
    ...<4 lines>...
        )
        ^
    )
    ^
  File "E:\github\wk_python\chaoxing_auto\.venv\Lib\site-packages\playwright\_impl\_sync_base.py", line 115, in _sync
    return task.result()
           ~~~~~~~~~~~^^
  File "E:\github\wk_python\chaoxing_auto\.venv\Lib\site-packages\playwright\_impl\_page.py", line 560, in goto
    return await self._main_frame.goto(**locals_to_params(locals()))
           ^^^^^^^^^^^^^^^^^^^^^^^^^^^^^^^^^^^^^^^^^^^^^^^^^^^^^^^^^
  File "E:\github\wk_python\chaoxing_auto\.venv\Lib\site-packages\playwright\_impl\_frame.py", line 156, in goto
    await self._channel.send(
        "goto", self._navigation_timeout, locals_to_params(locals())
    )
  File "E:\github\wk_python\chaoxing_auto\.venv\Lib\site-packages\playwright\_impl\_connection.py", line 69, in send
    return await self._connection.wrap_api_call(
           ^^^^^^^^^^^^^^^^^^^^^^^^^^^^^^^^^^^^^
    ...<3 lines>...
    )
    ^
  File "E:\github\wk_python\chaoxing_auto\.venv\Lib\site-packages\playwright\_impl\_connection.py", line 563, in wrap_api_call
    raise rewrite_error(error, f"{parsed_st['apiName']}: {error}") from None
playwright._impl._errors.TargetClosedError: Page.goto: Target page, context or browser has been closed
2026-07-08 16:33:08 ERROR 保存截图失败: Page.screenshot: Target page, context or browser has been closed
Traceback (most recent call last):
  File "E:\github\wk_python\chaoxing_auto\utils\helper.py", line 63, in save_screenshot
    page.screenshot(path=str(path), full_page=True)
    ~~~~~~~~~~~~~~~^^^^^^^^^^^^^^^^^^^^^^^^^^^^^^^^
  File "E:\github\wk_python\chaoxing_auto\.venv\Lib\site-packages\playwright\sync_api\_generated.py", line 10754, in screenshot
    self._sync(
    ~~~~~~~~~~^
        self._impl_obj.screenshot(
        ^^^^^^^^^^^^^^^^^^^^^^^^^^
    ...<13 lines>...
        )
        ^
    )
    ^
  File "E:\github\wk_python\chaoxing_auto\.venv\Lib\site-packages\playwright\_impl\_sync_base.py", line 115, in _sync
    return task.result()
           ~~~~~~~~~~~^^
  File "E:\github\wk_python\chaoxing_auto\.venv\Lib\site-packages\playwright\_impl\_page.py", line 828, in screenshot
    encoded_binary = await self._channel.send(
                     ^^^^^^^^^^^^^^^^^^^^^^^^^
        "screenshot", self._timeout_settings.timeout, params
        ^^^^^^^^^^^^^^^^^^^^^^^^^^^^^^^^^^^^^^^^^^^^^^^^^^^^
    )
    ^
  File "E:\github\wk_python\chaoxing_auto\.venv\Lib\site-packages\playwright\_impl\_connection.py", line 69, in send
    return await self._connection.wrap_api_call(
           ^^^^^^^^^^^^^^^^^^^^^^^^^^^^^^^^^^^^^
    ...<3 lines>...
    )
    ^
  File "E:\github\wk_python\chaoxing_auto\.venv\Lib\site-packages\playwright\_impl\_connection.py", line 563, in wrap_api_call
    raise rewrite_error(error, f"{parsed_st['apiName']}: {error}") from None
playwright._impl._errors.TargetClosedError: Page.screenshot: Target page, context or browser has been closed
2026-07-08 16:33:08 ERROR 章节处理失败，继续下一章节: 6.2 第二节 组建一支高效的创业团队 1，错误: Page.goto: Target page, context or browser has been closed
Traceback (most recent call last):
  File "E:\github\wk_python\chaoxing_auto\main.py", line 326, in _learn_open_course
    chapter_manager.open_chapter(chapter)
    ~~~~~~~~~~~~~~~~~~~~~~~~~~~~^^^^^^^^^
  File "E:\github\wk_python\chaoxing_auto\course\chapter.py", line 131, in open_chapter
    self.page.goto(url, wait_until="domcontentloaded", timeout=WAIT_TIME)
    ~~~~~~~~~~~~~~^^^^^^^^^^^^^^^^^^^^^^^^^^^^^^^^^^^^^^^^^^^^^^^^^^^^^^^
  File "E:\github\wk_python\chaoxing_auto\.venv\Lib\site-packages\playwright\sync_api\_generated.py", line 9770, in goto
    self._sync(
    ~~~~~~~~~~^
        self._impl_obj.goto(
        ^^^^^^^^^^^^^^^^^^^^
    ...<4 lines>...
        )
        ^
    )
    ^
  File "E:\github\wk_python\chaoxing_auto\.venv\Lib\site-packages\playwright\_impl\_sync_base.py", line 115, in _sync
    return task.result()
           ~~~~~~~~~~~^^
  File "E:\github\wk_python\chaoxing_auto\.venv\Lib\site-packages\playwright\_impl\_page.py", line 560, in goto
    return await self._main_frame.goto(**locals_to_params(locals()))
           ^^^^^^^^^^^^^^^^^^^^^^^^^^^^^^^^^^^^^^^^^^^^^^^^^^^^^^^^^
  File "E:\github\wk_python\chaoxing_auto\.venv\Lib\site-packages\playwright\_impl\_frame.py", line 156, in goto
    await self._channel.send(
        "goto", self._navigation_timeout, locals_to_params(locals())
    )
  File "E:\github\wk_python\chaoxing_auto\.venv\Lib\site-packages\playwright\_impl\_connection.py", line 69, in send
    return await self._connection.wrap_api_call(
           ^^^^^^^^^^^^^^^^^^^^^^^^^^^^^^^^^^^^^
    ...<3 lines>...
    )
    ^
  File "E:\github\wk_python\chaoxing_auto\.venv\Lib\site-packages\playwright\_impl\_connection.py", line 563, in wrap_api_call
    raise rewrite_error(error, f"{parsed_st['apiName']}: {error}") from None
playwright._impl._errors.TargetClosedError: Page.goto: Target page, context or browser has been closed
2026-07-08 16:33:08 INFO 开始学习章节 [18/74]: 6.3 第三节 创业团队股权设计与分配 2
2026-07-08 16:33:08 INFO 打开章节: 6.3 第三节 创业团队股权设计与分配 2
2026-07-08 16:33:08 ERROR 保存截图失败: Page.screenshot: Target page, context or browser has been closed
Traceback (most recent call last):
  File "E:\github\wk_python\chaoxing_auto\utils\helper.py", line 63, in save_screenshot
    page.screenshot(path=str(path), full_page=True)
    ~~~~~~~~~~~~~~~^^^^^^^^^^^^^^^^^^^^^^^^^^^^^^^^
  File "E:\github\wk_python\chaoxing_auto\.venv\Lib\site-packages\playwright\sync_api\_generated.py", line 10754, in screenshot
    self._sync(
    ~~~~~~~~~~^
        self._impl_obj.screenshot(
        ^^^^^^^^^^^^^^^^^^^^^^^^^^
    ...<13 lines>...
        )
        ^
    )
    ^
  File "E:\github\wk_python\chaoxing_auto\.venv\Lib\site-packages\playwright\_impl\_sync_base.py", line 115, in _sync
    return task.result()
           ~~~~~~~~~~~^^
  File "E:\github\wk_python\chaoxing_auto\.venv\Lib\site-packages\playwright\_impl\_page.py", line 828, in screenshot
    encoded_binary = await self._channel.send(
                     ^^^^^^^^^^^^^^^^^^^^^^^^^
        "screenshot", self._timeout_settings.timeout, params
        ^^^^^^^^^^^^^^^^^^^^^^^^^^^^^^^^^^^^^^^^^^^^^^^^^^^^
    )
    ^
  File "E:\github\wk_python\chaoxing_auto\.venv\Lib\site-packages\playwright\_impl\_connection.py", line 69, in send
    return await self._connection.wrap_api_call(
           ^^^^^^^^^^^^^^^^^^^^^^^^^^^^^^^^^^^^^
    ...<3 lines>...
    )
    ^
  File "E:\github\wk_python\chaoxing_auto\.venv\Lib\site-packages\playwright\_impl\_connection.py", line 563, in wrap_api_call
    raise rewrite_error(error, f"{parsed_st['apiName']}: {error}") from None
playwright._impl._errors.TargetClosedError: Page.screenshot: Target page, context or browser has been closed
2026-07-08 16:33:08 ERROR 打开章节失败: Page.goto: Target page, context or browser has been closed
Traceback (most recent call last):
  File "E:\github\wk_python\chaoxing_auto\course\chapter.py", line 131, in open_chapter
    self.page.goto(url, wait_until="domcontentloaded", timeout=WAIT_TIME)
    ~~~~~~~~~~~~~~^^^^^^^^^^^^^^^^^^^^^^^^^^^^^^^^^^^^^^^^^^^^^^^^^^^^^^^
  File "E:\github\wk_python\chaoxing_auto\.venv\Lib\site-packages\playwright\sync_api\_generated.py", line 9770, in goto
    self._sync(
    ~~~~~~~~~~^
        self._impl_obj.goto(
        ^^^^^^^^^^^^^^^^^^^^
    ...<4 lines>...
        )
        ^
    )
    ^
  File "E:\github\wk_python\chaoxing_auto\.venv\Lib\site-packages\playwright\_impl\_sync_base.py", line 115, in _sync
    return task.result()
           ~~~~~~~~~~~^^
  File "E:\github\wk_python\chaoxing_auto\.venv\Lib\site-packages\playwright\_impl\_page.py", line 560, in goto
    return await self._main_frame.goto(**locals_to_params(locals()))
           ^^^^^^^^^^^^^^^^^^^^^^^^^^^^^^^^^^^^^^^^^^^^^^^^^^^^^^^^^
  File "E:\github\wk_python\chaoxing_auto\.venv\Lib\site-packages\playwright\_impl\_frame.py", line 156, in goto
    await self._channel.send(
        "goto", self._navigation_timeout, locals_to_params(locals())
    )
  File "E:\github\wk_python\chaoxing_auto\.venv\Lib\site-packages\playwright\_impl\_connection.py", line 69, in send
    return await self._connection.wrap_api_call(
           ^^^^^^^^^^^^^^^^^^^^^^^^^^^^^^^^^^^^^
    ...<3 lines>...
    )
    ^
  File "E:\github\wk_python\chaoxing_auto\.venv\Lib\site-packages\playwright\_impl\_connection.py", line 563, in wrap_api_call
    raise rewrite_error(error, f"{parsed_st['apiName']}: {error}") from None
playwright._impl._errors.TargetClosedError: Page.goto: Target page, context or browser has been closed
2026-07-08 16:33:08 ERROR 保存截图失败: Page.screenshot: Target page, context or browser has been closed
Traceback (most recent call last):
  File "E:\github\wk_python\chaoxing_auto\utils\helper.py", line 63, in save_screenshot
    page.screenshot(path=str(path), full_page=True)
    ~~~~~~~~~~~~~~~^^^^^^^^^^^^^^^^^^^^^^^^^^^^^^^^
  File "E:\github\wk_python\chaoxing_auto\.venv\Lib\site-packages\playwright\sync_api\_generated.py", line 10754, in screenshot
    self._sync(
    ~~~~~~~~~~^
        self._impl_obj.screenshot(
        ^^^^^^^^^^^^^^^^^^^^^^^^^^
    ...<13 lines>...
        )
        ^
    )
    ^
  File "E:\github\wk_python\chaoxing_auto\.venv\Lib\site-packages\playwright\_impl\_sync_base.py", line 115, in _sync
    return task.result()
           ~~~~~~~~~~~^^
  File "E:\github\wk_python\chaoxing_auto\.venv\Lib\site-packages\playwright\_impl\_page.py", line 828, in screenshot
    encoded_binary = await self._channel.send(
                     ^^^^^^^^^^^^^^^^^^^^^^^^^
        "screenshot", self._timeout_settings.timeout, params
        ^^^^^^^^^^^^^^^^^^^^^^^^^^^^^^^^^^^^^^^^^^^^^^^^^^^^
    )
    ^
  File "E:\github\wk_python\chaoxing_auto\.venv\Lib\site-packages\playwright\_impl\_connection.py", line 69, in send
    return await self._connection.wrap_api_call(
           ^^^^^^^^^^^^^^^^^^^^^^^^^^^^^^^^^^^^^
    ...<3 lines>...
    )
    ^
  File "E:\github\wk_python\chaoxing_auto\.venv\Lib\site-packages\playwright\_impl\_connection.py", line 563, in wrap_api_call
    raise rewrite_error(error, f"{parsed_st['apiName']}: {error}") from None
playwright._impl._errors.TargetClosedError: Page.screenshot: Target page, context or browser has been closed
2026-07-08 16:33:08 ERROR 章节处理失败，继续下一章节: 6.3 第三节 创业团队股权设计与分配 2，错误: Page.goto: Target page, context or browser has been closed
Traceback (most recent call last):
  File "E:\github\wk_python\chaoxing_auto\main.py", line 326, in _learn_open_course
    chapter_manager.open_chapter(chapter)
    ~~~~~~~~~~~~~~~~~~~~~~~~~~~~^^^^^^^^^
  File "E:\github\wk_python\chaoxing_auto\course\chapter.py", line 131, in open_chapter
    self.page.goto(url, wait_until="domcontentloaded", timeout=WAIT_TIME)
    ~~~~~~~~~~~~~~^^^^^^^^^^^^^^^^^^^^^^^^^^^^^^^^^^^^^^^^^^^^^^^^^^^^^^^
  File "E:\github\wk_python\chaoxing_auto\.venv\Lib\site-packages\playwright\sync_api\_generated.py", line 9770, in goto
    self._sync(
    ~~~~~~~~~~^
        self._impl_obj.goto(
        ^^^^^^^^^^^^^^^^^^^^
    ...<4 lines>...
        )
        ^
    )
    ^
  File "E:\github\wk_python\chaoxing_auto\.venv\Lib\site-packages\playwright\_impl\_sync_base.py", line 115, in _sync
    return task.result()
           ~~~~~~~~~~~^^
  File "E:\github\wk_python\chaoxing_auto\.venv\Lib\site-packages\playwright\_impl\_page.py", line 560, in goto
    return await self._main_frame.goto(**locals_to_params(locals()))
           ^^^^^^^^^^^^^^^^^^^^^^^^^^^^^^^^^^^^^^^^^^^^^^^^^^^^^^^^^
  File "E:\github\wk_python\chaoxing_auto\.venv\Lib\site-packages\playwright\_impl\_frame.py", line 156, in goto
    await self._channel.send(
        "goto", self._navigation_timeout, locals_to_params(locals())
    )
  File "E:\github\wk_python\chaoxing_auto\.venv\Lib\site-packages\playwright\_impl\_connection.py", line 69, in send
    return await self._connection.wrap_api_call(
           ^^^^^^^^^^^^^^^^^^^^^^^^^^^^^^^^^^^^^
    ...<3 lines>...
    )
    ^
  File "E:\github\wk_python\chaoxing_auto\.venv\Lib\site-packages\playwright\_impl\_connection.py", line 563, in wrap_api_call
    raise rewrite_error(error, f"{parsed_st['apiName']}: {error}") from None
playwright._impl._errors.TargetClosedError: Page.goto: Target page, context or browser has been closed
2026-07-08 16:33:08 INFO 开始学习章节 [19/74]: 7.1 第一节 开发最小可行产品 1
2026-07-08 16:33:08 INFO 打开章节: 7.1 第一节 开发最小可行产品 1
2026-07-08 16:33:08 ERROR 保存截图失败: Page.screenshot: Target page, context or browser has been closed
Traceback (most recent call last):
  File "E:\github\wk_python\chaoxing_auto\utils\helper.py", line 63, in save_screenshot
    page.screenshot(path=str(path), full_page=True)
    ~~~~~~~~~~~~~~~^^^^^^^^^^^^^^^^^^^^^^^^^^^^^^^^
  File "E:\github\wk_python\chaoxing_auto\.venv\Lib\site-packages\playwright\sync_api\_generated.py", line 10754, in screenshot
    self._sync(
    ~~~~~~~~~~^
        self._impl_obj.screenshot(
        ^^^^^^^^^^^^^^^^^^^^^^^^^^
    ...<13 lines>...
        )
        ^
    )
    ^
  File "E:\github\wk_python\chaoxing_auto\.venv\Lib\site-packages\playwright\_impl\_sync_base.py", line 115, in _sync
    return task.result()
           ~~~~~~~~~~~^^
  File "E:\github\wk_python\chaoxing_auto\.venv\Lib\site-packages\playwright\_impl\_page.py", line 828, in screenshot
    encoded_binary = await self._channel.send(
                     ^^^^^^^^^^^^^^^^^^^^^^^^^
        "screenshot", self._timeout_settings.timeout, params
        ^^^^^^^^^^^^^^^^^^^^^^^^^^^^^^^^^^^^^^^^^^^^^^^^^^^^
    )
    ^
  File "E:\github\wk_python\chaoxing_auto\.venv\Lib\site-packages\playwright\_impl\_connection.py", line 69, in send
    return await self._connection.wrap_api_call(
           ^^^^^^^^^^^^^^^^^^^^^^^^^^^^^^^^^^^^^
    ...<3 lines>...
    )
    ^
  File "E:\github\wk_python\chaoxing_auto\.venv\Lib\site-packages\playwright\_impl\_connection.py", line 563, in wrap_api_call
    raise rewrite_error(error, f"{parsed_st['apiName']}: {error}") from None
playwright._impl._errors.TargetClosedError: Page.screenshot: Target page, context or browser has been closed
2026-07-08 16:33:08 ERROR 打开章节失败: Page.goto: Target page, context or browser has been closed
Traceback (most recent call last):
  File "E:\github\wk_python\chaoxing_auto\course\chapter.py", line 131, in open_chapter
    self.page.goto(url, wait_until="domcontentloaded", timeout=WAIT_TIME)
    ~~~~~~~~~~~~~~^^^^^^^^^^^^^^^^^^^^^^^^^^^^^^^^^^^^^^^^^^^^^^^^^^^^^^^
  File "E:\github\wk_python\chaoxing_auto\.venv\Lib\site-packages\playwright\sync_api\_generated.py", line 9770, in goto
    self._sync(
    ~~~~~~~~~~^
        self._impl_obj.goto(
        ^^^^^^^^^^^^^^^^^^^^
    ...<4 lines>...
        )
        ^
    )
    ^
  File "E:\github\wk_python\chaoxing_auto\.venv\Lib\site-packages\playwright\_impl\_sync_base.py", line 115, in _sync
    return task.result()
           ~~~~~~~~~~~^^
  File "E:\github\wk_python\chaoxing_auto\.venv\Lib\site-packages\playwright\_impl\_page.py", line 560, in goto
    return await self._main_frame.goto(**locals_to_params(locals()))
           ^^^^^^^^^^^^^^^^^^^^^^^^^^^^^^^^^^^^^^^^^^^^^^^^^^^^^^^^^
  File "E:\github\wk_python\chaoxing_auto\.venv\Lib\site-packages\playwright\_impl\_frame.py", line 156, in goto
    await self._channel.send(
        "goto", self._navigation_timeout, locals_to_params(locals())
    )
  File "E:\github\wk_python\chaoxing_auto\.venv\Lib\site-packages\playwright\_impl\_connection.py", line 69, in send
    return await self._connection.wrap_api_call(
           ^^^^^^^^^^^^^^^^^^^^^^^^^^^^^^^^^^^^^
    ...<3 lines>...
    )
    ^
  File "E:\github\wk_python\chaoxing_auto\.venv\Lib\site-packages\playwright\_impl\_connection.py", line 563, in wrap_api_call
    raise rewrite_error(error, f"{parsed_st['apiName']}: {error}") from None
playwright._impl._errors.TargetClosedError: Page.goto: Target page, context or browser has been closed
2026-07-08 16:33:08 ERROR 保存截图失败: Page.screenshot: Target page, context or browser has been closed
Traceback (most recent call last):
  File "E:\github\wk_python\chaoxing_auto\utils\helper.py", line 63, in save_screenshot
    page.screenshot(path=str(path), full_page=True)
    ~~~~~~~~~~~~~~~^^^^^^^^^^^^^^^^^^^^^^^^^^^^^^^^
  File "E:\github\wk_python\chaoxing_auto\.venv\Lib\site-packages\playwright\sync_api\_generated.py", line 10754, in screenshot
    self._sync(
    ~~~~~~~~~~^
        self._impl_obj.screenshot(
        ^^^^^^^^^^^^^^^^^^^^^^^^^^
    ...<13 lines>...
        )
        ^
    )
    ^
  File "E:\github\wk_python\chaoxing_auto\.venv\Lib\site-packages\playwright\_impl\_sync_base.py", line 115, in _sync
    return task.result()
           ~~~~~~~~~~~^^
  File "E:\github\wk_python\chaoxing_auto\.venv\Lib\site-packages\playwright\_impl\_page.py", line 828, in screenshot
    encoded_binary = await self._channel.send(
                     ^^^^^^^^^^^^^^^^^^^^^^^^^
        "screenshot", self._timeout_settings.timeout, params
        ^^^^^^^^^^^^^^^^^^^^^^^^^^^^^^^^^^^^^^^^^^^^^^^^^^^^
    )
    ^
  File "E:\github\wk_python\chaoxing_auto\.venv\Lib\site-packages\playwright\_impl\_connection.py", line 69, in send
    return await self._connection.wrap_api_call(
           ^^^^^^^^^^^^^^^^^^^^^^^^^^^^^^^^^^^^^
    ...<3 lines>...
    )
    ^
  File "E:\github\wk_python\chaoxing_auto\.venv\Lib\site-packages\playwright\_impl\_connection.py", line 563, in wrap_api_call
    raise rewrite_error(error, f"{parsed_st['apiName']}: {error}") from None
playwright._impl._errors.TargetClosedError: Page.screenshot: Target page, context or browser has been closed
2026-07-08 16:33:08 ERROR 章节处理失败，继续下一章节: 7.1 第一节 开发最小可行产品 1，错误: Page.goto: Target page, context or browser has been closed
Traceback (most recent call last):
  File "E:\github\wk_python\chaoxing_auto\main.py", line 326, in _learn_open_course
    chapter_manager.open_chapter(chapter)
    ~~~~~~~~~~~~~~~~~~~~~~~~~~~~^^^^^^^^^
  File "E:\github\wk_python\chaoxing_auto\course\chapter.py", line 131, in open_chapter
    self.page.goto(url, wait_until="domcontentloaded", timeout=WAIT_TIME)
    ~~~~~~~~~~~~~~^^^^^^^^^^^^^^^^^^^^^^^^^^^^^^^^^^^^^^^^^^^^^^^^^^^^^^^
  File "E:\github\wk_python\chaoxing_auto\.venv\Lib\site-packages\playwright\sync_api\_generated.py", line 9770, in goto
    self._sync(
    ~~~~~~~~~~^
        self._impl_obj.goto(
        ^^^^^^^^^^^^^^^^^^^^
    ...<4 lines>...
        )
        ^
    )
    ^
  File "E:\github\wk_python\chaoxing_auto\.venv\Lib\site-packages\playwright\_impl\_sync_base.py", line 115, in _sync
    return task.result()
           ~~~~~~~~~~~^^
  File "E:\github\wk_python\chaoxing_auto\.venv\Lib\site-packages\playwright\_impl\_page.py", line 560, in goto
    return await self._main_frame.goto(**locals_to_params(locals()))
           ^^^^^^^^^^^^^^^^^^^^^^^^^^^^^^^^^^^^^^^^^^^^^^^^^^^^^^^^^
  File "E:\github\wk_python\chaoxing_auto\.venv\Lib\site-packages\playwright\_impl\_frame.py", line 156, in goto
    await self._channel.send(
        "goto", self._navigation_timeout, locals_to_params(locals())
    )
  File "E:\github\wk_python\chaoxing_auto\.venv\Lib\site-packages\playwright\_impl\_connection.py", line 69, in send
    return await self._connection.wrap_api_call(
           ^^^^^^^^^^^^^^^^^^^^^^^^^^^^^^^^^^^^^
    ...<3 lines>...
    )
    ^
  File "E:\github\wk_python\chaoxing_auto\.venv\Lib\site-packages\playwright\_impl\_connection.py", line 563, in wrap_api_call
    raise rewrite_error(error, f"{parsed_st['apiName']}: {error}") from None
playwright._impl._errors.TargetClosedError: Page.goto: Target page, context or browser has been closed
2026-07-08 16:33:08 INFO 开始学习章节 [20/74]: 7.2 第二节 用户体验测试 1
2026-07-08 16:33:08 INFO 打开章节: 7.2 第二节 用户体验测试 1
2026-07-08 16:33:08 ERROR 保存截图失败: Page.screenshot: Target page, context or browser has been closed
Traceback (most recent call last):
  File "E:\github\wk_python\chaoxing_auto\utils\helper.py", line 63, in save_screenshot
    page.screenshot(path=str(path), full_page=True)
    ~~~~~~~~~~~~~~~^^^^^^^^^^^^^^^^^^^^^^^^^^^^^^^^
  File "E:\github\wk_python\chaoxing_auto\.venv\Lib\site-packages\playwright\sync_api\_generated.py", line 10754, in screenshot
    self._sync(
    ~~~~~~~~~~^
        self._impl_obj.screenshot(
        ^^^^^^^^^^^^^^^^^^^^^^^^^^
    ...<13 lines>...
        )
        ^
    )
    ^
  File "E:\github\wk_python\chaoxing_auto\.venv\Lib\site-packages\playwright\_impl\_sync_base.py", line 115, in _sync
    return task.result()
           ~~~~~~~~~~~^^
  File "E:\github\wk_python\chaoxing_auto\.venv\Lib\site-packages\playwright\_impl\_page.py", line 828, in screenshot
    encoded_binary = await self._channel.send(
                     ^^^^^^^^^^^^^^^^^^^^^^^^^
        "screenshot", self._timeout_settings.timeout, params
        ^^^^^^^^^^^^^^^^^^^^^^^^^^^^^^^^^^^^^^^^^^^^^^^^^^^^
    )
    ^
  File "E:\github\wk_python\chaoxing_auto\.venv\Lib\site-packages\playwright\_impl\_connection.py", line 69, in send
    return await self._connection.wrap_api_call(
           ^^^^^^^^^^^^^^^^^^^^^^^^^^^^^^^^^^^^^
    ...<3 lines>...
    )
    ^
  File "E:\github\wk_python\chaoxing_auto\.venv\Lib\site-packages\playwright\_impl\_connection.py", line 563, in wrap_api_call
    raise rewrite_error(error, f"{parsed_st['apiName']}: {error}") from None
playwright._impl._errors.TargetClosedError: Page.screenshot: Target page, context or browser has been closed
2026-07-08 16:33:08 ERROR 打开章节失败: Page.goto: Target page, context or browser has been closed
Traceback (most recent call last):
  File "E:\github\wk_python\chaoxing_auto\course\chapter.py", line 131, in open_chapter
    self.page.goto(url, wait_until="domcontentloaded", timeout=WAIT_TIME)
    ~~~~~~~~~~~~~~^^^^^^^^^^^^^^^^^^^^^^^^^^^^^^^^^^^^^^^^^^^^^^^^^^^^^^^
  File "E:\github\wk_python\chaoxing_auto\.venv\Lib\site-packages\playwright\sync_api\_generated.py", line 9770, in goto
    self._sync(
    ~~~~~~~~~~^
        self._impl_obj.goto(
        ^^^^^^^^^^^^^^^^^^^^
    ...<4 lines>...
        )
        ^
    )
    ^
  File "E:\github\wk_python\chaoxing_auto\.venv\Lib\site-packages\playwright\_impl\_sync_base.py", line 115, in _sync
    return task.result()
           ~~~~~~~~~~~^^
  File "E:\github\wk_python\chaoxing_auto\.venv\Lib\site-packages\playwright\_impl\_page.py", line 560, in goto
    return await self._main_frame.goto(**locals_to_params(locals()))
           ^^^^^^^^^^^^^^^^^^^^^^^^^^^^^^^^^^^^^^^^^^^^^^^^^^^^^^^^^
  File "E:\github\wk_python\chaoxing_auto\.venv\Lib\site-packages\playwright\_impl\_frame.py", line 156, in goto
    await self._channel.send(
        "goto", self._navigation_timeout, locals_to_params(locals())
    )
  File "E:\github\wk_python\chaoxing_auto\.venv\Lib\site-packages\playwright\_impl\_connection.py", line 69, in send
    return await self._connection.wrap_api_call(
           ^^^^^^^^^^^^^^^^^^^^^^^^^^^^^^^^^^^^^
    ...<3 lines>...
    )
    ^
  File "E:\github\wk_python\chaoxing_auto\.venv\Lib\site-packages\playwright\_impl\_connection.py", line 563, in wrap_api_call
    raise rewrite_error(error, f"{parsed_st['apiName']}: {error}") from None
playwright._impl._errors.TargetClosedError: Page.goto: Target page, context or browser has been closed
2026-07-08 16:33:08 ERROR 保存截图失败: Page.screenshot: Target page, context or browser has been closed
Traceback (most recent call last):
  File "E:\github\wk_python\chaoxing_auto\utils\helper.py", line 63, in save_screenshot
    page.screenshot(path=str(path), full_page=True)
    ~~~~~~~~~~~~~~~^^^^^^^^^^^^^^^^^^^^^^^^^^^^^^^^
  File "E:\github\wk_python\chaoxing_auto\.venv\Lib\site-packages\playwright\sync_api\_generated.py", line 10754, in screenshot
    self._sync(
    ~~~~~~~~~~^
        self._impl_obj.screenshot(
        ^^^^^^^^^^^^^^^^^^^^^^^^^^
    ...<13 lines>...
        )
        ^
    )
    ^
  File "E:\github\wk_python\chaoxing_auto\.venv\Lib\site-packages\playwright\_impl\_sync_base.py", line 115, in _sync
    return task.result()
           ~~~~~~~~~~~^^
  File "E:\github\wk_python\chaoxing_auto\.venv\Lib\site-packages\playwright\_impl\_page.py", line 828, in screenshot
    encoded_binary = await self._channel.send(
                     ^^^^^^^^^^^^^^^^^^^^^^^^^
        "screenshot", self._timeout_settings.timeout, params
        ^^^^^^^^^^^^^^^^^^^^^^^^^^^^^^^^^^^^^^^^^^^^^^^^^^^^
    )
    ^
  File "E:\github\wk_python\chaoxing_auto\.venv\Lib\site-packages\playwright\_impl\_connection.py", line 69, in send
    return await self._connection.wrap_api_call(
           ^^^^^^^^^^^^^^^^^^^^^^^^^^^^^^^^^^^^^
    ...<3 lines>...
    )
    ^
  File "E:\github\wk_python\chaoxing_auto\.venv\Lib\site-packages\playwright\_impl\_connection.py", line 563, in wrap_api_call
    raise rewrite_error(error, f"{parsed_st['apiName']}: {error}") from None
playwright._impl._errors.TargetClosedError: Page.screenshot: Target page, context or browser has been closed
2026-07-08 16:33:08 ERROR 章节处理失败，继续下一章节: 7.2 第二节 用户体验测试 1，错误: Page.goto: Target page, context or browser has been closed
Traceback (most recent call last):
  File "E:\github\wk_python\chaoxing_auto\main.py", line 326, in _learn_open_course
    chapter_manager.open_chapter(chapter)
    ~~~~~~~~~~~~~~~~~~~~~~~~~~~~^^^^^^^^^
  File "E:\github\wk_python\chaoxing_auto\course\chapter.py", line 131, in open_chapter
    self.page.goto(url, wait_until="domcontentloaded", timeout=WAIT_TIME)
    ~~~~~~~~~~~~~~^^^^^^^^^^^^^^^^^^^^^^^^^^^^^^^^^^^^^^^^^^^^^^^^^^^^^^^
  File "E:\github\wk_python\chaoxing_auto\.venv\Lib\site-packages\playwright\sync_api\_generated.py", line 9770, in goto
    self._sync(
    ~~~~~~~~~~^
        self._impl_obj.goto(
        ^^^^^^^^^^^^^^^^^^^^
    ...<4 lines>...
        )
        ^
    )
    ^
  File "E:\github\wk_python\chaoxing_auto\.venv\Lib\site-packages\playwright\_impl\_sync_base.py", line 115, in _sync
    return task.result()
           ~~~~~~~~~~~^^
  File "E:\github\wk_python\chaoxing_auto\.venv\Lib\site-packages\playwright\_impl\_page.py", line 560, in goto
    return await self._main_frame.goto(**locals_to_params(locals()))
           ^^^^^^^^^^^^^^^^^^^^^^^^^^^^^^^^^^^^^^^^^^^^^^^^^^^^^^^^^
  File "E:\github\wk_python\chaoxing_auto\.venv\Lib\site-packages\playwright\_impl\_frame.py", line 156, in goto
    await self._channel.send(
        "goto", self._navigation_timeout, locals_to_params(locals())
    )
  File "E:\github\wk_python\chaoxing_auto\.venv\Lib\site-packages\playwright\_impl\_connection.py", line 69, in send
    return await self._connection.wrap_api_call(
           ^^^^^^^^^^^^^^^^^^^^^^^^^^^^^^^^^^^^^
    ...<3 lines>...
    )
    ^
  File "E:\github\wk_python\chaoxing_auto\.venv\Lib\site-packages\playwright\_impl\_connection.py", line 563, in wrap_api_call
    raise rewrite_error(error, f"{parsed_st['apiName']}: {error}") from None
playwright._impl._errors.TargetClosedError: Page.goto: Target page, context or browser has been closed
2026-07-08 16:33:08 INFO 开始学习章节 [21/74]: 7.3 第三节 知识产权保护 1
2026-07-08 16:33:08 INFO 打开章节: 7.3 第三节 知识产权保护 1
2026-07-08 16:33:08 ERROR 保存截图失败: Page.screenshot: Target page, context or browser has been closed
Traceback (most recent call last):
  File "E:\github\wk_python\chaoxing_auto\utils\helper.py", line 63, in save_screenshot
    page.screenshot(path=str(path), full_page=True)
    ~~~~~~~~~~~~~~~^^^^^^^^^^^^^^^^^^^^^^^^^^^^^^^^
  File "E:\github\wk_python\chaoxing_auto\.venv\Lib\site-packages\playwright\sync_api\_generated.py", line 10754, in screenshot
    self._sync(
    ~~~~~~~~~~^
        self._impl_obj.screenshot(
        ^^^^^^^^^^^^^^^^^^^^^^^^^^
    ...<13 lines>...
        )
        ^
    )
    ^
  File "E:\github\wk_python\chaoxing_auto\.venv\Lib\site-packages\playwright\_impl\_sync_base.py", line 115, in _sync
    return task.result()
           ~~~~~~~~~~~^^
  File "E:\github\wk_python\chaoxing_auto\.venv\Lib\site-packages\playwright\_impl\_page.py", line 828, in screenshot
    encoded_binary = await self._channel.send(
                     ^^^^^^^^^^^^^^^^^^^^^^^^^
        "screenshot", self._timeout_settings.timeout, params
        ^^^^^^^^^^^^^^^^^^^^^^^^^^^^^^^^^^^^^^^^^^^^^^^^^^^^
    )
    ^
  File "E:\github\wk_python\chaoxing_auto\.venv\Lib\site-packages\playwright\_impl\_connection.py", line 69, in send
    return await self._connection.wrap_api_call(
           ^^^^^^^^^^^^^^^^^^^^^^^^^^^^^^^^^^^^^
    ...<3 lines>...
    )
    ^
  File "E:\github\wk_python\chaoxing_auto\.venv\Lib\site-packages\playwright\_impl\_connection.py", line 563, in wrap_api_call
    raise rewrite_error(error, f"{parsed_st['apiName']}: {error}") from None
playwright._impl._errors.TargetClosedError: Page.screenshot: Target page, context or browser has been closed
2026-07-08 16:33:08 ERROR 打开章节失败: Page.goto: Target page, context or browser has been closed
Traceback (most recent call last):
  File "E:\github\wk_python\chaoxing_auto\course\chapter.py", line 131, in open_chapter
    self.page.goto(url, wait_until="domcontentloaded", timeout=WAIT_TIME)
    ~~~~~~~~~~~~~~^^^^^^^^^^^^^^^^^^^^^^^^^^^^^^^^^^^^^^^^^^^^^^^^^^^^^^^
  File "E:\github\wk_python\chaoxing_auto\.venv\Lib\site-packages\playwright\sync_api\_generated.py", line 9770, in goto
    self._sync(
    ~~~~~~~~~~^
        self._impl_obj.goto(
        ^^^^^^^^^^^^^^^^^^^^
    ...<4 lines>...
        )
        ^
    )
    ^
  File "E:\github\wk_python\chaoxing_auto\.venv\Lib\site-packages\playwright\_impl\_sync_base.py", line 115, in _sync
    return task.result()
           ~~~~~~~~~~~^^
  File "E:\github\wk_python\chaoxing_auto\.venv\Lib\site-packages\playwright\_impl\_page.py", line 560, in goto
    return await self._main_frame.goto(**locals_to_params(locals()))
           ^^^^^^^^^^^^^^^^^^^^^^^^^^^^^^^^^^^^^^^^^^^^^^^^^^^^^^^^^
  File "E:\github\wk_python\chaoxing_auto\.venv\Lib\site-packages\playwright\_impl\_frame.py", line 156, in goto
    await self._channel.send(
        "goto", self._navigation_timeout, locals_to_params(locals())
    )
  File "E:\github\wk_python\chaoxing_auto\.venv\Lib\site-packages\playwright\_impl\_connection.py", line 69, in send
    return await self._connection.wrap_api_call(
           ^^^^^^^^^^^^^^^^^^^^^^^^^^^^^^^^^^^^^
    ...<3 lines>...
    )
    ^
  File "E:\github\wk_python\chaoxing_auto\.venv\Lib\site-packages\playwright\_impl\_connection.py", line 563, in wrap_api_call
    raise rewrite_error(error, f"{parsed_st['apiName']}: {error}") from None
playwright._impl._errors.TargetClosedError: Page.goto: Target page, context or browser has been closed
2026-07-08 16:33:08 ERROR 保存截图失败: Page.screenshot: Target page, context or browser has been closed
Traceback (most recent call last):
  File "E:\github\wk_python\chaoxing_auto\utils\helper.py", line 63, in save_screenshot
    page.screenshot(path=str(path), full_page=True)
    ~~~~~~~~~~~~~~~^^^^^^^^^^^^^^^^^^^^^^^^^^^^^^^^
  File "E:\github\wk_python\chaoxing_auto\.venv\Lib\site-packages\playwright\sync_api\_generated.py", line 10754, in screenshot
    self._sync(
    ~~~~~~~~~~^
        self._impl_obj.screenshot(
        ^^^^^^^^^^^^^^^^^^^^^^^^^^
    ...<13 lines>...
        )
        ^
    )
    ^
  File "E:\github\wk_python\chaoxing_auto\.venv\Lib\site-packages\playwright\_impl\_sync_base.py", line 115, in _sync
    return task.result()
           ~~~~~~~~~~~^^
  File "E:\github\wk_python\chaoxing_auto\.venv\Lib\site-packages\playwright\_impl\_page.py", line 828, in screenshot
    encoded_binary = await self._channel.send(
                     ^^^^^^^^^^^^^^^^^^^^^^^^^
        "screenshot", self._timeout_settings.timeout, params
        ^^^^^^^^^^^^^^^^^^^^^^^^^^^^^^^^^^^^^^^^^^^^^^^^^^^^
    )
    ^
  File "E:\github\wk_python\chaoxing_auto\.venv\Lib\site-packages\playwright\_impl\_connection.py", line 69, in send
    return await self._connection.wrap_api_call(
           ^^^^^^^^^^^^^^^^^^^^^^^^^^^^^^^^^^^^^
    ...<3 lines>...
    )
    ^
  File "E:\github\wk_python\chaoxing_auto\.venv\Lib\site-packages\playwright\_impl\_connection.py", line 563, in wrap_api_call
    raise rewrite_error(error, f"{parsed_st['apiName']}: {error}") from None
playwright._impl._errors.TargetClosedError: Page.screenshot: Target page, context or browser has been closed
2026-07-08 16:33:08 ERROR 章节处理失败，继续下一章节: 7.3 第三节 知识产权保护 1，错误: Page.goto: Target page, context or browser has been closed
Traceback (most recent call last):
  File "E:\github\wk_python\chaoxing_auto\main.py", line 326, in _learn_open_course
    chapter_manager.open_chapter(chapter)
    ~~~~~~~~~~~~~~~~~~~~~~~~~~~~^^^^^^^^^
  File "E:\github\wk_python\chaoxing_auto\course\chapter.py", line 131, in open_chapter
    self.page.goto(url, wait_until="domcontentloaded", timeout=WAIT_TIME)
    ~~~~~~~~~~~~~~^^^^^^^^^^^^^^^^^^^^^^^^^^^^^^^^^^^^^^^^^^^^^^^^^^^^^^^
  File "E:\github\wk_python\chaoxing_auto\.venv\Lib\site-packages\playwright\sync_api\_generated.py", line 9770, in goto
    self._sync(
    ~~~~~~~~~~^
        self._impl_obj.goto(
        ^^^^^^^^^^^^^^^^^^^^
    ...<4 lines>...
        )
        ^
    )
    ^
  File "E:\github\wk_python\chaoxing_auto\.venv\Lib\site-packages\playwright\_impl\_sync_base.py", line 115, in _sync
    return task.result()
           ~~~~~~~~~~~^^
  File "E:\github\wk_python\chaoxing_auto\.venv\Lib\site-packages\playwright\_impl\_page.py", line 560, in goto
    return await self._main_frame.goto(**locals_to_params(locals()))
           ^^^^^^^^^^^^^^^^^^^^^^^^^^^^^^^^^^^^^^^^^^^^^^^^^^^^^^^^^
  File "E:\github\wk_python\chaoxing_auto\.venv\Lib\site-packages\playwright\_impl\_frame.py", line 156, in goto
    await self._channel.send(
        "goto", self._navigation_timeout, locals_to_params(locals())
    )
  File "E:\github\wk_python\chaoxing_auto\.venv\Lib\site-packages\playwright\_impl\_connection.py", line 69, in send
    return await self._connection.wrap_api_call(
           ^^^^^^^^^^^^^^^^^^^^^^^^^^^^^^^^^^^^^
    ...<3 lines>...
    )
    ^
  File "E:\github\wk_python\chaoxing_auto\.venv\Lib\site-packages\playwright\_impl\_connection.py", line 563, in wrap_api_call
    raise rewrite_error(error, f"{parsed_st['apiName']}: {error}") from None
playwright._impl._errors.TargetClosedError: Page.goto: Target page, context or browser has been closed
2026-07-08 16:33:08 INFO 开始学习章节 [22/74]: 8.1 第一节 什么是商业模式 2
2026-07-08 16:33:08 INFO 打开章节: 8.1 第一节 什么是商业模式 2
2026-07-08 16:33:08 ERROR 保存截图失败: Page.screenshot: Target page, context or browser has been closed
Traceback (most recent call last):
  File "E:\github\wk_python\chaoxing_auto\utils\helper.py", line 63, in save_screenshot
    page.screenshot(path=str(path), full_page=True)
    ~~~~~~~~~~~~~~~^^^^^^^^^^^^^^^^^^^^^^^^^^^^^^^^
  File "E:\github\wk_python\chaoxing_auto\.venv\Lib\site-packages\playwright\sync_api\_generated.py", line 10754, in screenshot
    self._sync(
    ~~~~~~~~~~^
        self._impl_obj.screenshot(
        ^^^^^^^^^^^^^^^^^^^^^^^^^^
    ...<13 lines>...
        )
        ^
    )
    ^
  File "E:\github\wk_python\chaoxing_auto\.venv\Lib\site-packages\playwright\_impl\_sync_base.py", line 115, in _sync
    return task.result()
           ~~~~~~~~~~~^^
  File "E:\github\wk_python\chaoxing_auto\.venv\Lib\site-packages\playwright\_impl\_page.py", line 828, in screenshot
    encoded_binary = await self._channel.send(
                     ^^^^^^^^^^^^^^^^^^^^^^^^^
        "screenshot", self._timeout_settings.timeout, params
        ^^^^^^^^^^^^^^^^^^^^^^^^^^^^^^^^^^^^^^^^^^^^^^^^^^^^
    )
    ^
  File "E:\github\wk_python\chaoxing_auto\.venv\Lib\site-packages\playwright\_impl\_connection.py", line 69, in send
    return await self._connection.wrap_api_call(
           ^^^^^^^^^^^^^^^^^^^^^^^^^^^^^^^^^^^^^
    ...<3 lines>...
    )
    ^
  File "E:\github\wk_python\chaoxing_auto\.venv\Lib\site-packages\playwright\_impl\_connection.py", line 563, in wrap_api_call
    raise rewrite_error(error, f"{parsed_st['apiName']}: {error}") from None
playwright._impl._errors.TargetClosedError: Page.screenshot: Target page, context or browser has been closed
2026-07-08 16:33:08 ERROR 打开章节失败: Page.goto: Target page, context or browser has been closed
Traceback (most recent call last):
  File "E:\github\wk_python\chaoxing_auto\course\chapter.py", line 131, in open_chapter
    self.page.goto(url, wait_until="domcontentloaded", timeout=WAIT_TIME)
    ~~~~~~~~~~~~~~^^^^^^^^^^^^^^^^^^^^^^^^^^^^^^^^^^^^^^^^^^^^^^^^^^^^^^^
  File "E:\github\wk_python\chaoxing_auto\.venv\Lib\site-packages\playwright\sync_api\_generated.py", line 9770, in goto
    self._sync(
    ~~~~~~~~~~^
        self._impl_obj.goto(
        ^^^^^^^^^^^^^^^^^^^^
    ...<4 lines>...
        )
        ^
    )
    ^
  File "E:\github\wk_python\chaoxing_auto\.venv\Lib\site-packages\playwright\_impl\_sync_base.py", line 115, in _sync
    return task.result()
           ~~~~~~~~~~~^^
  File "E:\github\wk_python\chaoxing_auto\.venv\Lib\site-packages\playwright\_impl\_page.py", line 560, in goto
    return await self._main_frame.goto(**locals_to_params(locals()))
           ^^^^^^^^^^^^^^^^^^^^^^^^^^^^^^^^^^^^^^^^^^^^^^^^^^^^^^^^^
  File "E:\github\wk_python\chaoxing_auto\.venv\Lib\site-packages\playwright\_impl\_frame.py", line 156, in goto
    await self._channel.send(
        "goto", self._navigation_timeout, locals_to_params(locals())
    )
  File "E:\github\wk_python\chaoxing_auto\.venv\Lib\site-packages\playwright\_impl\_connection.py", line 69, in send
    return await self._connection.wrap_api_call(
           ^^^^^^^^^^^^^^^^^^^^^^^^^^^^^^^^^^^^^
    ...<3 lines>...
    )
    ^
  File "E:\github\wk_python\chaoxing_auto\.venv\Lib\site-packages\playwright\_impl\_connection.py", line 563, in wrap_api_call
    raise rewrite_error(error, f"{parsed_st['apiName']}: {error}") from None
playwright._impl._errors.TargetClosedError: Page.goto: Target page, context or browser has been closed
2026-07-08 16:33:08 ERROR 保存截图失败: Page.screenshot: Target page, context or browser has been closed
Traceback (most recent call last):
  File "E:\github\wk_python\chaoxing_auto\utils\helper.py", line 63, in save_screenshot
    page.screenshot(path=str(path), full_page=True)
    ~~~~~~~~~~~~~~~^^^^^^^^^^^^^^^^^^^^^^^^^^^^^^^^
  File "E:\github\wk_python\chaoxing_auto\.venv\Lib\site-packages\playwright\sync_api\_generated.py", line 10754, in screenshot
    self._sync(
    ~~~~~~~~~~^
        self._impl_obj.screenshot(
        ^^^^^^^^^^^^^^^^^^^^^^^^^^
    ...<13 lines>...
        )
        ^
    )
    ^
  File "E:\github\wk_python\chaoxing_auto\.venv\Lib\site-packages\playwright\_impl\_sync_base.py", line 115, in _sync
    return task.result()
           ~~~~~~~~~~~^^
  File "E:\github\wk_python\chaoxing_auto\.venv\Lib\site-packages\playwright\_impl\_page.py", line 828, in screenshot
    encoded_binary = await self._channel.send(
                     ^^^^^^^^^^^^^^^^^^^^^^^^^
        "screenshot", self._timeout_settings.timeout, params
        ^^^^^^^^^^^^^^^^^^^^^^^^^^^^^^^^^^^^^^^^^^^^^^^^^^^^
    )
    ^
  File "E:\github\wk_python\chaoxing_auto\.venv\Lib\site-packages\playwright\_impl\_connection.py", line 69, in send
    return await self._connection.wrap_api_call(
           ^^^^^^^^^^^^^^^^^^^^^^^^^^^^^^^^^^^^^
    ...<3 lines>...
    )
    ^
  File "E:\github\wk_python\chaoxing_auto\.venv\Lib\site-packages\playwright\_impl\_connection.py", line 563, in wrap_api_call
    raise rewrite_error(error, f"{parsed_st['apiName']}: {error}") from None
playwright._impl._errors.TargetClosedError: Page.screenshot: Target page, context or browser has been closed
2026-07-08 16:33:08 ERROR 章节处理失败，继续下一章节: 8.1 第一节 什么是商业模式 2，错误: Page.goto: Target page, context or browser has been closed
Traceback (most recent call last):
  File "E:\github\wk_python\chaoxing_auto\main.py", line 326, in _learn_open_course
    chapter_manager.open_chapter(chapter)
    ~~~~~~~~~~~~~~~~~~~~~~~~~~~~^^^^^^^^^
  File "E:\github\wk_python\chaoxing_auto\course\chapter.py", line 131, in open_chapter
    self.page.goto(url, wait_until="domcontentloaded", timeout=WAIT_TIME)
    ~~~~~~~~~~~~~~^^^^^^^^^^^^^^^^^^^^^^^^^^^^^^^^^^^^^^^^^^^^^^^^^^^^^^^
  File "E:\github\wk_python\chaoxing_auto\.venv\Lib\site-packages\playwright\sync_api\_generated.py", line 9770, in goto
    self._sync(
    ~~~~~~~~~~^
        self._impl_obj.goto(
        ^^^^^^^^^^^^^^^^^^^^
    ...<4 lines>...
        )
        ^
    )
    ^
  File "E:\github\wk_python\chaoxing_auto\.venv\Lib\site-packages\playwright\_impl\_sync_base.py", line 115, in _sync
    return task.result()
           ~~~~~~~~~~~^^
  File "E:\github\wk_python\chaoxing_auto\.venv\Lib\site-packages\playwright\_impl\_page.py", line 560, in goto
    return await self._main_frame.goto(**locals_to_params(locals()))
           ^^^^^^^^^^^^^^^^^^^^^^^^^^^^^^^^^^^^^^^^^^^^^^^^^^^^^^^^^
  File "E:\github\wk_python\chaoxing_auto\.venv\Lib\site-packages\playwright\_impl\_frame.py", line 156, in goto
    await self._channel.send(
        "goto", self._navigation_timeout, locals_to_params(locals())
    )
  File "E:\github\wk_python\chaoxing_auto\.venv\Lib\site-packages\playwright\_impl\_connection.py", line 69, in send
    return await self._connection.wrap_api_call(
           ^^^^^^^^^^^^^^^^^^^^^^^^^^^^^^^^^^^^^
    ...<3 lines>...
    )
    ^
  File "E:\github\wk_python\chaoxing_auto\.venv\Lib\site-packages\playwright\_impl\_connection.py", line 563, in wrap_api_call
    raise rewrite_error(error, f"{parsed_st['apiName']}: {error}") from None
playwright._impl._errors.TargetClosedError: Page.goto: Target page, context or browser has been closed
2026-07-08 16:33:08 INFO 开始学习章节 [23/74]: 8.2 第二节 商业模式画布及其应用 2
2026-07-08 16:33:08 INFO 打开章节: 8.2 第二节 商业模式画布及其应用 2
2026-07-08 16:33:08 ERROR 保存截图失败: Page.screenshot: Target page, context or browser has been closed
Traceback (most recent call last):
  File "E:\github\wk_python\chaoxing_auto\utils\helper.py", line 63, in save_screenshot
    page.screenshot(path=str(path), full_page=True)
    ~~~~~~~~~~~~~~~^^^^^^^^^^^^^^^^^^^^^^^^^^^^^^^^
  File "E:\github\wk_python\chaoxing_auto\.venv\Lib\site-packages\playwright\sync_api\_generated.py", line 10754, in screenshot
    self._sync(
    ~~~~~~~~~~^
        self._impl_obj.screenshot(
        ^^^^^^^^^^^^^^^^^^^^^^^^^^
    ...<13 lines>...
        )
        ^
    )
    ^
  File "E:\github\wk_python\chaoxing_auto\.venv\Lib\site-packages\playwright\_impl\_sync_base.py", line 115, in _sync
    return task.result()
           ~~~~~~~~~~~^^
  File "E:\github\wk_python\chaoxing_auto\.venv\Lib\site-packages\playwright\_impl\_page.py", line 828, in screenshot
    encoded_binary = await self._channel.send(
                     ^^^^^^^^^^^^^^^^^^^^^^^^^
        "screenshot", self._timeout_settings.timeout, params
        ^^^^^^^^^^^^^^^^^^^^^^^^^^^^^^^^^^^^^^^^^^^^^^^^^^^^
    )
    ^
  File "E:\github\wk_python\chaoxing_auto\.venv\Lib\site-packages\playwright\_impl\_connection.py", line 69, in send
    return await self._connection.wrap_api_call(
           ^^^^^^^^^^^^^^^^^^^^^^^^^^^^^^^^^^^^^
    ...<3 lines>...
    )
    ^
  File "E:\github\wk_python\chaoxing_auto\.venv\Lib\site-packages\playwright\_impl\_connection.py", line 563, in wrap_api_call
    raise rewrite_error(error, f"{parsed_st['apiName']}: {error}") from None
playwright._impl._errors.TargetClosedError: Page.screenshot: Target page, context or browser has been closed
2026-07-08 16:33:08 ERROR 打开章节失败: Page.goto: Target page, context or browser has been closed
Traceback (most recent call last):
  File "E:\github\wk_python\chaoxing_auto\course\chapter.py", line 131, in open_chapter
    self.page.goto(url, wait_until="domcontentloaded", timeout=WAIT_TIME)
    ~~~~~~~~~~~~~~^^^^^^^^^^^^^^^^^^^^^^^^^^^^^^^^^^^^^^^^^^^^^^^^^^^^^^^
  File "E:\github\wk_python\chaoxing_auto\.venv\Lib\site-packages\playwright\sync_api\_generated.py", line 9770, in goto
    self._sync(
    ~~~~~~~~~~^
        self._impl_obj.goto(
        ^^^^^^^^^^^^^^^^^^^^
    ...<4 lines>...
        )
        ^
    )
    ^
  File "E:\github\wk_python\chaoxing_auto\.venv\Lib\site-packages\playwright\_impl\_sync_base.py", line 115, in _sync
    return task.result()
           ~~~~~~~~~~~^^
  File "E:\github\wk_python\chaoxing_auto\.venv\Lib\site-packages\playwright\_impl\_page.py", line 560, in goto
    return await self._main_frame.goto(**locals_to_params(locals()))
           ^^^^^^^^^^^^^^^^^^^^^^^^^^^^^^^^^^^^^^^^^^^^^^^^^^^^^^^^^
  File "E:\github\wk_python\chaoxing_auto\.venv\Lib\site-packages\playwright\_impl\_frame.py", line 156, in goto
    await self._channel.send(
        "goto", self._navigation_timeout, locals_to_params(locals())
    )
  File "E:\github\wk_python\chaoxing_auto\.venv\Lib\site-packages\playwright\_impl\_connection.py", line 69, in send
    return await self._connection.wrap_api_call(
           ^^^^^^^^^^^^^^^^^^^^^^^^^^^^^^^^^^^^^
    ...<3 lines>...
    )
    ^
  File "E:\github\wk_python\chaoxing_auto\.venv\Lib\site-packages\playwright\_impl\_connection.py", line 563, in wrap_api_call
    raise rewrite_error(error, f"{parsed_st['apiName']}: {error}") from None
playwright._impl._errors.TargetClosedError: Page.goto: Target page, context or browser has been closed
2026-07-08 16:33:08 ERROR 保存截图失败: Page.screenshot: Target page, context or browser has been closed
Traceback (most recent call last):
  File "E:\github\wk_python\chaoxing_auto\utils\helper.py", line 63, in save_screenshot
    page.screenshot(path=str(path), full_page=True)
    ~~~~~~~~~~~~~~~^^^^^^^^^^^^^^^^^^^^^^^^^^^^^^^^
  File "E:\github\wk_python\chaoxing_auto\.venv\Lib\site-packages\playwright\sync_api\_generated.py", line 10754, in screenshot
    self._sync(
    ~~~~~~~~~~^
        self._impl_obj.screenshot(
        ^^^^^^^^^^^^^^^^^^^^^^^^^^
    ...<13 lines>...
        )
        ^
    )
    ^
  File "E:\github\wk_python\chaoxing_auto\.venv\Lib\site-packages\playwright\_impl\_sync_base.py", line 115, in _sync
    return task.result()
           ~~~~~~~~~~~^^
  File "E:\github\wk_python\chaoxing_auto\.venv\Lib\site-packages\playwright\_impl\_page.py", line 828, in screenshot
    encoded_binary = await self._channel.send(
                     ^^^^^^^^^^^^^^^^^^^^^^^^^
        "screenshot", self._timeout_settings.timeout, params
        ^^^^^^^^^^^^^^^^^^^^^^^^^^^^^^^^^^^^^^^^^^^^^^^^^^^^
    )
    ^
  File "E:\github\wk_python\chaoxing_auto\.venv\Lib\site-packages\playwright\_impl\_connection.py", line 69, in send
    return await self._connection.wrap_api_call(
           ^^^^^^^^^^^^^^^^^^^^^^^^^^^^^^^^^^^^^
    ...<3 lines>...
    )
    ^
  File "E:\github\wk_python\chaoxing_auto\.venv\Lib\site-packages\playwright\_impl\_connection.py", line 563, in wrap_api_call
    raise rewrite_error(error, f"{parsed_st['apiName']}: {error}") from None
playwright._impl._errors.TargetClosedError: Page.screenshot: Target page, context or browser has been closed
2026-07-08 16:33:08 ERROR 章节处理失败，继续下一章节: 8.2 第二节 商业模式画布及其应用 2，错误: Page.goto: Target page, context or browser has been closed
Traceback (most recent call last):
  File "E:\github\wk_python\chaoxing_auto\main.py", line 326, in _learn_open_course
    chapter_manager.open_chapter(chapter)
    ~~~~~~~~~~~~~~~~~~~~~~~~~~~~^^^^^^^^^
  File "E:\github\wk_python\chaoxing_auto\course\chapter.py", line 131, in open_chapter
    self.page.goto(url, wait_until="domcontentloaded", timeout=WAIT_TIME)
    ~~~~~~~~~~~~~~^^^^^^^^^^^^^^^^^^^^^^^^^^^^^^^^^^^^^^^^^^^^^^^^^^^^^^^
  File "E:\github\wk_python\chaoxing_auto\.venv\Lib\site-packages\playwright\sync_api\_generated.py", line 9770, in goto
    self._sync(
    ~~~~~~~~~~^
        self._impl_obj.goto(
        ^^^^^^^^^^^^^^^^^^^^
    ...<4 lines>...
        )
        ^
    )
    ^
  File "E:\github\wk_python\chaoxing_auto\.venv\Lib\site-packages\playwright\_impl\_sync_base.py", line 115, in _sync
    return task.result()
           ~~~~~~~~~~~^^
  File "E:\github\wk_python\chaoxing_auto\.venv\Lib\site-packages\playwright\_impl\_page.py", line 560, in goto
    return await self._main_frame.goto(**locals_to_params(locals()))
           ^^^^^^^^^^^^^^^^^^^^^^^^^^^^^^^^^^^^^^^^^^^^^^^^^^^^^^^^^
  File "E:\github\wk_python\chaoxing_auto\.venv\Lib\site-packages\playwright\_impl\_frame.py", line 156, in goto
    await self._channel.send(
        "goto", self._navigation_timeout, locals_to_params(locals())
    )
  File "E:\github\wk_python\chaoxing_auto\.venv\Lib\site-packages\playwright\_impl\_connection.py", line 69, in send
    return await self._connection.wrap_api_call(
           ^^^^^^^^^^^^^^^^^^^^^^^^^^^^^^^^^^^^^
    ...<3 lines>...
    )
    ^
  File "E:\github\wk_python\chaoxing_auto\.venv\Lib\site-packages\playwright\_impl\_connection.py", line 563, in wrap_api_call
    raise rewrite_error(error, f"{parsed_st['apiName']}: {error}") from None
playwright._impl._errors.TargetClosedError: Page.goto: Target page, context or browser has been closed
2026-07-08 16:33:08 INFO 开始学习章节 [24/74]: 8.3 第三节 商业模式设计 2
2026-07-08 16:33:08 INFO 打开章节: 8.3 第三节 商业模式设计 2
2026-07-08 16:33:08 ERROR 保存截图失败: Page.screenshot: Target page, context or browser has been closed
Traceback (most recent call last):
  File "E:\github\wk_python\chaoxing_auto\utils\helper.py", line 63, in save_screenshot
    page.screenshot(path=str(path), full_page=True)
    ~~~~~~~~~~~~~~~^^^^^^^^^^^^^^^^^^^^^^^^^^^^^^^^
  File "E:\github\wk_python\chaoxing_auto\.venv\Lib\site-packages\playwright\sync_api\_generated.py", line 10754, in screenshot
    self._sync(
    ~~~~~~~~~~^
        self._impl_obj.screenshot(
        ^^^^^^^^^^^^^^^^^^^^^^^^^^
    ...<13 lines>...
        )
        ^
    )
    ^
  File "E:\github\wk_python\chaoxing_auto\.venv\Lib\site-packages\playwright\_impl\_sync_base.py", line 115, in _sync
    return task.result()
           ~~~~~~~~~~~^^
  File "E:\github\wk_python\chaoxing_auto\.venv\Lib\site-packages\playwright\_impl\_page.py", line 828, in screenshot
    encoded_binary = await self._channel.send(
                     ^^^^^^^^^^^^^^^^^^^^^^^^^
        "screenshot", self._timeout_settings.timeout, params
        ^^^^^^^^^^^^^^^^^^^^^^^^^^^^^^^^^^^^^^^^^^^^^^^^^^^^
    )
    ^
  File "E:\github\wk_python\chaoxing_auto\.venv\Lib\site-packages\playwright\_impl\_connection.py", line 69, in send
    return await self._connection.wrap_api_call(
           ^^^^^^^^^^^^^^^^^^^^^^^^^^^^^^^^^^^^^
    ...<3 lines>...
    )
    ^
  File "E:\github\wk_python\chaoxing_auto\.venv\Lib\site-packages\playwright\_impl\_connection.py", line 563, in wrap_api_call
    raise rewrite_error(error, f"{parsed_st['apiName']}: {error}") from None
playwright._impl._errors.TargetClosedError: Page.screenshot: Target page, context or browser has been closed
2026-07-08 16:33:08 ERROR 打开章节失败: Page.goto: Target page, context or browser has been closed
Traceback (most recent call last):
  File "E:\github\wk_python\chaoxing_auto\course\chapter.py", line 131, in open_chapter
    self.page.goto(url, wait_until="domcontentloaded", timeout=WAIT_TIME)
    ~~~~~~~~~~~~~~^^^^^^^^^^^^^^^^^^^^^^^^^^^^^^^^^^^^^^^^^^^^^^^^^^^^^^^
  File "E:\github\wk_python\chaoxing_auto\.venv\Lib\site-packages\playwright\sync_api\_generated.py", line 9770, in goto
    self._sync(
    ~~~~~~~~~~^
        self._impl_obj.goto(
        ^^^^^^^^^^^^^^^^^^^^
    ...<4 lines>...
        )
        ^
    )
    ^
  File "E:\github\wk_python\chaoxing_auto\.venv\Lib\site-packages\playwright\_impl\_sync_base.py", line 115, in _sync
    return task.result()
           ~~~~~~~~~~~^^
  File "E:\github\wk_python\chaoxing_auto\.venv\Lib\site-packages\playwright\_impl\_page.py", line 560, in goto
    return await self._main_frame.goto(**locals_to_params(locals()))
           ^^^^^^^^^^^^^^^^^^^^^^^^^^^^^^^^^^^^^^^^^^^^^^^^^^^^^^^^^
  File "E:\github\wk_python\chaoxing_auto\.venv\Lib\site-packages\playwright\_impl\_frame.py", line 156, in goto
    await self._channel.send(
        "goto", self._navigation_timeout, locals_to_params(locals())
    )
  File "E:\github\wk_python\chaoxing_auto\.venv\Lib\site-packages\playwright\_impl\_connection.py", line 69, in send
    return await self._connection.wrap_api_call(
           ^^^^^^^^^^^^^^^^^^^^^^^^^^^^^^^^^^^^^
    ...<3 lines>...
    )
    ^
  File "E:\github\wk_python\chaoxing_auto\.venv\Lib\site-packages\playwright\_impl\_connection.py", line 563, in wrap_api_call
    raise rewrite_error(error, f"{parsed_st['apiName']}: {error}") from None
playwright._impl._errors.TargetClosedError: Page.goto: Target page, context or browser has been closed
2026-07-08 16:33:08 ERROR 保存截图失败: Page.screenshot: Target page, context or browser has been closed
Traceback (most recent call last):
  File "E:\github\wk_python\chaoxing_auto\utils\helper.py", line 63, in save_screenshot
    page.screenshot(path=str(path), full_page=True)
    ~~~~~~~~~~~~~~~^^^^^^^^^^^^^^^^^^^^^^^^^^^^^^^^
  File "E:\github\wk_python\chaoxing_auto\.venv\Lib\site-packages\playwright\sync_api\_generated.py", line 10754, in screenshot
    self._sync(
    ~~~~~~~~~~^
        self._impl_obj.screenshot(
        ^^^^^^^^^^^^^^^^^^^^^^^^^^
    ...<13 lines>...
        )
        ^
    )
    ^
  File "E:\github\wk_python\chaoxing_auto\.venv\Lib\site-packages\playwright\_impl\_sync_base.py", line 115, in _sync
    return task.result()
           ~~~~~~~~~~~^^
  File "E:\github\wk_python\chaoxing_auto\.venv\Lib\site-packages\playwright\_impl\_page.py", line 828, in screenshot
    encoded_binary = await self._channel.send(
                     ^^^^^^^^^^^^^^^^^^^^^^^^^
        "screenshot", self._timeout_settings.timeout, params
        ^^^^^^^^^^^^^^^^^^^^^^^^^^^^^^^^^^^^^^^^^^^^^^^^^^^^
    )
    ^
  File "E:\github\wk_python\chaoxing_auto\.venv\Lib\site-packages\playwright\_impl\_connection.py", line 69, in send
    return await self._connection.wrap_api_call(
           ^^^^^^^^^^^^^^^^^^^^^^^^^^^^^^^^^^^^^
    ...<3 lines>...
    )
    ^
  File "E:\github\wk_python\chaoxing_auto\.venv\Lib\site-packages\playwright\_impl\_connection.py", line 563, in wrap_api_call
    raise rewrite_error(error, f"{parsed_st['apiName']}: {error}") from None
playwright._impl._errors.TargetClosedError: Page.screenshot: Target page, context or browser has been closed
2026-07-08 16:33:08 ERROR 章节处理失败，继续下一章节: 8.3 第三节 商业模式设计 2，错误: Page.goto: Target page, context or browser has been closed
Traceback (most recent call last):
  File "E:\github\wk_python\chaoxing_auto\main.py", line 326, in _learn_open_course
    chapter_manager.open_chapter(chapter)
    ~~~~~~~~~~~~~~~~~~~~~~~~~~~~^^^^^^^^^
  File "E:\github\wk_python\chaoxing_auto\course\chapter.py", line 131, in open_chapter
    self.page.goto(url, wait_until="domcontentloaded", timeout=WAIT_TIME)
    ~~~~~~~~~~~~~~^^^^^^^^^^^^^^^^^^^^^^^^^^^^^^^^^^^^^^^^^^^^^^^^^^^^^^^
  File "E:\github\wk_python\chaoxing_auto\.venv\Lib\site-packages\playwright\sync_api\_generated.py", line 9770, in goto
    self._sync(
    ~~~~~~~~~~^
        self._impl_obj.goto(
        ^^^^^^^^^^^^^^^^^^^^
    ...<4 lines>...
        )
        ^
    )
    ^
  File "E:\github\wk_python\chaoxing_auto\.venv\Lib\site-packages\playwright\_impl\_sync_base.py", line 115, in _sync
    return task.result()
           ~~~~~~~~~~~^^
  File "E:\github\wk_python\chaoxing_auto\.venv\Lib\site-packages\playwright\_impl\_page.py", line 560, in goto
    return await self._main_frame.goto(**locals_to_params(locals()))
           ^^^^^^^^^^^^^^^^^^^^^^^^^^^^^^^^^^^^^^^^^^^^^^^^^^^^^^^^^
  File "E:\github\wk_python\chaoxing_auto\.venv\Lib\site-packages\playwright\_impl\_frame.py", line 156, in goto
    await self._channel.send(
        "goto", self._navigation_timeout, locals_to_params(locals())
    )
  File "E:\github\wk_python\chaoxing_auto\.venv\Lib\site-packages\playwright\_impl\_connection.py", line 69, in send
    return await self._connection.wrap_api_call(
           ^^^^^^^^^^^^^^^^^^^^^^^^^^^^^^^^^^^^^
    ...<3 lines>...
    )
    ^
  File "E:\github\wk_python\chaoxing_auto\.venv\Lib\site-packages\playwright\_impl\_connection.py", line 563, in wrap_api_call
    raise rewrite_error(error, f"{parsed_st['apiName']}: {error}") from None
playwright._impl._errors.TargetClosedError: Page.goto: Target page, context or browser has been closed
2026-07-08 16:33:08 INFO 开始学习章节 [25/74]: 9.1 第一节 商业计划书及其撰写 1
2026-07-08 16:33:08 INFO 打开章节: 9.1 第一节 商业计划书及其撰写 1
2026-07-08 16:33:08 ERROR 保存截图失败: Page.screenshot: Target page, context or browser has been closed
Traceback (most recent call last):
  File "E:\github\wk_python\chaoxing_auto\utils\helper.py", line 63, in save_screenshot
    page.screenshot(path=str(path), full_page=True)
    ~~~~~~~~~~~~~~~^^^^^^^^^^^^^^^^^^^^^^^^^^^^^^^^
  File "E:\github\wk_python\chaoxing_auto\.venv\Lib\site-packages\playwright\sync_api\_generated.py", line 10754, in screenshot
    self._sync(
    ~~~~~~~~~~^
        self._impl_obj.screenshot(
        ^^^^^^^^^^^^^^^^^^^^^^^^^^
    ...<13 lines>...
        )
        ^
    )
    ^
  File "E:\github\wk_python\chaoxing_auto\.venv\Lib\site-packages\playwright\_impl\_sync_base.py", line 115, in _sync
    return task.result()
           ~~~~~~~~~~~^^
  File "E:\github\wk_python\chaoxing_auto\.venv\Lib\site-packages\playwright\_impl\_page.py", line 828, in screenshot
    encoded_binary = await self._channel.send(
                     ^^^^^^^^^^^^^^^^^^^^^^^^^
        "screenshot", self._timeout_settings.timeout, params
        ^^^^^^^^^^^^^^^^^^^^^^^^^^^^^^^^^^^^^^^^^^^^^^^^^^^^
    )
    ^
  File "E:\github\wk_python\chaoxing_auto\.venv\Lib\site-packages\playwright\_impl\_connection.py", line 69, in send
    return await self._connection.wrap_api_call(
           ^^^^^^^^^^^^^^^^^^^^^^^^^^^^^^^^^^^^^
    ...<3 lines>...
    )
    ^
  File "E:\github\wk_python\chaoxing_auto\.venv\Lib\site-packages\playwright\_impl\_connection.py", line 563, in wrap_api_call
    raise rewrite_error(error, f"{parsed_st['apiName']}: {error}") from None
playwright._impl._errors.TargetClosedError: Page.screenshot: Target page, context or browser has been closed
2026-07-08 16:33:08 ERROR 打开章节失败: Page.goto: Target page, context or browser has been closed
Traceback (most recent call last):
  File "E:\github\wk_python\chaoxing_auto\course\chapter.py", line 131, in open_chapter
    self.page.goto(url, wait_until="domcontentloaded", timeout=WAIT_TIME)
    ~~~~~~~~~~~~~~^^^^^^^^^^^^^^^^^^^^^^^^^^^^^^^^^^^^^^^^^^^^^^^^^^^^^^^
  File "E:\github\wk_python\chaoxing_auto\.venv\Lib\site-packages\playwright\sync_api\_generated.py", line 9770, in goto
    self._sync(
    ~~~~~~~~~~^
        self._impl_obj.goto(
        ^^^^^^^^^^^^^^^^^^^^
    ...<4 lines>...
        )
        ^
    )
    ^
  File "E:\github\wk_python\chaoxing_auto\.venv\Lib\site-packages\playwright\_impl\_sync_base.py", line 115, in _sync
    return task.result()
           ~~~~~~~~~~~^^
  File "E:\github\wk_python\chaoxing_auto\.venv\Lib\site-packages\playwright\_impl\_page.py", line 560, in goto
    return await self._main_frame.goto(**locals_to_params(locals()))
           ^^^^^^^^^^^^^^^^^^^^^^^^^^^^^^^^^^^^^^^^^^^^^^^^^^^^^^^^^
  File "E:\github\wk_python\chaoxing_auto\.venv\Lib\site-packages\playwright\_impl\_frame.py", line 156, in goto
    await self._channel.send(
        "goto", self._navigation_timeout, locals_to_params(locals())
    )
  File "E:\github\wk_python\chaoxing_auto\.venv\Lib\site-packages\playwright\_impl\_connection.py", line 69, in send
    return await self._connection.wrap_api_call(
           ^^^^^^^^^^^^^^^^^^^^^^^^^^^^^^^^^^^^^
    ...<3 lines>...
    )
    ^
  File "E:\github\wk_python\chaoxing_auto\.venv\Lib\site-packages\playwright\_impl\_connection.py", line 563, in wrap_api_call
    raise rewrite_error(error, f"{parsed_st['apiName']}: {error}") from None
playwright._impl._errors.TargetClosedError: Page.goto: Target page, context or browser has been closed
2026-07-08 16:33:08 ERROR 保存截图失败: Page.screenshot: Target page, context or browser has been closed
Traceback (most recent call last):
  File "E:\github\wk_python\chaoxing_auto\utils\helper.py", line 63, in save_screenshot
    page.screenshot(path=str(path), full_page=True)
    ~~~~~~~~~~~~~~~^^^^^^^^^^^^^^^^^^^^^^^^^^^^^^^^
  File "E:\github\wk_python\chaoxing_auto\.venv\Lib\site-packages\playwright\sync_api\_generated.py", line 10754, in screenshot
    self._sync(
    ~~~~~~~~~~^
        self._impl_obj.screenshot(
        ^^^^^^^^^^^^^^^^^^^^^^^^^^
    ...<13 lines>...
        )
        ^
    )
    ^
  File "E:\github\wk_python\chaoxing_auto\.venv\Lib\site-packages\playwright\_impl\_sync_base.py", line 115, in _sync
    return task.result()
           ~~~~~~~~~~~^^
  File "E:\github\wk_python\chaoxing_auto\.venv\Lib\site-packages\playwright\_impl\_page.py", line 828, in screenshot
    encoded_binary = await self._channel.send(
                     ^^^^^^^^^^^^^^^^^^^^^^^^^
        "screenshot", self._timeout_settings.timeout, params
        ^^^^^^^^^^^^^^^^^^^^^^^^^^^^^^^^^^^^^^^^^^^^^^^^^^^^
    )
    ^
  File "E:\github\wk_python\chaoxing_auto\.venv\Lib\site-packages\playwright\_impl\_connection.py", line 69, in send
    return await self._connection.wrap_api_call(
           ^^^^^^^^^^^^^^^^^^^^^^^^^^^^^^^^^^^^^
    ...<3 lines>...
    )
    ^
  File "E:\github\wk_python\chaoxing_auto\.venv\Lib\site-packages\playwright\_impl\_connection.py", line 563, in wrap_api_call
    raise rewrite_error(error, f"{parsed_st['apiName']}: {error}") from None
playwright._impl._errors.TargetClosedError: Page.screenshot: Target page, context or browser has been closed
2026-07-08 16:33:08 ERROR 章节处理失败，继续下一章节: 9.1 第一节 商业计划书及其撰写 1，错误: Page.goto: Target page, context or browser has been closed
Traceback (most recent call last):
  File "E:\github\wk_python\chaoxing_auto\main.py", line 326, in _learn_open_course
    chapter_manager.open_chapter(chapter)
    ~~~~~~~~~~~~~~~~~~~~~~~~~~~~^^^^^^^^^
  File "E:\github\wk_python\chaoxing_auto\course\chapter.py", line 131, in open_chapter
    self.page.goto(url, wait_until="domcontentloaded", timeout=WAIT_TIME)
    ~~~~~~~~~~~~~~^^^^^^^^^^^^^^^^^^^^^^^^^^^^^^^^^^^^^^^^^^^^^^^^^^^^^^^
  File "E:\github\wk_python\chaoxing_auto\.venv\Lib\site-packages\playwright\sync_api\_generated.py", line 9770, in goto
    self._sync(
    ~~~~~~~~~~^
        self._impl_obj.goto(
        ^^^^^^^^^^^^^^^^^^^^
    ...<4 lines>...
        )
        ^
    )
    ^
  File "E:\github\wk_python\chaoxing_auto\.venv\Lib\site-packages\playwright\_impl\_sync_base.py", line 115, in _sync
    return task.result()
           ~~~~~~~~~~~^^
  File "E:\github\wk_python\chaoxing_auto\.venv\Lib\site-packages\playwright\_impl\_page.py", line 560, in goto
    return await self._main_frame.goto(**locals_to_params(locals()))
           ^^^^^^^^^^^^^^^^^^^^^^^^^^^^^^^^^^^^^^^^^^^^^^^^^^^^^^^^^
  File "E:\github\wk_python\chaoxing_auto\.venv\Lib\site-packages\playwright\_impl\_frame.py", line 156, in goto
    await self._channel.send(
        "goto", self._navigation_timeout, locals_to_params(locals())
    )
  File "E:\github\wk_python\chaoxing_auto\.venv\Lib\site-packages\playwright\_impl\_connection.py", line 69, in send
    return await self._connection.wrap_api_call(
           ^^^^^^^^^^^^^^^^^^^^^^^^^^^^^^^^^^^^^
    ...<3 lines>...
    )
    ^
  File "E:\github\wk_python\chaoxing_auto\.venv\Lib\site-packages\playwright\_impl\_connection.py", line 563, in wrap_api_call
    raise rewrite_error(error, f"{parsed_st['apiName']}: {error}") from None
playwright._impl._errors.TargetClosedError: Page.goto: Target page, context or browser has been closed
2026-07-08 16:33:08 INFO 开始学习章节 [26/74]: 9.2 第二节 创业项目路演
2026-07-08 16:33:08 INFO 打开章节: 9.2 第二节 创业项目路演
2026-07-08 16:33:08 ERROR 保存截图失败: Page.screenshot: Target page, context or browser has been closed
Traceback (most recent call last):
  File "E:\github\wk_python\chaoxing_auto\utils\helper.py", line 63, in save_screenshot
    page.screenshot(path=str(path), full_page=True)
    ~~~~~~~~~~~~~~~^^^^^^^^^^^^^^^^^^^^^^^^^^^^^^^^
  File "E:\github\wk_python\chaoxing_auto\.venv\Lib\site-packages\playwright\sync_api\_generated.py", line 10754, in screenshot
    self._sync(
    ~~~~~~~~~~^
        self._impl_obj.screenshot(
        ^^^^^^^^^^^^^^^^^^^^^^^^^^
    ...<13 lines>...
        )
        ^
    )
    ^
  File "E:\github\wk_python\chaoxing_auto\.venv\Lib\site-packages\playwright\_impl\_sync_base.py", line 115, in _sync
    return task.result()
           ~~~~~~~~~~~^^
  File "E:\github\wk_python\chaoxing_auto\.venv\Lib\site-packages\playwright\_impl\_page.py", line 828, in screenshot
    encoded_binary = await self._channel.send(
                     ^^^^^^^^^^^^^^^^^^^^^^^^^
        "screenshot", self._timeout_settings.timeout, params
        ^^^^^^^^^^^^^^^^^^^^^^^^^^^^^^^^^^^^^^^^^^^^^^^^^^^^
    )
    ^
  File "E:\github\wk_python\chaoxing_auto\.venv\Lib\site-packages\playwright\_impl\_connection.py", line 69, in send
    return await self._connection.wrap_api_call(
           ^^^^^^^^^^^^^^^^^^^^^^^^^^^^^^^^^^^^^
    ...<3 lines>...
    )
    ^
  File "E:\github\wk_python\chaoxing_auto\.venv\Lib\site-packages\playwright\_impl\_connection.py", line 563, in wrap_api_call
    raise rewrite_error(error, f"{parsed_st['apiName']}: {error}") from None
playwright._impl._errors.TargetClosedError: Page.screenshot: Target page, context or browser has been closed
2026-07-08 16:33:08 ERROR 打开章节失败: Page.goto: Target page, context or browser has been closed
Traceback (most recent call last):
  File "E:\github\wk_python\chaoxing_auto\course\chapter.py", line 131, in open_chapter
    self.page.goto(url, wait_until="domcontentloaded", timeout=WAIT_TIME)
    ~~~~~~~~~~~~~~^^^^^^^^^^^^^^^^^^^^^^^^^^^^^^^^^^^^^^^^^^^^^^^^^^^^^^^
  File "E:\github\wk_python\chaoxing_auto\.venv\Lib\site-packages\playwright\sync_api\_generated.py", line 9770, in goto
    self._sync(
    ~~~~~~~~~~^
        self._impl_obj.goto(
        ^^^^^^^^^^^^^^^^^^^^
    ...<4 lines>...
        )
        ^
    )
    ^
  File "E:\github\wk_python\chaoxing_auto\.venv\Lib\site-packages\playwright\_impl\_sync_base.py", line 115, in _sync
    return task.result()
           ~~~~~~~~~~~^^
  File "E:\github\wk_python\chaoxing_auto\.venv\Lib\site-packages\playwright\_impl\_page.py", line 560, in goto
    return await self._main_frame.goto(**locals_to_params(locals()))
           ^^^^^^^^^^^^^^^^^^^^^^^^^^^^^^^^^^^^^^^^^^^^^^^^^^^^^^^^^
  File "E:\github\wk_python\chaoxing_auto\.venv\Lib\site-packages\playwright\_impl\_frame.py", line 156, in goto
    await self._channel.send(
        "goto", self._navigation_timeout, locals_to_params(locals())
    )
  File "E:\github\wk_python\chaoxing_auto\.venv\Lib\site-packages\playwright\_impl\_connection.py", line 69, in send
    return await self._connection.wrap_api_call(
           ^^^^^^^^^^^^^^^^^^^^^^^^^^^^^^^^^^^^^
    ...<3 lines>...
    )
    ^
  File "E:\github\wk_python\chaoxing_auto\.venv\Lib\site-packages\playwright\_impl\_connection.py", line 563, in wrap_api_call
    raise rewrite_error(error, f"{parsed_st['apiName']}: {error}") from None
playwright._impl._errors.TargetClosedError: Page.goto: Target page, context or browser has been closed
2026-07-08 16:33:08 ERROR 保存截图失败: Page.screenshot: Target page, context or browser has been closed
Traceback (most recent call last):
  File "E:\github\wk_python\chaoxing_auto\utils\helper.py", line 63, in save_screenshot
    page.screenshot(path=str(path), full_page=True)
    ~~~~~~~~~~~~~~~^^^^^^^^^^^^^^^^^^^^^^^^^^^^^^^^
  File "E:\github\wk_python\chaoxing_auto\.venv\Lib\site-packages\playwright\sync_api\_generated.py", line 10754, in screenshot
    self._sync(
    ~~~~~~~~~~^
        self._impl_obj.screenshot(
        ^^^^^^^^^^^^^^^^^^^^^^^^^^
    ...<13 lines>...
        )
        ^
    )
    ^
  File "E:\github\wk_python\chaoxing_auto\.venv\Lib\site-packages\playwright\_impl\_sync_base.py", line 115, in _sync
    return task.result()
           ~~~~~~~~~~~^^
  File "E:\github\wk_python\chaoxing_auto\.venv\Lib\site-packages\playwright\_impl\_page.py", line 828, in screenshot
    encoded_binary = await self._channel.send(
                     ^^^^^^^^^^^^^^^^^^^^^^^^^
        "screenshot", self._timeout_settings.timeout, params
        ^^^^^^^^^^^^^^^^^^^^^^^^^^^^^^^^^^^^^^^^^^^^^^^^^^^^
    )
    ^
  File "E:\github\wk_python\chaoxing_auto\.venv\Lib\site-packages\playwright\_impl\_connection.py", line 69, in send
    return await self._connection.wrap_api_call(
           ^^^^^^^^^^^^^^^^^^^^^^^^^^^^^^^^^^^^^
    ...<3 lines>...
    )
    ^
  File "E:\github\wk_python\chaoxing_auto\.venv\Lib\site-packages\playwright\_impl\_connection.py", line 563, in wrap_api_call
    raise rewrite_error(error, f"{parsed_st['apiName']}: {error}") from None
playwright._impl._errors.TargetClosedError: Page.screenshot: Target page, context or browser has been closed
2026-07-08 16:33:08 ERROR 章节处理失败，继续下一章节: 9.2 第二节 创业项目路演，错误: Page.goto: Target page, context or browser has been closed
Traceback (most recent call last):
  File "E:\github\wk_python\chaoxing_auto\main.py", line 326, in _learn_open_course
    chapter_manager.open_chapter(chapter)
    ~~~~~~~~~~~~~~~~~~~~~~~~~~~~^^^^^^^^^
  File "E:\github\wk_python\chaoxing_auto\course\chapter.py", line 131, in open_chapter
    self.page.goto(url, wait_until="domcontentloaded", timeout=WAIT_TIME)
    ~~~~~~~~~~~~~~^^^^^^^^^^^^^^^^^^^^^^^^^^^^^^^^^^^^^^^^^^^^^^^^^^^^^^^
  File "E:\github\wk_python\chaoxing_auto\.venv\Lib\site-packages\playwright\sync_api\_generated.py", line 9770, in goto
    self._sync(
    ~~~~~~~~~~^
        self._impl_obj.goto(
        ^^^^^^^^^^^^^^^^^^^^
    ...<4 lines>...
        )
        ^
    )
    ^
  File "E:\github\wk_python\chaoxing_auto\.venv\Lib\site-packages\playwright\_impl\_sync_base.py", line 115, in _sync
    return task.result()
           ~~~~~~~~~~~^^
  File "E:\github\wk_python\chaoxing_auto\.venv\Lib\site-packages\playwright\_impl\_page.py", line 560, in goto
    return await self._main_frame.goto(**locals_to_params(locals()))
           ^^^^^^^^^^^^^^^^^^^^^^^^^^^^^^^^^^^^^^^^^^^^^^^^^^^^^^^^^
  File "E:\github\wk_python\chaoxing_auto\.venv\Lib\site-packages\playwright\_impl\_frame.py", line 156, in goto
    await self._channel.send(
        "goto", self._navigation_timeout, locals_to_params(locals())
    )
  File "E:\github\wk_python\chaoxing_auto\.venv\Lib\site-packages\playwright\_impl\_connection.py", line 69, in send
    return await self._connection.wrap_api_call(
           ^^^^^^^^^^^^^^^^^^^^^^^^^^^^^^^^^^^^^
    ...<3 lines>...
    )
    ^
  File "E:\github\wk_python\chaoxing_auto\.venv\Lib\site-packages\playwright\_impl\_connection.py", line 563, in wrap_api_call
    raise rewrite_error(error, f"{parsed_st['apiName']}: {error}") from None
playwright._impl._errors.TargetClosedError: Page.goto: Target page, context or browser has been closed
2026-07-08 16:33:08 INFO 开始学习章节 [27/74]: 9.3 第三节 创业项目融资
2026-07-08 16:33:08 INFO 打开章节: 9.3 第三节 创业项目融资
2026-07-08 16:33:08 ERROR 保存截图失败: Page.screenshot: Target page, context or browser has been closed
Traceback (most recent call last):
  File "E:\github\wk_python\chaoxing_auto\utils\helper.py", line 63, in save_screenshot
    page.screenshot(path=str(path), full_page=True)
    ~~~~~~~~~~~~~~~^^^^^^^^^^^^^^^^^^^^^^^^^^^^^^^^
  File "E:\github\wk_python\chaoxing_auto\.venv\Lib\site-packages\playwright\sync_api\_generated.py", line 10754, in screenshot
    self._sync(
    ~~~~~~~~~~^
        self._impl_obj.screenshot(
        ^^^^^^^^^^^^^^^^^^^^^^^^^^
    ...<13 lines>...
        )
        ^
    )
    ^
  File "E:\github\wk_python\chaoxing_auto\.venv\Lib\site-packages\playwright\_impl\_sync_base.py", line 115, in _sync
    return task.result()
           ~~~~~~~~~~~^^
  File "E:\github\wk_python\chaoxing_auto\.venv\Lib\site-packages\playwright\_impl\_page.py", line 828, in screenshot
    encoded_binary = await self._channel.send(
                     ^^^^^^^^^^^^^^^^^^^^^^^^^
        "screenshot", self._timeout_settings.timeout, params
        ^^^^^^^^^^^^^^^^^^^^^^^^^^^^^^^^^^^^^^^^^^^^^^^^^^^^
    )
    ^
  File "E:\github\wk_python\chaoxing_auto\.venv\Lib\site-packages\playwright\_impl\_connection.py", line 69, in send
    return await self._connection.wrap_api_call(
           ^^^^^^^^^^^^^^^^^^^^^^^^^^^^^^^^^^^^^
    ...<3 lines>...
    )
    ^
  File "E:\github\wk_python\chaoxing_auto\.venv\Lib\site-packages\playwright\_impl\_connection.py", line 563, in wrap_api_call
    raise rewrite_error(error, f"{parsed_st['apiName']}: {error}") from None
playwright._impl._errors.TargetClosedError: Page.screenshot: Target page, context or browser has been closed
2026-07-08 16:33:08 ERROR 打开章节失败: Page.goto: Target page, context or browser has been closed
Traceback (most recent call last):
  File "E:\github\wk_python\chaoxing_auto\course\chapter.py", line 131, in open_chapter
    self.page.goto(url, wait_until="domcontentloaded", timeout=WAIT_TIME)
    ~~~~~~~~~~~~~~^^^^^^^^^^^^^^^^^^^^^^^^^^^^^^^^^^^^^^^^^^^^^^^^^^^^^^^
  File "E:\github\wk_python\chaoxing_auto\.venv\Lib\site-packages\playwright\sync_api\_generated.py", line 9770, in goto
    self._sync(
    ~~~~~~~~~~^
        self._impl_obj.goto(
        ^^^^^^^^^^^^^^^^^^^^
    ...<4 lines>...
        )
        ^
    )
    ^
  File "E:\github\wk_python\chaoxing_auto\.venv\Lib\site-packages\playwright\_impl\_sync_base.py", line 115, in _sync
    return task.result()
           ~~~~~~~~~~~^^
  File "E:\github\wk_python\chaoxing_auto\.venv\Lib\site-packages\playwright\_impl\_page.py", line 560, in goto
    return await self._main_frame.goto(**locals_to_params(locals()))
           ^^^^^^^^^^^^^^^^^^^^^^^^^^^^^^^^^^^^^^^^^^^^^^^^^^^^^^^^^
  File "E:\github\wk_python\chaoxing_auto\.venv\Lib\site-packages\playwright\_impl\_frame.py", line 156, in goto
    await self._channel.send(
        "goto", self._navigation_timeout, locals_to_params(locals())
    )
  File "E:\github\wk_python\chaoxing_auto\.venv\Lib\site-packages\playwright\_impl\_connection.py", line 69, in send
    return await self._connection.wrap_api_call(
           ^^^^^^^^^^^^^^^^^^^^^^^^^^^^^^^^^^^^^
    ...<3 lines>...
    )
    ^
  File "E:\github\wk_python\chaoxing_auto\.venv\Lib\site-packages\playwright\_impl\_connection.py", line 563, in wrap_api_call
    raise rewrite_error(error, f"{parsed_st['apiName']}: {error}") from None
playwright._impl._errors.TargetClosedError: Page.goto: Target page, context or browser has been closed
2026-07-08 16:33:08 ERROR 保存截图失败: Page.screenshot: Target page, context or browser has been closed
Traceback (most recent call last):
  File "E:\github\wk_python\chaoxing_auto\utils\helper.py", line 63, in save_screenshot
    page.screenshot(path=str(path), full_page=True)
    ~~~~~~~~~~~~~~~^^^^^^^^^^^^^^^^^^^^^^^^^^^^^^^^
  File "E:\github\wk_python\chaoxing_auto\.venv\Lib\site-packages\playwright\sync_api\_generated.py", line 10754, in screenshot
    self._sync(
    ~~~~~~~~~~^
        self._impl_obj.screenshot(
        ^^^^^^^^^^^^^^^^^^^^^^^^^^
    ...<13 lines>...
        )
        ^
    )
    ^
  File "E:\github\wk_python\chaoxing_auto\.venv\Lib\site-packages\playwright\_impl\_sync_base.py", line 115, in _sync
    return task.result()
           ~~~~~~~~~~~^^
  File "E:\github\wk_python\chaoxing_auto\.venv\Lib\site-packages\playwright\_impl\_page.py", line 828, in screenshot
    encoded_binary = await self._channel.send(
                     ^^^^^^^^^^^^^^^^^^^^^^^^^
        "screenshot", self._timeout_settings.timeout, params
        ^^^^^^^^^^^^^^^^^^^^^^^^^^^^^^^^^^^^^^^^^^^^^^^^^^^^
    )
    ^
  File "E:\github\wk_python\chaoxing_auto\.venv\Lib\site-packages\playwright\_impl\_connection.py", line 69, in send
    return await self._connection.wrap_api_call(
           ^^^^^^^^^^^^^^^^^^^^^^^^^^^^^^^^^^^^^
    ...<3 lines>...
    )
    ^
  File "E:\github\wk_python\chaoxing_auto\.venv\Lib\site-packages\playwright\_impl\_connection.py", line 563, in wrap_api_call
    raise rewrite_error(error, f"{parsed_st['apiName']}: {error}") from None
playwright._impl._errors.TargetClosedError: Page.screenshot: Target page, context or browser has been closed
2026-07-08 16:33:08 ERROR 章节处理失败，继续下一章节: 9.3 第三节 创业项目融资，错误: Page.goto: Target page, context or browser has been closed
Traceback (most recent call last):
  File "E:\github\wk_python\chaoxing_auto\main.py", line 326, in _learn_open_course
    chapter_manager.open_chapter(chapter)
    ~~~~~~~~~~~~~~~~~~~~~~~~~~~~^^^^^^^^^
  File "E:\github\wk_python\chaoxing_auto\course\chapter.py", line 131, in open_chapter
    self.page.goto(url, wait_until="domcontentloaded", timeout=WAIT_TIME)
    ~~~~~~~~~~~~~~^^^^^^^^^^^^^^^^^^^^^^^^^^^^^^^^^^^^^^^^^^^^^^^^^^^^^^^
  File "E:\github\wk_python\chaoxing_auto\.venv\Lib\site-packages\playwright\sync_api\_generated.py", line 9770, in goto
    self._sync(
    ~~~~~~~~~~^
        self._impl_obj.goto(
        ^^^^^^^^^^^^^^^^^^^^
    ...<4 lines>...
        )
        ^
    )
    ^
  File "E:\github\wk_python\chaoxing_auto\.venv\Lib\site-packages\playwright\_impl\_sync_base.py", line 115, in _sync
    return task.result()
           ~~~~~~~~~~~^^
  File "E:\github\wk_python\chaoxing_auto\.venv\Lib\site-packages\playwright\_impl\_page.py", line 560, in goto
    return await self._main_frame.goto(**locals_to_params(locals()))
           ^^^^^^^^^^^^^^^^^^^^^^^^^^^^^^^^^^^^^^^^^^^^^^^^^^^^^^^^^
  File "E:\github\wk_python\chaoxing_auto\.venv\Lib\site-packages\playwright\_impl\_frame.py", line 156, in goto
    await self._channel.send(
        "goto", self._navigation_timeout, locals_to_params(locals())
    )
  File "E:\github\wk_python\chaoxing_auto\.venv\Lib\site-packages\playwright\_impl\_connection.py", line 69, in send
    return await self._connection.wrap_api_call(
           ^^^^^^^^^^^^^^^^^^^^^^^^^^^^^^^^^^^^^
    ...<3 lines>...
    )
    ^
  File "E:\github\wk_python\chaoxing_auto\.venv\Lib\site-packages\playwright\_impl\_connection.py", line 563, in wrap_api_call
    raise rewrite_error(error, f"{parsed_st['apiName']}: {error}") from None
playwright._impl._errors.TargetClosedError: Page.goto: Target page, context or browser has been closed
2026-07-08 16:33:08 INFO 开始学习章节 [28/74]: 10.1 第一节 积极参与创新创业大赛 1
2026-07-08 16:33:08 INFO 打开章节: 10.1 第一节 积极参与创新创业大赛 1
2026-07-08 16:33:08 ERROR 保存截图失败: Page.screenshot: Target page, context or browser has been closed
Traceback (most recent call last):
  File "E:\github\wk_python\chaoxing_auto\utils\helper.py", line 63, in save_screenshot
    page.screenshot(path=str(path), full_page=True)
    ~~~~~~~~~~~~~~~^^^^^^^^^^^^^^^^^^^^^^^^^^^^^^^^
  File "E:\github\wk_python\chaoxing_auto\.venv\Lib\site-packages\playwright\sync_api\_generated.py", line 10754, in screenshot
    self._sync(
    ~~~~~~~~~~^
        self._impl_obj.screenshot(
        ^^^^^^^^^^^^^^^^^^^^^^^^^^
    ...<13 lines>...
        )
        ^
    )
    ^
  File "E:\github\wk_python\chaoxing_auto\.venv\Lib\site-packages\playwright\_impl\_sync_base.py", line 115, in _sync
    return task.result()
           ~~~~~~~~~~~^^
  File "E:\github\wk_python\chaoxing_auto\.venv\Lib\site-packages\playwright\_impl\_page.py", line 828, in screenshot
    encoded_binary = await self._channel.send(
                     ^^^^^^^^^^^^^^^^^^^^^^^^^
        "screenshot", self._timeout_settings.timeout, params
        ^^^^^^^^^^^^^^^^^^^^^^^^^^^^^^^^^^^^^^^^^^^^^^^^^^^^
    )
    ^
  File "E:\github\wk_python\chaoxing_auto\.venv\Lib\site-packages\playwright\_impl\_connection.py", line 69, in send
    return await self._connection.wrap_api_call(
           ^^^^^^^^^^^^^^^^^^^^^^^^^^^^^^^^^^^^^
    ...<3 lines>...
    )
    ^
  File "E:\github\wk_python\chaoxing_auto\.venv\Lib\site-packages\playwright\_impl\_connection.py", line 563, in wrap_api_call
    raise rewrite_error(error, f"{parsed_st['apiName']}: {error}") from None
playwright._impl._errors.TargetClosedError: Page.screenshot: Target page, context or browser has been closed
2026-07-08 16:33:08 ERROR 打开章节失败: Page.goto: Target page, context or browser has been closed
Traceback (most recent call last):
  File "E:\github\wk_python\chaoxing_auto\course\chapter.py", line 131, in open_chapter
    self.page.goto(url, wait_until="domcontentloaded", timeout=WAIT_TIME)
    ~~~~~~~~~~~~~~^^^^^^^^^^^^^^^^^^^^^^^^^^^^^^^^^^^^^^^^^^^^^^^^^^^^^^^
  File "E:\github\wk_python\chaoxing_auto\.venv\Lib\site-packages\playwright\sync_api\_generated.py", line 9770, in goto
    self._sync(
    ~~~~~~~~~~^
        self._impl_obj.goto(
        ^^^^^^^^^^^^^^^^^^^^
    ...<4 lines>...
        )
        ^
    )
    ^
  File "E:\github\wk_python\chaoxing_auto\.venv\Lib\site-packages\playwright\_impl\_sync_base.py", line 115, in _sync
    return task.result()
           ~~~~~~~~~~~^^
  File "E:\github\wk_python\chaoxing_auto\.venv\Lib\site-packages\playwright\_impl\_page.py", line 560, in goto
    return await self._main_frame.goto(**locals_to_params(locals()))
           ^^^^^^^^^^^^^^^^^^^^^^^^^^^^^^^^^^^^^^^^^^^^^^^^^^^^^^^^^
  File "E:\github\wk_python\chaoxing_auto\.venv\Lib\site-packages\playwright\_impl\_frame.py", line 156, in goto
    await self._channel.send(
        "goto", self._navigation_timeout, locals_to_params(locals())
    )
  File "E:\github\wk_python\chaoxing_auto\.venv\Lib\site-packages\playwright\_impl\_connection.py", line 69, in send
    return await self._connection.wrap_api_call(
           ^^^^^^^^^^^^^^^^^^^^^^^^^^^^^^^^^^^^^
    ...<3 lines>...
    )
    ^
  File "E:\github\wk_python\chaoxing_auto\.venv\Lib\site-packages\playwright\_impl\_connection.py", line 563, in wrap_api_call
    raise rewrite_error(error, f"{parsed_st['apiName']}: {error}") from None
playwright._impl._errors.TargetClosedError: Page.goto: Target page, context or browser has been closed
2026-07-08 16:33:08 ERROR 保存截图失败: Page.screenshot: Target page, context or browser has been closed
Traceback (most recent call last):
  File "E:\github\wk_python\chaoxing_auto\utils\helper.py", line 63, in save_screenshot
    page.screenshot(path=str(path), full_page=True)
    ~~~~~~~~~~~~~~~^^^^^^^^^^^^^^^^^^^^^^^^^^^^^^^^
  File "E:\github\wk_python\chaoxing_auto\.venv\Lib\site-packages\playwright\sync_api\_generated.py", line 10754, in screenshot
    self._sync(
    ~~~~~~~~~~^
        self._impl_obj.screenshot(
        ^^^^^^^^^^^^^^^^^^^^^^^^^^
    ...<13 lines>...
        )
        ^
    )
    ^
  File "E:\github\wk_python\chaoxing_auto\.venv\Lib\site-packages\playwright\_impl\_sync_base.py", line 115, in _sync
    return task.result()
           ~~~~~~~~~~~^^
  File "E:\github\wk_python\chaoxing_auto\.venv\Lib\site-packages\playwright\_impl\_page.py", line 828, in screenshot
    encoded_binary = await self._channel.send(
                     ^^^^^^^^^^^^^^^^^^^^^^^^^
        "screenshot", self._timeout_settings.timeout, params
        ^^^^^^^^^^^^^^^^^^^^^^^^^^^^^^^^^^^^^^^^^^^^^^^^^^^^
    )
    ^
  File "E:\github\wk_python\chaoxing_auto\.venv\Lib\site-packages\playwright\_impl\_connection.py", line 69, in send
    return await self._connection.wrap_api_call(
           ^^^^^^^^^^^^^^^^^^^^^^^^^^^^^^^^^^^^^
    ...<3 lines>...
    )
    ^
  File "E:\github\wk_python\chaoxing_auto\.venv\Lib\site-packages\playwright\_impl\_connection.py", line 563, in wrap_api_call
    raise rewrite_error(error, f"{parsed_st['apiName']}: {error}") from None
playwright._impl._errors.TargetClosedError: Page.screenshot: Target page, context or browser has been closed
2026-07-08 16:33:08 ERROR 章节处理失败，继续下一章节: 10.1 第一节 积极参与创新创业大赛 1，错误: Page.goto: Target page, context or browser has been closed
Traceback (most recent call last):
  File "E:\github\wk_python\chaoxing_auto\main.py", line 326, in _learn_open_course
    chapter_manager.open_chapter(chapter)
    ~~~~~~~~~~~~~~~~~~~~~~~~~~~~^^^^^^^^^
  File "E:\github\wk_python\chaoxing_auto\course\chapter.py", line 131, in open_chapter
    self.page.goto(url, wait_until="domcontentloaded", timeout=WAIT_TIME)
    ~~~~~~~~~~~~~~^^^^^^^^^^^^^^^^^^^^^^^^^^^^^^^^^^^^^^^^^^^^^^^^^^^^^^^
  File "E:\github\wk_python\chaoxing_auto\.venv\Lib\site-packages\playwright\sync_api\_generated.py", line 9770, in goto
    self._sync(
    ~~~~~~~~~~^
        self._impl_obj.goto(
        ^^^^^^^^^^^^^^^^^^^^
    ...<4 lines>...
        )
        ^
    )
    ^
  File "E:\github\wk_python\chaoxing_auto\.venv\Lib\site-packages\playwright\_impl\_sync_base.py", line 115, in _sync
    return task.result()
           ~~~~~~~~~~~^^
  File "E:\github\wk_python\chaoxing_auto\.venv\Lib\site-packages\playwright\_impl\_page.py", line 560, in goto
    return await self._main_frame.goto(**locals_to_params(locals()))
           ^^^^^^^^^^^^^^^^^^^^^^^^^^^^^^^^^^^^^^^^^^^^^^^^^^^^^^^^^
  File "E:\github\wk_python\chaoxing_auto\.venv\Lib\site-packages\playwright\_impl\_frame.py", line 156, in goto
    await self._channel.send(
        "goto", self._navigation_timeout, locals_to_params(locals())
    )
  File "E:\github\wk_python\chaoxing_auto\.venv\Lib\site-packages\playwright\_impl\_connection.py", line 69, in send
    return await self._connection.wrap_api_call(
           ^^^^^^^^^^^^^^^^^^^^^^^^^^^^^^^^^^^^^
    ...<3 lines>...
    )
    ^
  File "E:\github\wk_python\chaoxing_auto\.venv\Lib\site-packages\playwright\_impl\_connection.py", line 563, in wrap_api_call
    raise rewrite_error(error, f"{parsed_st['apiName']}: {error}") from None
playwright._impl._errors.TargetClosedError: Page.goto: Target page, context or browser has been closed
2026-07-08 16:33:08 INFO 开始学习章节 [29/74]: 10.2 第二节 国内主要创新创业大赛
2026-07-08 16:33:08 INFO 打开章节: 10.2 第二节 国内主要创新创业大赛
2026-07-08 16:33:08 ERROR 保存截图失败: Page.screenshot: Target page, context or browser has been closed
Traceback (most recent call last):
  File "E:\github\wk_python\chaoxing_auto\utils\helper.py", line 63, in save_screenshot
    page.screenshot(path=str(path), full_page=True)
    ~~~~~~~~~~~~~~~^^^^^^^^^^^^^^^^^^^^^^^^^^^^^^^^
  File "E:\github\wk_python\chaoxing_auto\.venv\Lib\site-packages\playwright\sync_api\_generated.py", line 10754, in screenshot
    self._sync(
    ~~~~~~~~~~^
        self._impl_obj.screenshot(
        ^^^^^^^^^^^^^^^^^^^^^^^^^^
    ...<13 lines>...
        )
        ^
    )
    ^
  File "E:\github\wk_python\chaoxing_auto\.venv\Lib\site-packages\playwright\_impl\_sync_base.py", line 115, in _sync
    return task.result()
           ~~~~~~~~~~~^^
  File "E:\github\wk_python\chaoxing_auto\.venv\Lib\site-packages\playwright\_impl\_page.py", line 828, in screenshot
    encoded_binary = await self._channel.send(
                     ^^^^^^^^^^^^^^^^^^^^^^^^^
        "screenshot", self._timeout_settings.timeout, params
        ^^^^^^^^^^^^^^^^^^^^^^^^^^^^^^^^^^^^^^^^^^^^^^^^^^^^
    )
    ^
  File "E:\github\wk_python\chaoxing_auto\.venv\Lib\site-packages\playwright\_impl\_connection.py", line 69, in send
    return await self._connection.wrap_api_call(
           ^^^^^^^^^^^^^^^^^^^^^^^^^^^^^^^^^^^^^
    ...<3 lines>...
    )
    ^
  File "E:\github\wk_python\chaoxing_auto\.venv\Lib\site-packages\playwright\_impl\_connection.py", line 563, in wrap_api_call
    raise rewrite_error(error, f"{parsed_st['apiName']}: {error}") from None
playwright._impl._errors.TargetClosedError: Page.screenshot: Target page, context or browser has been closed
2026-07-08 16:33:08 ERROR 打开章节失败: Page.goto: Target page, context or browser has been closed
Traceback (most recent call last):
  File "E:\github\wk_python\chaoxing_auto\course\chapter.py", line 131, in open_chapter
    self.page.goto(url, wait_until="domcontentloaded", timeout=WAIT_TIME)
    ~~~~~~~~~~~~~~^^^^^^^^^^^^^^^^^^^^^^^^^^^^^^^^^^^^^^^^^^^^^^^^^^^^^^^
  File "E:\github\wk_python\chaoxing_auto\.venv\Lib\site-packages\playwright\sync_api\_generated.py", line 9770, in goto
    self._sync(
    ~~~~~~~~~~^
        self._impl_obj.goto(
        ^^^^^^^^^^^^^^^^^^^^
    ...<4 lines>...
        )
        ^
    )
    ^
  File "E:\github\wk_python\chaoxing_auto\.venv\Lib\site-packages\playwright\_impl\_sync_base.py", line 115, in _sync
    return task.result()
           ~~~~~~~~~~~^^
  File "E:\github\wk_python\chaoxing_auto\.venv\Lib\site-packages\playwright\_impl\_page.py", line 560, in goto
    return await self._main_frame.goto(**locals_to_params(locals()))
           ^^^^^^^^^^^^^^^^^^^^^^^^^^^^^^^^^^^^^^^^^^^^^^^^^^^^^^^^^
  File "E:\github\wk_python\chaoxing_auto\.venv\Lib\site-packages\playwright\_impl\_frame.py", line 156, in goto
    await self._channel.send(
        "goto", self._navigation_timeout, locals_to_params(locals())
    )
  File "E:\github\wk_python\chaoxing_auto\.venv\Lib\site-packages\playwright\_impl\_connection.py", line 69, in send
    return await self._connection.wrap_api_call(
           ^^^^^^^^^^^^^^^^^^^^^^^^^^^^^^^^^^^^^
    ...<3 lines>...
    )
    ^
  File "E:\github\wk_python\chaoxing_auto\.venv\Lib\site-packages\playwright\_impl\_connection.py", line 563, in wrap_api_call
    raise rewrite_error(error, f"{parsed_st['apiName']}: {error}") from None
playwright._impl._errors.TargetClosedError: Page.goto: Target page, context or browser has been closed
2026-07-08 16:33:08 ERROR 保存截图失败: Page.screenshot: Target page, context or browser has been closed
Traceback (most recent call last):
  File "E:\github\wk_python\chaoxing_auto\utils\helper.py", line 63, in save_screenshot
    page.screenshot(path=str(path), full_page=True)
    ~~~~~~~~~~~~~~~^^^^^^^^^^^^^^^^^^^^^^^^^^^^^^^^
  File "E:\github\wk_python\chaoxing_auto\.venv\Lib\site-packages\playwright\sync_api\_generated.py", line 10754, in screenshot
    self._sync(
    ~~~~~~~~~~^
        self._impl_obj.screenshot(
        ^^^^^^^^^^^^^^^^^^^^^^^^^^
    ...<13 lines>...
        )
        ^
    )
    ^
  File "E:\github\wk_python\chaoxing_auto\.venv\Lib\site-packages\playwright\_impl\_sync_base.py", line 115, in _sync
    return task.result()
           ~~~~~~~~~~~^^
  File "E:\github\wk_python\chaoxing_auto\.venv\Lib\site-packages\playwright\_impl\_page.py", line 828, in screenshot
    encoded_binary = await self._channel.send(
                     ^^^^^^^^^^^^^^^^^^^^^^^^^
        "screenshot", self._timeout_settings.timeout, params
        ^^^^^^^^^^^^^^^^^^^^^^^^^^^^^^^^^^^^^^^^^^^^^^^^^^^^
    )
    ^
  File "E:\github\wk_python\chaoxing_auto\.venv\Lib\site-packages\playwright\_impl\_connection.py", line 69, in send
    return await self._connection.wrap_api_call(
           ^^^^^^^^^^^^^^^^^^^^^^^^^^^^^^^^^^^^^
    ...<3 lines>...
    )
    ^
  File "E:\github\wk_python\chaoxing_auto\.venv\Lib\site-packages\playwright\_impl\_connection.py", line 563, in wrap_api_call
    raise rewrite_error(error, f"{parsed_st['apiName']}: {error}") from None
playwright._impl._errors.TargetClosedError: Page.screenshot: Target page, context or browser has been closed
2026-07-08 16:33:08 ERROR 章节处理失败，继续下一章节: 10.2 第二节 国内主要创新创业大赛，错误: Page.goto: Target page, context or browser has been closed
Traceback (most recent call last):
  File "E:\github\wk_python\chaoxing_auto\main.py", line 326, in _learn_open_course
    chapter_manager.open_chapter(chapter)
    ~~~~~~~~~~~~~~~~~~~~~~~~~~~~^^^^^^^^^
  File "E:\github\wk_python\chaoxing_auto\course\chapter.py", line 131, in open_chapter
    self.page.goto(url, wait_until="domcontentloaded", timeout=WAIT_TIME)
    ~~~~~~~~~~~~~~^^^^^^^^^^^^^^^^^^^^^^^^^^^^^^^^^^^^^^^^^^^^^^^^^^^^^^^
  File "E:\github\wk_python\chaoxing_auto\.venv\Lib\site-packages\playwright\sync_api\_generated.py", line 9770, in goto
    self._sync(
    ~~~~~~~~~~^
        self._impl_obj.goto(
        ^^^^^^^^^^^^^^^^^^^^
    ...<4 lines>...
        )
        ^
    )
    ^
  File "E:\github\wk_python\chaoxing_auto\.venv\Lib\site-packages\playwright\_impl\_sync_base.py", line 115, in _sync
    return task.result()
           ~~~~~~~~~~~^^
  File "E:\github\wk_python\chaoxing_auto\.venv\Lib\site-packages\playwright\_impl\_page.py", line 560, in goto
    return await self._main_frame.goto(**locals_to_params(locals()))
           ^^^^^^^^^^^^^^^^^^^^^^^^^^^^^^^^^^^^^^^^^^^^^^^^^^^^^^^^^
  File "E:\github\wk_python\chaoxing_auto\.venv\Lib\site-packages\playwright\_impl\_frame.py", line 156, in goto
    await self._channel.send(
        "goto", self._navigation_timeout, locals_to_params(locals())
    )
  File "E:\github\wk_python\chaoxing_auto\.venv\Lib\site-packages\playwright\_impl\_connection.py", line 69, in send
    return await self._connection.wrap_api_call(
           ^^^^^^^^^^^^^^^^^^^^^^^^^^^^^^^^^^^^^
    ...<3 lines>...
    )
    ^
  File "E:\github\wk_python\chaoxing_auto\.venv\Lib\site-packages\playwright\_impl\_connection.py", line 563, in wrap_api_call
    raise rewrite_error(error, f"{parsed_st['apiName']}: {error}") from None
playwright._impl._errors.TargetClosedError: Page.goto: Target page, context or browser has been closed
2026-07-08 16:33:08 INFO 开始学习章节 [30/74]: 10.3 第三节 融入“大众创业、万众创新”时代浪潮
2026-07-08 16:33:08 INFO 打开章节: 10.3 第三节 融入“大众创业、万众创新”时代浪潮
2026-07-08 16:33:08 ERROR 保存截图失败: Page.screenshot: Target page, context or browser has been closed
Traceback (most recent call last):
  File "E:\github\wk_python\chaoxing_auto\utils\helper.py", line 63, in save_screenshot
    page.screenshot(path=str(path), full_page=True)
    ~~~~~~~~~~~~~~~^^^^^^^^^^^^^^^^^^^^^^^^^^^^^^^^
  File "E:\github\wk_python\chaoxing_auto\.venv\Lib\site-packages\playwright\sync_api\_generated.py", line 10754, in screenshot
    self._sync(
    ~~~~~~~~~~^
        self._impl_obj.screenshot(
        ^^^^^^^^^^^^^^^^^^^^^^^^^^
    ...<13 lines>...
        )
        ^
    )
    ^
  File "E:\github\wk_python\chaoxing_auto\.venv\Lib\site-packages\playwright\_impl\_sync_base.py", line 115, in _sync
    return task.result()
           ~~~~~~~~~~~^^
  File "E:\github\wk_python\chaoxing_auto\.venv\Lib\site-packages\playwright\_impl\_page.py", line 828, in screenshot
    encoded_binary = await self._channel.send(
                     ^^^^^^^^^^^^^^^^^^^^^^^^^
        "screenshot", self._timeout_settings.timeout, params
        ^^^^^^^^^^^^^^^^^^^^^^^^^^^^^^^^^^^^^^^^^^^^^^^^^^^^
    )
    ^
  File "E:\github\wk_python\chaoxing_auto\.venv\Lib\site-packages\playwright\_impl\_connection.py", line 69, in send
    return await self._connection.wrap_api_call(
           ^^^^^^^^^^^^^^^^^^^^^^^^^^^^^^^^^^^^^
    ...<3 lines>...
    )
    ^
  File "E:\github\wk_python\chaoxing_auto\.venv\Lib\site-packages\playwright\_impl\_connection.py", line 563, in wrap_api_call
    raise rewrite_error(error, f"{parsed_st['apiName']}: {error}") from None
playwright._impl._errors.TargetClosedError: Page.screenshot: Target page, context or browser has been closed
2026-07-08 16:33:08 ERROR 打开章节失败: Page.goto: Target page, context or browser has been closed
Traceback (most recent call last):
  File "E:\github\wk_python\chaoxing_auto\course\chapter.py", line 131, in open_chapter
    self.page.goto(url, wait_until="domcontentloaded", timeout=WAIT_TIME)
    ~~~~~~~~~~~~~~^^^^^^^^^^^^^^^^^^^^^^^^^^^^^^^^^^^^^^^^^^^^^^^^^^^^^^^
  File "E:\github\wk_python\chaoxing_auto\.venv\Lib\site-packages\playwright\sync_api\_generated.py", line 9770, in goto
    self._sync(
    ~~~~~~~~~~^
        self._impl_obj.goto(
        ^^^^^^^^^^^^^^^^^^^^
    ...<4 lines>...
        )
        ^
    )
    ^
  File "E:\github\wk_python\chaoxing_auto\.venv\Lib\site-packages\playwright\_impl\_sync_base.py", line 115, in _sync
    return task.result()
           ~~~~~~~~~~~^^
  File "E:\github\wk_python\chaoxing_auto\.venv\Lib\site-packages\playwright\_impl\_page.py", line 560, in goto
    return await self._main_frame.goto(**locals_to_params(locals()))
           ^^^^^^^^^^^^^^^^^^^^^^^^^^^^^^^^^^^^^^^^^^^^^^^^^^^^^^^^^
  File "E:\github\wk_python\chaoxing_auto\.venv\Lib\site-packages\playwright\_impl\_frame.py", line 156, in goto
    await self._channel.send(
        "goto", self._navigation_timeout, locals_to_params(locals())
    )
  File "E:\github\wk_python\chaoxing_auto\.venv\Lib\site-packages\playwright\_impl\_connection.py", line 69, in send
    return await self._connection.wrap_api_call(
           ^^^^^^^^^^^^^^^^^^^^^^^^^^^^^^^^^^^^^
    ...<3 lines>...
    )
    ^
  File "E:\github\wk_python\chaoxing_auto\.venv\Lib\site-packages\playwright\_impl\_connection.py", line 563, in wrap_api_call
    raise rewrite_error(error, f"{parsed_st['apiName']}: {error}") from None
playwright._impl._errors.TargetClosedError: Page.goto: Target page, context or browser has been closed
2026-07-08 16:33:08 ERROR 保存截图失败: Page.screenshot: Target page, context or browser has been closed
Traceback (most recent call last):
  File "E:\github\wk_python\chaoxing_auto\utils\helper.py", line 63, in save_screenshot
    page.screenshot(path=str(path), full_page=True)
    ~~~~~~~~~~~~~~~^^^^^^^^^^^^^^^^^^^^^^^^^^^^^^^^
  File "E:\github\wk_python\chaoxing_auto\.venv\Lib\site-packages\playwright\sync_api\_generated.py", line 10754, in screenshot
    self._sync(
    ~~~~~~~~~~^
        self._impl_obj.screenshot(
        ^^^^^^^^^^^^^^^^^^^^^^^^^^
    ...<13 lines>...
        )
        ^
    )
    ^
  File "E:\github\wk_python\chaoxing_auto\.venv\Lib\site-packages\playwright\_impl\_sync_base.py", line 115, in _sync
    return task.result()
           ~~~~~~~~~~~^^
  File "E:\github\wk_python\chaoxing_auto\.venv\Lib\site-packages\playwright\_impl\_page.py", line 828, in screenshot
    encoded_binary = await self._channel.send(
                     ^^^^^^^^^^^^^^^^^^^^^^^^^
        "screenshot", self._timeout_settings.timeout, params
        ^^^^^^^^^^^^^^^^^^^^^^^^^^^^^^^^^^^^^^^^^^^^^^^^^^^^
    )
    ^
  File "E:\github\wk_python\chaoxing_auto\.venv\Lib\site-packages\playwright\_impl\_connection.py", line 69, in send
    return await self._connection.wrap_api_call(
           ^^^^^^^^^^^^^^^^^^^^^^^^^^^^^^^^^^^^^
    ...<3 lines>...
    )
    ^
  File "E:\github\wk_python\chaoxing_auto\.venv\Lib\site-packages\playwright\_impl\_connection.py", line 563, in wrap_api_call
    raise rewrite_error(error, f"{parsed_st['apiName']}: {error}") from None
playwright._impl._errors.TargetClosedError: Page.screenshot: Target page, context or browser has been closed
2026-07-08 16:33:08 ERROR 章节处理失败，继续下一章节: 10.3 第三节 融入“大众创业、万众创新”时代浪潮，错误: Page.goto: Target page, context or browser has been closed
Traceback (most recent call last):
  File "E:\github\wk_python\chaoxing_auto\main.py", line 326, in _learn_open_course
    chapter_manager.open_chapter(chapter)
    ~~~~~~~~~~~~~~~~~~~~~~~~~~~~^^^^^^^^^
  File "E:\github\wk_python\chaoxing_auto\course\chapter.py", line 131, in open_chapter
    self.page.goto(url, wait_until="domcontentloaded", timeout=WAIT_TIME)
    ~~~~~~~~~~~~~~^^^^^^^^^^^^^^^^^^^^^^^^^^^^^^^^^^^^^^^^^^^^^^^^^^^^^^^
  File "E:\github\wk_python\chaoxing_auto\.venv\Lib\site-packages\playwright\sync_api\_generated.py", line 9770, in goto
    self._sync(
    ~~~~~~~~~~^
        self._impl_obj.goto(
        ^^^^^^^^^^^^^^^^^^^^
    ...<4 lines>...
        )
        ^
    )
    ^
  File "E:\github\wk_python\chaoxing_auto\.venv\Lib\site-packages\playwright\_impl\_sync_base.py", line 115, in _sync
    return task.result()
           ~~~~~~~~~~~^^
  File "E:\github\wk_python\chaoxing_auto\.venv\Lib\site-packages\playwright\_impl\_page.py", line 560, in goto
    return await self._main_frame.goto(**locals_to_params(locals()))
           ^^^^^^^^^^^^^^^^^^^^^^^^^^^^^^^^^^^^^^^^^^^^^^^^^^^^^^^^^
  File "E:\github\wk_python\chaoxing_auto\.venv\Lib\site-packages\playwright\_impl\_frame.py", line 156, in goto
    await self._channel.send(
        "goto", self._navigation_timeout, locals_to_params(locals())
    )
  File "E:\github\wk_python\chaoxing_auto\.venv\Lib\site-packages\playwright\_impl\_connection.py", line 69, in send
    return await self._connection.wrap_api_call(
           ^^^^^^^^^^^^^^^^^^^^^^^^^^^^^^^^^^^^^
    ...<3 lines>...
    )
    ^
  File "E:\github\wk_python\chaoxing_auto\.venv\Lib\site-packages\playwright\_impl\_connection.py", line 563, in wrap_api_call
    raise rewrite_error(error, f"{parsed_st['apiName']}: {error}") from None
playwright._impl._errors.TargetClosedError: Page.goto: Target page, context or browser has been closed
2026-07-08 16:33:08 INFO 开始学习章节 [31/74]: 11.1 第一节 创办新企业
2026-07-08 16:33:08 INFO 打开章节: 11.1 第一节 创办新企业
2026-07-08 16:33:08 ERROR 保存截图失败: Page.screenshot: Target page, context or browser has been closed
Traceback (most recent call last):
  File "E:\github\wk_python\chaoxing_auto\utils\helper.py", line 63, in save_screenshot
    page.screenshot(path=str(path), full_page=True)
    ~~~~~~~~~~~~~~~^^^^^^^^^^^^^^^^^^^^^^^^^^^^^^^^
  File "E:\github\wk_python\chaoxing_auto\.venv\Lib\site-packages\playwright\sync_api\_generated.py", line 10754, in screenshot
    self._sync(
    ~~~~~~~~~~^
        self._impl_obj.screenshot(
        ^^^^^^^^^^^^^^^^^^^^^^^^^^
    ...<13 lines>...
        )
        ^
    )
    ^
  File "E:\github\wk_python\chaoxing_auto\.venv\Lib\site-packages\playwright\_impl\_sync_base.py", line 115, in _sync
    return task.result()
           ~~~~~~~~~~~^^
  File "E:\github\wk_python\chaoxing_auto\.venv\Lib\site-packages\playwright\_impl\_page.py", line 828, in screenshot
    encoded_binary = await self._channel.send(
                     ^^^^^^^^^^^^^^^^^^^^^^^^^
        "screenshot", self._timeout_settings.timeout, params
        ^^^^^^^^^^^^^^^^^^^^^^^^^^^^^^^^^^^^^^^^^^^^^^^^^^^^
    )
    ^
  File "E:\github\wk_python\chaoxing_auto\.venv\Lib\site-packages\playwright\_impl\_connection.py", line 69, in send
    return await self._connection.wrap_api_call(
           ^^^^^^^^^^^^^^^^^^^^^^^^^^^^^^^^^^^^^
    ...<3 lines>...
    )
    ^
  File "E:\github\wk_python\chaoxing_auto\.venv\Lib\site-packages\playwright\_impl\_connection.py", line 563, in wrap_api_call
    raise rewrite_error(error, f"{parsed_st['apiName']}: {error}") from None
playwright._impl._errors.TargetClosedError: Page.screenshot: Target page, context or browser has been closed
2026-07-08 16:33:08 ERROR 打开章节失败: Page.goto: Target page, context or browser has been closed
Traceback (most recent call last):
  File "E:\github\wk_python\chaoxing_auto\course\chapter.py", line 131, in open_chapter
    self.page.goto(url, wait_until="domcontentloaded", timeout=WAIT_TIME)
    ~~~~~~~~~~~~~~^^^^^^^^^^^^^^^^^^^^^^^^^^^^^^^^^^^^^^^^^^^^^^^^^^^^^^^
  File "E:\github\wk_python\chaoxing_auto\.venv\Lib\site-packages\playwright\sync_api\_generated.py", line 9770, in goto
    self._sync(
    ~~~~~~~~~~^
        self._impl_obj.goto(
        ^^^^^^^^^^^^^^^^^^^^
    ...<4 lines>...
        )
        ^
    )
    ^
  File "E:\github\wk_python\chaoxing_auto\.venv\Lib\site-packages\playwright\_impl\_sync_base.py", line 115, in _sync
    return task.result()
           ~~~~~~~~~~~^^
  File "E:\github\wk_python\chaoxing_auto\.venv\Lib\site-packages\playwright\_impl\_page.py", line 560, in goto
    return await self._main_frame.goto(**locals_to_params(locals()))
           ^^^^^^^^^^^^^^^^^^^^^^^^^^^^^^^^^^^^^^^^^^^^^^^^^^^^^^^^^
  File "E:\github\wk_python\chaoxing_auto\.venv\Lib\site-packages\playwright\_impl\_frame.py", line 156, in goto
    await self._channel.send(
        "goto", self._navigation_timeout, locals_to_params(locals())
    )
  File "E:\github\wk_python\chaoxing_auto\.venv\Lib\site-packages\playwright\_impl\_connection.py", line 69, in send
    return await self._connection.wrap_api_call(
           ^^^^^^^^^^^^^^^^^^^^^^^^^^^^^^^^^^^^^
    ...<3 lines>...
    )
    ^
  File "E:\github\wk_python\chaoxing_auto\.venv\Lib\site-packages\playwright\_impl\_connection.py", line 563, in wrap_api_call
    raise rewrite_error(error, f"{parsed_st['apiName']}: {error}") from None
playwright._impl._errors.TargetClosedError: Page.goto: Target page, context or browser has been closed
2026-07-08 16:33:08 ERROR 保存截图失败: Page.screenshot: Target page, context or browser has been closed
Traceback (most recent call last):
  File "E:\github\wk_python\chaoxing_auto\utils\helper.py", line 63, in save_screenshot
    page.screenshot(path=str(path), full_page=True)
    ~~~~~~~~~~~~~~~^^^^^^^^^^^^^^^^^^^^^^^^^^^^^^^^
  File "E:\github\wk_python\chaoxing_auto\.venv\Lib\site-packages\playwright\sync_api\_generated.py", line 10754, in screenshot
    self._sync(
    ~~~~~~~~~~^
        self._impl_obj.screenshot(
        ^^^^^^^^^^^^^^^^^^^^^^^^^^
    ...<13 lines>...
        )
        ^
    )
    ^
  File "E:\github\wk_python\chaoxing_auto\.venv\Lib\site-packages\playwright\_impl\_sync_base.py", line 115, in _sync
    return task.result()
           ~~~~~~~~~~~^^
  File "E:\github\wk_python\chaoxing_auto\.venv\Lib\site-packages\playwright\_impl\_page.py", line 828, in screenshot
    encoded_binary = await self._channel.send(
                     ^^^^^^^^^^^^^^^^^^^^^^^^^
        "screenshot", self._timeout_settings.timeout, params
        ^^^^^^^^^^^^^^^^^^^^^^^^^^^^^^^^^^^^^^^^^^^^^^^^^^^^
    )
    ^
  File "E:\github\wk_python\chaoxing_auto\.venv\Lib\site-packages\playwright\_impl\_connection.py", line 69, in send
    return await self._connection.wrap_api_call(
           ^^^^^^^^^^^^^^^^^^^^^^^^^^^^^^^^^^^^^
    ...<3 lines>...
    )
    ^
  File "E:\github\wk_python\chaoxing_auto\.venv\Lib\site-packages\playwright\_impl\_connection.py", line 563, in wrap_api_call
    raise rewrite_error(error, f"{parsed_st['apiName']}: {error}") from None
playwright._impl._errors.TargetClosedError: Page.screenshot: Target page, context or browser has been closed
2026-07-08 16:33:08 ERROR 章节处理失败，继续下一章节: 11.1 第一节 创办新企业，错误: Page.goto: Target page, context or browser has been closed
Traceback (most recent call last):
  File "E:\github\wk_python\chaoxing_auto\main.py", line 326, in _learn_open_course
    chapter_manager.open_chapter(chapter)
    ~~~~~~~~~~~~~~~~~~~~~~~~~~~~^^^^^^^^^
  File "E:\github\wk_python\chaoxing_auto\course\chapter.py", line 131, in open_chapter
    self.page.goto(url, wait_until="domcontentloaded", timeout=WAIT_TIME)
    ~~~~~~~~~~~~~~^^^^^^^^^^^^^^^^^^^^^^^^^^^^^^^^^^^^^^^^^^^^^^^^^^^^^^^
  File "E:\github\wk_python\chaoxing_auto\.venv\Lib\site-packages\playwright\sync_api\_generated.py", line 9770, in goto
    self._sync(
    ~~~~~~~~~~^
        self._impl_obj.goto(
        ^^^^^^^^^^^^^^^^^^^^
    ...<4 lines>...
        )
        ^
    )
    ^
  File "E:\github\wk_python\chaoxing_auto\.venv\Lib\site-packages\playwright\_impl\_sync_base.py", line 115, in _sync
    return task.result()
           ~~~~~~~~~~~^^
  File "E:\github\wk_python\chaoxing_auto\.venv\Lib\site-packages\playwright\_impl\_page.py", line 560, in goto
    return await self._main_frame.goto(**locals_to_params(locals()))
           ^^^^^^^^^^^^^^^^^^^^^^^^^^^^^^^^^^^^^^^^^^^^^^^^^^^^^^^^^
  File "E:\github\wk_python\chaoxing_auto\.venv\Lib\site-packages\playwright\_impl\_frame.py", line 156, in goto
    await self._channel.send(
        "goto", self._navigation_timeout, locals_to_params(locals())
    )
  File "E:\github\wk_python\chaoxing_auto\.venv\Lib\site-packages\playwright\_impl\_connection.py", line 69, in send
    return await self._connection.wrap_api_call(
           ^^^^^^^^^^^^^^^^^^^^^^^^^^^^^^^^^^^^^
    ...<3 lines>...
    )
    ^
  File "E:\github\wk_python\chaoxing_auto\.venv\Lib\site-packages\playwright\_impl\_connection.py", line 563, in wrap_api_call
    raise rewrite_error(error, f"{parsed_st['apiName']}: {error}") from None
playwright._impl._errors.TargetClosedError: Page.goto: Target page, context or browser has been closed
2026-07-08 16:33:08 INFO 开始学习章节 [32/74]: 11.2 第二节 创办企业的法律环境和社会责任
2026-07-08 16:33:08 INFO 打开章节: 11.2 第二节 创办企业的法律环境和社会责任
2026-07-08 16:33:08 ERROR 保存截图失败: Page.screenshot: Target page, context or browser has been closed
Traceback (most recent call last):
  File "E:\github\wk_python\chaoxing_auto\utils\helper.py", line 63, in save_screenshot
    page.screenshot(path=str(path), full_page=True)
    ~~~~~~~~~~~~~~~^^^^^^^^^^^^^^^^^^^^^^^^^^^^^^^^
  File "E:\github\wk_python\chaoxing_auto\.venv\Lib\site-packages\playwright\sync_api\_generated.py", line 10754, in screenshot
    self._sync(
    ~~~~~~~~~~^
        self._impl_obj.screenshot(
        ^^^^^^^^^^^^^^^^^^^^^^^^^^
    ...<13 lines>...
        )
        ^
    )
    ^
  File "E:\github\wk_python\chaoxing_auto\.venv\Lib\site-packages\playwright\_impl\_sync_base.py", line 115, in _sync
    return task.result()
           ~~~~~~~~~~~^^
  File "E:\github\wk_python\chaoxing_auto\.venv\Lib\site-packages\playwright\_impl\_page.py", line 828, in screenshot
    encoded_binary = await self._channel.send(
                     ^^^^^^^^^^^^^^^^^^^^^^^^^
        "screenshot", self._timeout_settings.timeout, params
        ^^^^^^^^^^^^^^^^^^^^^^^^^^^^^^^^^^^^^^^^^^^^^^^^^^^^
    )
    ^
  File "E:\github\wk_python\chaoxing_auto\.venv\Lib\site-packages\playwright\_impl\_connection.py", line 69, in send
    return await self._connection.wrap_api_call(
           ^^^^^^^^^^^^^^^^^^^^^^^^^^^^^^^^^^^^^
    ...<3 lines>...
    )
    ^
  File "E:\github\wk_python\chaoxing_auto\.venv\Lib\site-packages\playwright\_impl\_connection.py", line 563, in wrap_api_call
    raise rewrite_error(error, f"{parsed_st['apiName']}: {error}") from None
playwright._impl._errors.TargetClosedError: Page.screenshot: Target page, context or browser has been closed
2026-07-08 16:33:08 ERROR 打开章节失败: Page.goto: Target page, context or browser has been closed
Traceback (most recent call last):
  File "E:\github\wk_python\chaoxing_auto\course\chapter.py", line 131, in open_chapter
    self.page.goto(url, wait_until="domcontentloaded", timeout=WAIT_TIME)
    ~~~~~~~~~~~~~~^^^^^^^^^^^^^^^^^^^^^^^^^^^^^^^^^^^^^^^^^^^^^^^^^^^^^^^
  File "E:\github\wk_python\chaoxing_auto\.venv\Lib\site-packages\playwright\sync_api\_generated.py", line 9770, in goto
    self._sync(
    ~~~~~~~~~~^
        self._impl_obj.goto(
        ^^^^^^^^^^^^^^^^^^^^
    ...<4 lines>...
        )
        ^
    )
    ^
  File "E:\github\wk_python\chaoxing_auto\.venv\Lib\site-packages\playwright\_impl\_sync_base.py", line 115, in _sync
    return task.result()
           ~~~~~~~~~~~^^
  File "E:\github\wk_python\chaoxing_auto\.venv\Lib\site-packages\playwright\_impl\_page.py", line 560, in goto
    return await self._main_frame.goto(**locals_to_params(locals()))
           ^^^^^^^^^^^^^^^^^^^^^^^^^^^^^^^^^^^^^^^^^^^^^^^^^^^^^^^^^
  File "E:\github\wk_python\chaoxing_auto\.venv\Lib\site-packages\playwright\_impl\_frame.py", line 156, in goto
    await self._channel.send(
        "goto", self._navigation_timeout, locals_to_params(locals())
    )
  File "E:\github\wk_python\chaoxing_auto\.venv\Lib\site-packages\playwright\_impl\_connection.py", line 69, in send
    return await self._connection.wrap_api_call(
           ^^^^^^^^^^^^^^^^^^^^^^^^^^^^^^^^^^^^^
    ...<3 lines>...
    )
    ^
  File "E:\github\wk_python\chaoxing_auto\.venv\Lib\site-packages\playwright\_impl\_connection.py", line 563, in wrap_api_call
    raise rewrite_error(error, f"{parsed_st['apiName']}: {error}") from None
playwright._impl._errors.TargetClosedError: Page.goto: Target page, context or browser has been closed
2026-07-08 16:33:08 ERROR 保存截图失败: Page.screenshot: Target page, context or browser has been closed
Traceback (most recent call last):
  File "E:\github\wk_python\chaoxing_auto\utils\helper.py", line 63, in save_screenshot
    page.screenshot(path=str(path), full_page=True)
    ~~~~~~~~~~~~~~~^^^^^^^^^^^^^^^^^^^^^^^^^^^^^^^^
  File "E:\github\wk_python\chaoxing_auto\.venv\Lib\site-packages\playwright\sync_api\_generated.py", line 10754, in screenshot
    self._sync(
    ~~~~~~~~~~^
        self._impl_obj.screenshot(
        ^^^^^^^^^^^^^^^^^^^^^^^^^^
    ...<13 lines>...
        )
        ^
    )
    ^
  File "E:\github\wk_python\chaoxing_auto\.venv\Lib\site-packages\playwright\_impl\_sync_base.py", line 115, in _sync
    return task.result()
           ~~~~~~~~~~~^^
  File "E:\github\wk_python\chaoxing_auto\.venv\Lib\site-packages\playwright\_impl\_page.py", line 828, in screenshot
    encoded_binary = await self._channel.send(
                     ^^^^^^^^^^^^^^^^^^^^^^^^^
        "screenshot", self._timeout_settings.timeout, params
        ^^^^^^^^^^^^^^^^^^^^^^^^^^^^^^^^^^^^^^^^^^^^^^^^^^^^
    )
    ^
  File "E:\github\wk_python\chaoxing_auto\.venv\Lib\site-packages\playwright\_impl\_connection.py", line 69, in send
    return await self._connection.wrap_api_call(
           ^^^^^^^^^^^^^^^^^^^^^^^^^^^^^^^^^^^^^
    ...<3 lines>...
    )
    ^
  File "E:\github\wk_python\chaoxing_auto\.venv\Lib\site-packages\playwright\_impl\_connection.py", line 563, in wrap_api_call
    raise rewrite_error(error, f"{parsed_st['apiName']}: {error}") from None
playwright._impl._errors.TargetClosedError: Page.screenshot: Target page, context or browser has been closed
2026-07-08 16:33:08 ERROR 章节处理失败，继续下一章节: 11.2 第二节 创办企业的法律环境和社会责任，错误: Page.goto: Target page, context or browser has been closed
Traceback (most recent call last):
  File "E:\github\wk_python\chaoxing_auto\main.py", line 326, in _learn_open_course
    chapter_manager.open_chapter(chapter)
    ~~~~~~~~~~~~~~~~~~~~~~~~~~~~^^^^^^^^^
  File "E:\github\wk_python\chaoxing_auto\course\chapter.py", line 131, in open_chapter
    self.page.goto(url, wait_until="domcontentloaded", timeout=WAIT_TIME)
    ~~~~~~~~~~~~~~^^^^^^^^^^^^^^^^^^^^^^^^^^^^^^^^^^^^^^^^^^^^^^^^^^^^^^^
  File "E:\github\wk_python\chaoxing_auto\.venv\Lib\site-packages\playwright\sync_api\_generated.py", line 9770, in goto
    self._sync(
    ~~~~~~~~~~^
        self._impl_obj.goto(
        ^^^^^^^^^^^^^^^^^^^^
    ...<4 lines>...
        )
        ^
    )
    ^
  File "E:\github\wk_python\chaoxing_auto\.venv\Lib\site-packages\playwright\_impl\_sync_base.py", line 115, in _sync
    return task.result()
           ~~~~~~~~~~~^^
  File "E:\github\wk_python\chaoxing_auto\.venv\Lib\site-packages\playwright\_impl\_page.py", line 560, in goto
    return await self._main_frame.goto(**locals_to_params(locals()))
           ^^^^^^^^^^^^^^^^^^^^^^^^^^^^^^^^^^^^^^^^^^^^^^^^^^^^^^^^^
  File "E:\github\wk_python\chaoxing_auto\.venv\Lib\site-packages\playwright\_impl\_frame.py", line 156, in goto
    await self._channel.send(
        "goto", self._navigation_timeout, locals_to_params(locals())
    )
  File "E:\github\wk_python\chaoxing_auto\.venv\Lib\site-packages\playwright\_impl\_connection.py", line 69, in send
    return await self._connection.wrap_api_call(
           ^^^^^^^^^^^^^^^^^^^^^^^^^^^^^^^^^^^^^
    ...<3 lines>...
    )
    ^
  File "E:\github\wk_python\chaoxing_auto\.venv\Lib\site-packages\playwright\_impl\_connection.py", line 563, in wrap_api_call
    raise rewrite_error(error, f"{parsed_st['apiName']}: {error}") from None
playwright._impl._errors.TargetClosedError: Page.goto: Target page, context or browser has been closed
2026-07-08 16:33:08 INFO 开始学习章节 [33/74]: 11.3 第三节 初创企业管理
2026-07-08 16:33:08 INFO 打开章节: 11.3 第三节 初创企业管理
2026-07-08 16:33:08 ERROR 保存截图失败: Page.screenshot: Target page, context or browser has been closed
Traceback (most recent call last):
  File "E:\github\wk_python\chaoxing_auto\utils\helper.py", line 63, in save_screenshot
    page.screenshot(path=str(path), full_page=True)
    ~~~~~~~~~~~~~~~^^^^^^^^^^^^^^^^^^^^^^^^^^^^^^^^
  File "E:\github\wk_python\chaoxing_auto\.venv\Lib\site-packages\playwright\sync_api\_generated.py", line 10754, in screenshot
    self._sync(
    ~~~~~~~~~~^
        self._impl_obj.screenshot(
        ^^^^^^^^^^^^^^^^^^^^^^^^^^
    ...<13 lines>...
        )
        ^
    )
    ^
  File "E:\github\wk_python\chaoxing_auto\.venv\Lib\site-packages\playwright\_impl\_sync_base.py", line 115, in _sync
    return task.result()
           ~~~~~~~~~~~^^
  File "E:\github\wk_python\chaoxing_auto\.venv\Lib\site-packages\playwright\_impl\_page.py", line 828, in screenshot
    encoded_binary = await self._channel.send(
                     ^^^^^^^^^^^^^^^^^^^^^^^^^
        "screenshot", self._timeout_settings.timeout, params
        ^^^^^^^^^^^^^^^^^^^^^^^^^^^^^^^^^^^^^^^^^^^^^^^^^^^^
    )
    ^
  File "E:\github\wk_python\chaoxing_auto\.venv\Lib\site-packages\playwright\_impl\_connection.py", line 69, in send
    return await self._connection.wrap_api_call(
           ^^^^^^^^^^^^^^^^^^^^^^^^^^^^^^^^^^^^^
    ...<3 lines>...
    )
    ^
  File "E:\github\wk_python\chaoxing_auto\.venv\Lib\site-packages\playwright\_impl\_connection.py", line 563, in wrap_api_call
    raise rewrite_error(error, f"{parsed_st['apiName']}: {error}") from None
playwright._impl._errors.TargetClosedError: Page.screenshot: Target page, context or browser has been closed
2026-07-08 16:33:08 ERROR 打开章节失败: Page.goto: Target page, context or browser has been closed
Traceback (most recent call last):
  File "E:\github\wk_python\chaoxing_auto\course\chapter.py", line 131, in open_chapter
    self.page.goto(url, wait_until="domcontentloaded", timeout=WAIT_TIME)
    ~~~~~~~~~~~~~~^^^^^^^^^^^^^^^^^^^^^^^^^^^^^^^^^^^^^^^^^^^^^^^^^^^^^^^
  File "E:\github\wk_python\chaoxing_auto\.venv\Lib\site-packages\playwright\sync_api\_generated.py", line 9770, in goto
    self._sync(
    ~~~~~~~~~~^
        self._impl_obj.goto(
        ^^^^^^^^^^^^^^^^^^^^
    ...<4 lines>...
        )
        ^
    )
    ^
  File "E:\github\wk_python\chaoxing_auto\.venv\Lib\site-packages\playwright\_impl\_sync_base.py", line 115, in _sync
    return task.result()
           ~~~~~~~~~~~^^
  File "E:\github\wk_python\chaoxing_auto\.venv\Lib\site-packages\playwright\_impl\_page.py", line 560, in goto
    return await self._main_frame.goto(**locals_to_params(locals()))
           ^^^^^^^^^^^^^^^^^^^^^^^^^^^^^^^^^^^^^^^^^^^^^^^^^^^^^^^^^
  File "E:\github\wk_python\chaoxing_auto\.venv\Lib\site-packages\playwright\_impl\_frame.py", line 156, in goto
    await self._channel.send(
        "goto", self._navigation_timeout, locals_to_params(locals())
    )
  File "E:\github\wk_python\chaoxing_auto\.venv\Lib\site-packages\playwright\_impl\_connection.py", line 69, in send
    return await self._connection.wrap_api_call(
           ^^^^^^^^^^^^^^^^^^^^^^^^^^^^^^^^^^^^^
    ...<3 lines>...
    )
    ^
  File "E:\github\wk_python\chaoxing_auto\.venv\Lib\site-packages\playwright\_impl\_connection.py", line 563, in wrap_api_call
    raise rewrite_error(error, f"{parsed_st['apiName']}: {error}") from None
playwright._impl._errors.TargetClosedError: Page.goto: Target page, context or browser has been closed
2026-07-08 16:33:08 ERROR 保存截图失败: Page.screenshot: Target page, context or browser has been closed
Traceback (most recent call last):
  File "E:\github\wk_python\chaoxing_auto\utils\helper.py", line 63, in save_screenshot
    page.screenshot(path=str(path), full_page=True)
    ~~~~~~~~~~~~~~~^^^^^^^^^^^^^^^^^^^^^^^^^^^^^^^^
  File "E:\github\wk_python\chaoxing_auto\.venv\Lib\site-packages\playwright\sync_api\_generated.py", line 10754, in screenshot
    self._sync(
    ~~~~~~~~~~^
        self._impl_obj.screenshot(
        ^^^^^^^^^^^^^^^^^^^^^^^^^^
    ...<13 lines>...
        )
        ^
    )
    ^
  File "E:\github\wk_python\chaoxing_auto\.venv\Lib\site-packages\playwright\_impl\_sync_base.py", line 115, in _sync
    return task.result()
           ~~~~~~~~~~~^^
  File "E:\github\wk_python\chaoxing_auto\.venv\Lib\site-packages\playwright\_impl\_page.py", line 828, in screenshot
    encoded_binary = await self._channel.send(
                     ^^^^^^^^^^^^^^^^^^^^^^^^^
        "screenshot", self._timeout_settings.timeout, params
        ^^^^^^^^^^^^^^^^^^^^^^^^^^^^^^^^^^^^^^^^^^^^^^^^^^^^
    )
    ^
  File "E:\github\wk_python\chaoxing_auto\.venv\Lib\site-packages\playwright\_impl\_connection.py", line 69, in send
    return await self._connection.wrap_api_call(
           ^^^^^^^^^^^^^^^^^^^^^^^^^^^^^^^^^^^^^
    ...<3 lines>...
    )
    ^
  File "E:\github\wk_python\chaoxing_auto\.venv\Lib\site-packages\playwright\_impl\_connection.py", line 563, in wrap_api_call
    raise rewrite_error(error, f"{parsed_st['apiName']}: {error}") from None
playwright._impl._errors.TargetClosedError: Page.screenshot: Target page, context or browser has been closed
2026-07-08 16:33:08 ERROR 章节处理失败，继续下一章节: 11.3 第三节 初创企业管理，错误: Page.goto: Target page, context or browser has been closed
Traceback (most recent call last):
  File "E:\github\wk_python\chaoxing_auto\main.py", line 326, in _learn_open_course
    chapter_manager.open_chapter(chapter)
    ~~~~~~~~~~~~~~~~~~~~~~~~~~~~^^^^^^^^^
  File "E:\github\wk_python\chaoxing_auto\course\chapter.py", line 131, in open_chapter
    self.page.goto(url, wait_until="domcontentloaded", timeout=WAIT_TIME)
    ~~~~~~~~~~~~~~^^^^^^^^^^^^^^^^^^^^^^^^^^^^^^^^^^^^^^^^^^^^^^^^^^^^^^^
  File "E:\github\wk_python\chaoxing_auto\.venv\Lib\site-packages\playwright\sync_api\_generated.py", line 9770, in goto
    self._sync(
    ~~~~~~~~~~^
        self._impl_obj.goto(
        ^^^^^^^^^^^^^^^^^^^^
    ...<4 lines>...
        )
        ^
    )
    ^
  File "E:\github\wk_python\chaoxing_auto\.venv\Lib\site-packages\playwright\_impl\_sync_base.py", line 115, in _sync
    return task.result()
           ~~~~~~~~~~~^^
  File "E:\github\wk_python\chaoxing_auto\.venv\Lib\site-packages\playwright\_impl\_page.py", line 560, in goto
    return await self._main_frame.goto(**locals_to_params(locals()))
           ^^^^^^^^^^^^^^^^^^^^^^^^^^^^^^^^^^^^^^^^^^^^^^^^^^^^^^^^^
  File "E:\github\wk_python\chaoxing_auto\.venv\Lib\site-packages\playwright\_impl\_frame.py", line 156, in goto
    await self._channel.send(
        "goto", self._navigation_timeout, locals_to_params(locals())
    )
  File "E:\github\wk_python\chaoxing_auto\.venv\Lib\site-packages\playwright\_impl\_connection.py", line 69, in send
    return await self._connection.wrap_api_call(
           ^^^^^^^^^^^^^^^^^^^^^^^^^^^^^^^^^^^^^
    ...<3 lines>...
    )
    ^
  File "E:\github\wk_python\chaoxing_auto\.venv\Lib\site-packages\playwright\_impl\_connection.py", line 563, in wrap_api_call
    raise rewrite_error(error, f"{parsed_st['apiName']}: {error}") from None
playwright._impl._errors.TargetClosedError: Page.goto: Target page, context or browser has been closed
2026-07-08 16:33:08 INFO 开始学习章节 [34/74]: 12.1 第一节 创业孵化器及其优惠政策 1
2026-07-08 16:33:08 INFO 打开章节: 12.1 第一节 创业孵化器及其优惠政策 1
2026-07-08 16:33:08 ERROR 保存截图失败: Page.screenshot: Target page, context or browser has been closed
Traceback (most recent call last):
  File "E:\github\wk_python\chaoxing_auto\utils\helper.py", line 63, in save_screenshot
    page.screenshot(path=str(path), full_page=True)
    ~~~~~~~~~~~~~~~^^^^^^^^^^^^^^^^^^^^^^^^^^^^^^^^
  File "E:\github\wk_python\chaoxing_auto\.venv\Lib\site-packages\playwright\sync_api\_generated.py", line 10754, in screenshot
    self._sync(
    ~~~~~~~~~~^
        self._impl_obj.screenshot(
        ^^^^^^^^^^^^^^^^^^^^^^^^^^
    ...<13 lines>...
        )
        ^
    )
    ^
  File "E:\github\wk_python\chaoxing_auto\.venv\Lib\site-packages\playwright\_impl\_sync_base.py", line 115, in _sync
    return task.result()
           ~~~~~~~~~~~^^
  File "E:\github\wk_python\chaoxing_auto\.venv\Lib\site-packages\playwright\_impl\_page.py", line 828, in screenshot
    encoded_binary = await self._channel.send(
                     ^^^^^^^^^^^^^^^^^^^^^^^^^
        "screenshot", self._timeout_settings.timeout, params
        ^^^^^^^^^^^^^^^^^^^^^^^^^^^^^^^^^^^^^^^^^^^^^^^^^^^^
    )
    ^
  File "E:\github\wk_python\chaoxing_auto\.venv\Lib\site-packages\playwright\_impl\_connection.py", line 69, in send
    return await self._connection.wrap_api_call(
           ^^^^^^^^^^^^^^^^^^^^^^^^^^^^^^^^^^^^^
    ...<3 lines>...
    )
    ^
  File "E:\github\wk_python\chaoxing_auto\.venv\Lib\site-packages\playwright\_impl\_connection.py", line 563, in wrap_api_call
    raise rewrite_error(error, f"{parsed_st['apiName']}: {error}") from None
playwright._impl._errors.TargetClosedError: Page.screenshot: Target page, context or browser has been closed
2026-07-08 16:33:08 ERROR 打开章节失败: Page.goto: Target page, context or browser has been closed
Traceback (most recent call last):
  File "E:\github\wk_python\chaoxing_auto\course\chapter.py", line 131, in open_chapter
    self.page.goto(url, wait_until="domcontentloaded", timeout=WAIT_TIME)
    ~~~~~~~~~~~~~~^^^^^^^^^^^^^^^^^^^^^^^^^^^^^^^^^^^^^^^^^^^^^^^^^^^^^^^
  File "E:\github\wk_python\chaoxing_auto\.venv\Lib\site-packages\playwright\sync_api\_generated.py", line 9770, in goto
    self._sync(
    ~~~~~~~~~~^
        self._impl_obj.goto(
        ^^^^^^^^^^^^^^^^^^^^
    ...<4 lines>...
        )
        ^
    )
    ^
  File "E:\github\wk_python\chaoxing_auto\.venv\Lib\site-packages\playwright\_impl\_sync_base.py", line 115, in _sync
    return task.result()
           ~~~~~~~~~~~^^
  File "E:\github\wk_python\chaoxing_auto\.venv\Lib\site-packages\playwright\_impl\_page.py", line 560, in goto
    return await self._main_frame.goto(**locals_to_params(locals()))
           ^^^^^^^^^^^^^^^^^^^^^^^^^^^^^^^^^^^^^^^^^^^^^^^^^^^^^^^^^
  File "E:\github\wk_python\chaoxing_auto\.venv\Lib\site-packages\playwright\_impl\_frame.py", line 156, in goto
    await self._channel.send(
        "goto", self._navigation_timeout, locals_to_params(locals())
    )
  File "E:\github\wk_python\chaoxing_auto\.venv\Lib\site-packages\playwright\_impl\_connection.py", line 69, in send
    return await self._connection.wrap_api_call(
           ^^^^^^^^^^^^^^^^^^^^^^^^^^^^^^^^^^^^^
    ...<3 lines>...
    )
    ^
  File "E:\github\wk_python\chaoxing_auto\.venv\Lib\site-packages\playwright\_impl\_connection.py", line 563, in wrap_api_call
    raise rewrite_error(error, f"{parsed_st['apiName']}: {error}") from None
playwright._impl._errors.TargetClosedError: Page.goto: Target page, context or browser has been closed
2026-07-08 16:33:08 ERROR 保存截图失败: Page.screenshot: Target page, context or browser has been closed
Traceback (most recent call last):
  File "E:\github\wk_python\chaoxing_auto\utils\helper.py", line 63, in save_screenshot
    page.screenshot(path=str(path), full_page=True)
    ~~~~~~~~~~~~~~~^^^^^^^^^^^^^^^^^^^^^^^^^^^^^^^^
  File "E:\github\wk_python\chaoxing_auto\.venv\Lib\site-packages\playwright\sync_api\_generated.py", line 10754, in screenshot
    self._sync(
    ~~~~~~~~~~^
        self._impl_obj.screenshot(
        ^^^^^^^^^^^^^^^^^^^^^^^^^^
    ...<13 lines>...
        )
        ^
    )
    ^
  File "E:\github\wk_python\chaoxing_auto\.venv\Lib\site-packages\playwright\_impl\_sync_base.py", line 115, in _sync
    return task.result()
           ~~~~~~~~~~~^^
  File "E:\github\wk_python\chaoxing_auto\.venv\Lib\site-packages\playwright\_impl\_page.py", line 828, in screenshot
    encoded_binary = await self._channel.send(
                     ^^^^^^^^^^^^^^^^^^^^^^^^^
        "screenshot", self._timeout_settings.timeout, params
        ^^^^^^^^^^^^^^^^^^^^^^^^^^^^^^^^^^^^^^^^^^^^^^^^^^^^
    )
    ^
  File "E:\github\wk_python\chaoxing_auto\.venv\Lib\site-packages\playwright\_impl\_connection.py", line 69, in send
    return await self._connection.wrap_api_call(
           ^^^^^^^^^^^^^^^^^^^^^^^^^^^^^^^^^^^^^
    ...<3 lines>...
    )
    ^
  File "E:\github\wk_python\chaoxing_auto\.venv\Lib\site-packages\playwright\_impl\_connection.py", line 563, in wrap_api_call
    raise rewrite_error(error, f"{parsed_st['apiName']}: {error}") from None
playwright._impl._errors.TargetClosedError: Page.screenshot: Target page, context or browser has been closed
2026-07-08 16:33:08 ERROR 章节处理失败，继续下一章节: 12.1 第一节 创业孵化器及其优惠政策 1，错误: Page.goto: Target page, context or browser has been closed
Traceback (most recent call last):
  File "E:\github\wk_python\chaoxing_auto\main.py", line 326, in _learn_open_course
    chapter_manager.open_chapter(chapter)
    ~~~~~~~~~~~~~~~~~~~~~~~~~~~~^^^^^^^^^
  File "E:\github\wk_python\chaoxing_auto\course\chapter.py", line 131, in open_chapter
    self.page.goto(url, wait_until="domcontentloaded", timeout=WAIT_TIME)
    ~~~~~~~~~~~~~~^^^^^^^^^^^^^^^^^^^^^^^^^^^^^^^^^^^^^^^^^^^^^^^^^^^^^^^
  File "E:\github\wk_python\chaoxing_auto\.venv\Lib\site-packages\playwright\sync_api\_generated.py", line 9770, in goto
    self._sync(
    ~~~~~~~~~~^
        self._impl_obj.goto(
        ^^^^^^^^^^^^^^^^^^^^
    ...<4 lines>...
        )
        ^
    )
    ^
  File "E:\github\wk_python\chaoxing_auto\.venv\Lib\site-packages\playwright\_impl\_sync_base.py", line 115, in _sync
    return task.result()
           ~~~~~~~~~~~^^
  File "E:\github\wk_python\chaoxing_auto\.venv\Lib\site-packages\playwright\_impl\_page.py", line 560, in goto
    return await self._main_frame.goto(**locals_to_params(locals()))
           ^^^^^^^^^^^^^^^^^^^^^^^^^^^^^^^^^^^^^^^^^^^^^^^^^^^^^^^^^
  File "E:\github\wk_python\chaoxing_auto\.venv\Lib\site-packages\playwright\_impl\_frame.py", line 156, in goto
    await self._channel.send(
        "goto", self._navigation_timeout, locals_to_params(locals())
    )
  File "E:\github\wk_python\chaoxing_auto\.venv\Lib\site-packages\playwright\_impl\_connection.py", line 69, in send
    return await self._connection.wrap_api_call(
           ^^^^^^^^^^^^^^^^^^^^^^^^^^^^^^^^^^^^^
    ...<3 lines>...
    )
    ^
  File "E:\github\wk_python\chaoxing_auto\.venv\Lib\site-packages\playwright\_impl\_connection.py", line 563, in wrap_api_call
    raise rewrite_error(error, f"{parsed_st['apiName']}: {error}") from None
playwright._impl._errors.TargetClosedError: Page.goto: Target page, context or browser has been closed
2026-07-08 16:33:08 INFO 开始学习章节 [35/74]: 12.2 第二节 广西部分创业孵化基地
2026-07-08 16:33:08 INFO 打开章节: 12.2 第二节 广西部分创业孵化基地
2026-07-08 16:33:08 ERROR 保存截图失败: Page.screenshot: Target page, context or browser has been closed
Traceback (most recent call last):
  File "E:\github\wk_python\chaoxing_auto\utils\helper.py", line 63, in save_screenshot
    page.screenshot(path=str(path), full_page=True)
    ~~~~~~~~~~~~~~~^^^^^^^^^^^^^^^^^^^^^^^^^^^^^^^^
  File "E:\github\wk_python\chaoxing_auto\.venv\Lib\site-packages\playwright\sync_api\_generated.py", line 10754, in screenshot
    self._sync(
    ~~~~~~~~~~^
        self._impl_obj.screenshot(
        ^^^^^^^^^^^^^^^^^^^^^^^^^^
    ...<13 lines>...
        )
        ^
    )
    ^
  File "E:\github\wk_python\chaoxing_auto\.venv\Lib\site-packages\playwright\_impl\_sync_base.py", line 115, in _sync
    return task.result()
           ~~~~~~~~~~~^^
  File "E:\github\wk_python\chaoxing_auto\.venv\Lib\site-packages\playwright\_impl\_page.py", line 828, in screenshot
    encoded_binary = await self._channel.send(
                     ^^^^^^^^^^^^^^^^^^^^^^^^^
        "screenshot", self._timeout_settings.timeout, params
        ^^^^^^^^^^^^^^^^^^^^^^^^^^^^^^^^^^^^^^^^^^^^^^^^^^^^
    )
    ^
  File "E:\github\wk_python\chaoxing_auto\.venv\Lib\site-packages\playwright\_impl\_connection.py", line 69, in send
    return await self._connection.wrap_api_call(
           ^^^^^^^^^^^^^^^^^^^^^^^^^^^^^^^^^^^^^
    ...<3 lines>...
    )
    ^
  File "E:\github\wk_python\chaoxing_auto\.venv\Lib\site-packages\playwright\_impl\_connection.py", line 563, in wrap_api_call
    raise rewrite_error(error, f"{parsed_st['apiName']}: {error}") from None
playwright._impl._errors.TargetClosedError: Page.screenshot: Target page, context or browser has been closed
2026-07-08 16:33:08 ERROR 打开章节失败: Page.goto: Target page, context or browser has been closed
Traceback (most recent call last):
  File "E:\github\wk_python\chaoxing_auto\course\chapter.py", line 131, in open_chapter
    self.page.goto(url, wait_until="domcontentloaded", timeout=WAIT_TIME)
    ~~~~~~~~~~~~~~^^^^^^^^^^^^^^^^^^^^^^^^^^^^^^^^^^^^^^^^^^^^^^^^^^^^^^^
  File "E:\github\wk_python\chaoxing_auto\.venv\Lib\site-packages\playwright\sync_api\_generated.py", line 9770, in goto
    self._sync(
    ~~~~~~~~~~^
        self._impl_obj.goto(
        ^^^^^^^^^^^^^^^^^^^^
    ...<4 lines>...
        )
        ^
    )
    ^
  File "E:\github\wk_python\chaoxing_auto\.venv\Lib\site-packages\playwright\_impl\_sync_base.py", line 115, in _sync
    return task.result()
           ~~~~~~~~~~~^^
  File "E:\github\wk_python\chaoxing_auto\.venv\Lib\site-packages\playwright\_impl\_page.py", line 560, in goto
    return await self._main_frame.goto(**locals_to_params(locals()))
           ^^^^^^^^^^^^^^^^^^^^^^^^^^^^^^^^^^^^^^^^^^^^^^^^^^^^^^^^^
  File "E:\github\wk_python\chaoxing_auto\.venv\Lib\site-packages\playwright\_impl\_frame.py", line 156, in goto
    await self._channel.send(
        "goto", self._navigation_timeout, locals_to_params(locals())
    )
  File "E:\github\wk_python\chaoxing_auto\.venv\Lib\site-packages\playwright\_impl\_connection.py", line 69, in send
    return await self._connection.wrap_api_call(
           ^^^^^^^^^^^^^^^^^^^^^^^^^^^^^^^^^^^^^
    ...<3 lines>...
    )
    ^
  File "E:\github\wk_python\chaoxing_auto\.venv\Lib\site-packages\playwright\_impl\_connection.py", line 563, in wrap_api_call
    raise rewrite_error(error, f"{parsed_st['apiName']}: {error}") from None
playwright._impl._errors.TargetClosedError: Page.goto: Target page, context or browser has been closed
2026-07-08 16:33:08 ERROR 保存截图失败: Page.screenshot: Target page, context or browser has been closed
Traceback (most recent call last):
  File "E:\github\wk_python\chaoxing_auto\utils\helper.py", line 63, in save_screenshot
    page.screenshot(path=str(path), full_page=True)
    ~~~~~~~~~~~~~~~^^^^^^^^^^^^^^^^^^^^^^^^^^^^^^^^
  File "E:\github\wk_python\chaoxing_auto\.venv\Lib\site-packages\playwright\sync_api\_generated.py", line 10754, in screenshot
    self._sync(
    ~~~~~~~~~~^
        self._impl_obj.screenshot(
        ^^^^^^^^^^^^^^^^^^^^^^^^^^
    ...<13 lines>...
        )
        ^
    )
    ^
  File "E:\github\wk_python\chaoxing_auto\.venv\Lib\site-packages\playwright\_impl\_sync_base.py", line 115, in _sync
    return task.result()
           ~~~~~~~~~~~^^
  File "E:\github\wk_python\chaoxing_auto\.venv\Lib\site-packages\playwright\_impl\_page.py", line 828, in screenshot
    encoded_binary = await self._channel.send(
                     ^^^^^^^^^^^^^^^^^^^^^^^^^
        "screenshot", self._timeout_settings.timeout, params
        ^^^^^^^^^^^^^^^^^^^^^^^^^^^^^^^^^^^^^^^^^^^^^^^^^^^^
    )
    ^
  File "E:\github\wk_python\chaoxing_auto\.venv\Lib\site-packages\playwright\_impl\_connection.py", line 69, in send
    return await self._connection.wrap_api_call(
           ^^^^^^^^^^^^^^^^^^^^^^^^^^^^^^^^^^^^^
    ...<3 lines>...
    )
    ^
  File "E:\github\wk_python\chaoxing_auto\.venv\Lib\site-packages\playwright\_impl\_connection.py", line 563, in wrap_api_call
    raise rewrite_error(error, f"{parsed_st['apiName']}: {error}") from None
playwright._impl._errors.TargetClosedError: Page.screenshot: Target page, context or browser has been closed
2026-07-08 16:33:08 ERROR 章节处理失败，继续下一章节: 12.2 第二节 广西部分创业孵化基地，错误: Page.goto: Target page, context or browser has been closed
Traceback (most recent call last):
  File "E:\github\wk_python\chaoxing_auto\main.py", line 326, in _learn_open_course
    chapter_manager.open_chapter(chapter)
    ~~~~~~~~~~~~~~~~~~~~~~~~~~~~^^^^^^^^^
  File "E:\github\wk_python\chaoxing_auto\course\chapter.py", line 131, in open_chapter
    self.page.goto(url, wait_until="domcontentloaded", timeout=WAIT_TIME)
    ~~~~~~~~~~~~~~^^^^^^^^^^^^^^^^^^^^^^^^^^^^^^^^^^^^^^^^^^^^^^^^^^^^^^^
  File "E:\github\wk_python\chaoxing_auto\.venv\Lib\site-packages\playwright\sync_api\_generated.py", line 9770, in goto
    self._sync(
    ~~~~~~~~~~^
        self._impl_obj.goto(
        ^^^^^^^^^^^^^^^^^^^^
    ...<4 lines>...
        )
        ^
    )
    ^
  File "E:\github\wk_python\chaoxing_auto\.venv\Lib\site-packages\playwright\_impl\_sync_base.py", line 115, in _sync
    return task.result()
           ~~~~~~~~~~~^^
  File "E:\github\wk_python\chaoxing_auto\.venv\Lib\site-packages\playwright\_impl\_page.py", line 560, in goto
    return await self._main_frame.goto(**locals_to_params(locals()))
           ^^^^^^^^^^^^^^^^^^^^^^^^^^^^^^^^^^^^^^^^^^^^^^^^^^^^^^^^^
  File "E:\github\wk_python\chaoxing_auto\.venv\Lib\site-packages\playwright\_impl\_frame.py", line 156, in goto
    await self._channel.send(
        "goto", self._navigation_timeout, locals_to_params(locals())
    )
  File "E:\github\wk_python\chaoxing_auto\.venv\Lib\site-packages\playwright\_impl\_connection.py", line 69, in send
    return await self._connection.wrap_api_call(
           ^^^^^^^^^^^^^^^^^^^^^^^^^^^^^^^^^^^^^
    ...<3 lines>...
    )
    ^
  File "E:\github\wk_python\chaoxing_auto\.venv\Lib\site-packages\playwright\_impl\_connection.py", line 563, in wrap_api_call
    raise rewrite_error(error, f"{parsed_st['apiName']}: {error}") from None
playwright._impl._errors.TargetClosedError: Page.goto: Target page, context or browser has been closed
2026-07-08 16:33:08 INFO 开始学习章节 [36/74]: 12.3 第三节 高校大学生创新创业基地 1
2026-07-08 16:33:08 INFO 打开章节: 12.3 第三节 高校大学生创新创业基地 1
2026-07-08 16:33:08 ERROR 保存截图失败: Page.screenshot: Target page, context or browser has been closed
Traceback (most recent call last):
  File "E:\github\wk_python\chaoxing_auto\utils\helper.py", line 63, in save_screenshot
    page.screenshot(path=str(path), full_page=True)
    ~~~~~~~~~~~~~~~^^^^^^^^^^^^^^^^^^^^^^^^^^^^^^^^
  File "E:\github\wk_python\chaoxing_auto\.venv\Lib\site-packages\playwright\sync_api\_generated.py", line 10754, in screenshot
    self._sync(
    ~~~~~~~~~~^
        self._impl_obj.screenshot(
        ^^^^^^^^^^^^^^^^^^^^^^^^^^
    ...<13 lines>...
        )
        ^
    )
    ^
  File "E:\github\wk_python\chaoxing_auto\.venv\Lib\site-packages\playwright\_impl\_sync_base.py", line 115, in _sync
    return task.result()
           ~~~~~~~~~~~^^
  File "E:\github\wk_python\chaoxing_auto\.venv\Lib\site-packages\playwright\_impl\_page.py", line 828, in screenshot
    encoded_binary = await self._channel.send(
                     ^^^^^^^^^^^^^^^^^^^^^^^^^
        "screenshot", self._timeout_settings.timeout, params
        ^^^^^^^^^^^^^^^^^^^^^^^^^^^^^^^^^^^^^^^^^^^^^^^^^^^^
    )
    ^
  File "E:\github\wk_python\chaoxing_auto\.venv\Lib\site-packages\playwright\_impl\_connection.py", line 69, in send
    return await self._connection.wrap_api_call(
           ^^^^^^^^^^^^^^^^^^^^^^^^^^^^^^^^^^^^^
    ...<3 lines>...
    )
    ^
  File "E:\github\wk_python\chaoxing_auto\.venv\Lib\site-packages\playwright\_impl\_connection.py", line 563, in wrap_api_call
    raise rewrite_error(error, f"{parsed_st['apiName']}: {error}") from None
playwright._impl._errors.TargetClosedError: Page.screenshot: Target page, context or browser has been closed
2026-07-08 16:33:08 ERROR 打开章节失败: Page.goto: Target page, context or browser has been closed
Traceback (most recent call last):
  File "E:\github\wk_python\chaoxing_auto\course\chapter.py", line 131, in open_chapter
    self.page.goto(url, wait_until="domcontentloaded", timeout=WAIT_TIME)
    ~~~~~~~~~~~~~~^^^^^^^^^^^^^^^^^^^^^^^^^^^^^^^^^^^^^^^^^^^^^^^^^^^^^^^
  File "E:\github\wk_python\chaoxing_auto\.venv\Lib\site-packages\playwright\sync_api\_generated.py", line 9770, in goto
    self._sync(
    ~~~~~~~~~~^
        self._impl_obj.goto(
        ^^^^^^^^^^^^^^^^^^^^
    ...<4 lines>...
        )
        ^
    )
    ^
  File "E:\github\wk_python\chaoxing_auto\.venv\Lib\site-packages\playwright\_impl\_sync_base.py", line 115, in _sync
    return task.result()
           ~~~~~~~~~~~^^
  File "E:\github\wk_python\chaoxing_auto\.venv\Lib\site-packages\playwright\_impl\_page.py", line 560, in goto
    return await self._main_frame.goto(**locals_to_params(locals()))
           ^^^^^^^^^^^^^^^^^^^^^^^^^^^^^^^^^^^^^^^^^^^^^^^^^^^^^^^^^
  File "E:\github\wk_python\chaoxing_auto\.venv\Lib\site-packages\playwright\_impl\_frame.py", line 156, in goto
    await self._channel.send(
        "goto", self._navigation_timeout, locals_to_params(locals())
    )
  File "E:\github\wk_python\chaoxing_auto\.venv\Lib\site-packages\playwright\_impl\_connection.py", line 69, in send
    return await self._connection.wrap_api_call(
           ^^^^^^^^^^^^^^^^^^^^^^^^^^^^^^^^^^^^^
    ...<3 lines>...
    )
    ^
  File "E:\github\wk_python\chaoxing_auto\.venv\Lib\site-packages\playwright\_impl\_connection.py", line 563, in wrap_api_call
    raise rewrite_error(error, f"{parsed_st['apiName']}: {error}") from None
playwright._impl._errors.TargetClosedError: Page.goto: Target page, context or browser has been closed
2026-07-08 16:33:08 ERROR 保存截图失败: Page.screenshot: Target page, context or browser has been closed
Traceback (most recent call last):
  File "E:\github\wk_python\chaoxing_auto\utils\helper.py", line 63, in save_screenshot
    page.screenshot(path=str(path), full_page=True)
    ~~~~~~~~~~~~~~~^^^^^^^^^^^^^^^^^^^^^^^^^^^^^^^^
  File "E:\github\wk_python\chaoxing_auto\.venv\Lib\site-packages\playwright\sync_api\_generated.py", line 10754, in screenshot
    self._sync(
    ~~~~~~~~~~^
        self._impl_obj.screenshot(
        ^^^^^^^^^^^^^^^^^^^^^^^^^^
    ...<13 lines>...
        )
        ^
    )
    ^
  File "E:\github\wk_python\chaoxing_auto\.venv\Lib\site-packages\playwright\_impl\_sync_base.py", line 115, in _sync
    return task.result()
           ~~~~~~~~~~~^^
  File "E:\github\wk_python\chaoxing_auto\.venv\Lib\site-packages\playwright\_impl\_page.py", line 828, in screenshot
    encoded_binary = await self._channel.send(
                     ^^^^^^^^^^^^^^^^^^^^^^^^^
        "screenshot", self._timeout_settings.timeout, params
        ^^^^^^^^^^^^^^^^^^^^^^^^^^^^^^^^^^^^^^^^^^^^^^^^^^^^
    )
    ^
  File "E:\github\wk_python\chaoxing_auto\.venv\Lib\site-packages\playwright\_impl\_connection.py", line 69, in send
    return await self._connection.wrap_api_call(
           ^^^^^^^^^^^^^^^^^^^^^^^^^^^^^^^^^^^^^
    ...<3 lines>...
    )
    ^
  File "E:\github\wk_python\chaoxing_auto\.venv\Lib\site-packages\playwright\_impl\_connection.py", line 563, in wrap_api_call
    raise rewrite_error(error, f"{parsed_st['apiName']}: {error}") from None
playwright._impl._errors.TargetClosedError: Page.screenshot: Target page, context or browser has been closed
2026-07-08 16:33:08 ERROR 章节处理失败，继续下一章节: 12.3 第三节 高校大学生创新创业基地 1，错误: Page.goto: Target page, context or browser has been closed
Traceback (most recent call last):
  File "E:\github\wk_python\chaoxing_auto\main.py", line 326, in _learn_open_course
    chapter_manager.open_chapter(chapter)
    ~~~~~~~~~~~~~~~~~~~~~~~~~~~~^^^^^^^^^
  File "E:\github\wk_python\chaoxing_auto\course\chapter.py", line 131, in open_chapter
    self.page.goto(url, wait_until="domcontentloaded", timeout=WAIT_TIME)
    ~~~~~~~~~~~~~~^^^^^^^^^^^^^^^^^^^^^^^^^^^^^^^^^^^^^^^^^^^^^^^^^^^^^^^
  File "E:\github\wk_python\chaoxing_auto\.venv\Lib\site-packages\playwright\sync_api\_generated.py", line 9770, in goto
    self._sync(
    ~~~~~~~~~~^
        self._impl_obj.goto(
        ^^^^^^^^^^^^^^^^^^^^
    ...<4 lines>...
        )
        ^
    )
    ^
  File "E:\github\wk_python\chaoxing_auto\.venv\Lib\site-packages\playwright\_impl\_sync_base.py", line 115, in _sync
    return task.result()
           ~~~~~~~~~~~^^
  File "E:\github\wk_python\chaoxing_auto\.venv\Lib\site-packages\playwright\_impl\_page.py", line 560, in goto
    return await self._main_frame.goto(**locals_to_params(locals()))
           ^^^^^^^^^^^^^^^^^^^^^^^^^^^^^^^^^^^^^^^^^^^^^^^^^^^^^^^^^
  File "E:\github\wk_python\chaoxing_auto\.venv\Lib\site-packages\playwright\_impl\_frame.py", line 156, in goto
    await self._channel.send(
        "goto", self._navigation_timeout, locals_to_params(locals())
    )
  File "E:\github\wk_python\chaoxing_auto\.venv\Lib\site-packages\playwright\_impl\_connection.py", line 69, in send
    return await self._connection.wrap_api_call(
           ^^^^^^^^^^^^^^^^^^^^^^^^^^^^^^^^^^^^^
    ...<3 lines>...
    )
    ^
  File "E:\github\wk_python\chaoxing_auto\.venv\Lib\site-packages\playwright\_impl\_connection.py", line 563, in wrap_api_call
    raise rewrite_error(error, f"{parsed_st['apiName']}: {error}") from None
playwright._impl._errors.TargetClosedError: Page.goto: Target page, context or browser has been closed
2026-07-08 16:33:08 INFO 开始学习章节 [37/74]: 第1章 第一章 创新精神与创业人生——你想成为创新创业者吗？
2026-07-08 16:33:08 INFO 打开章节: 第1章 第一章 创新精神与创业人生——你想成为创新创业者吗？
2026-07-08 16:33:08 ERROR 保存截图失败: Page.screenshot: Target page, context or browser has been closed
Traceback (most recent call last):
  File "E:\github\wk_python\chaoxing_auto\utils\helper.py", line 63, in save_screenshot
    page.screenshot(path=str(path), full_page=True)
    ~~~~~~~~~~~~~~~^^^^^^^^^^^^^^^^^^^^^^^^^^^^^^^^
  File "E:\github\wk_python\chaoxing_auto\.venv\Lib\site-packages\playwright\sync_api\_generated.py", line 10754, in screenshot
    self._sync(
    ~~~~~~~~~~^
        self._impl_obj.screenshot(
        ^^^^^^^^^^^^^^^^^^^^^^^^^^
    ...<13 lines>...
        )
        ^
    )
    ^
  File "E:\github\wk_python\chaoxing_auto\.venv\Lib\site-packages\playwright\_impl\_sync_base.py", line 115, in _sync
    return task.result()
           ~~~~~~~~~~~^^
  File "E:\github\wk_python\chaoxing_auto\.venv\Lib\site-packages\playwright\_impl\_page.py", line 828, in screenshot
    encoded_binary = await self._channel.send(
                     ^^^^^^^^^^^^^^^^^^^^^^^^^
        "screenshot", self._timeout_settings.timeout, params
        ^^^^^^^^^^^^^^^^^^^^^^^^^^^^^^^^^^^^^^^^^^^^^^^^^^^^
    )
    ^
  File "E:\github\wk_python\chaoxing_auto\.venv\Lib\site-packages\playwright\_impl\_connection.py", line 69, in send
    return await self._connection.wrap_api_call(
           ^^^^^^^^^^^^^^^^^^^^^^^^^^^^^^^^^^^^^
    ...<3 lines>...
    )
    ^
  File "E:\github\wk_python\chaoxing_auto\.venv\Lib\site-packages\playwright\_impl\_connection.py", line 563, in wrap_api_call
    raise rewrite_error(error, f"{parsed_st['apiName']}: {error}") from None
playwright._impl._errors.TargetClosedError: Page.screenshot: Target page, context or browser has been closed
2026-07-08 16:33:08 ERROR 打开章节失败: Locator.click: Target page, context or browser has been closed
Traceback (most recent call last):
  File "E:\github\wk_python\chaoxing_auto\course\chapter.py", line 133, in open_chapter
    self.page.get_by_text(title, exact=False).first.click()
    ~~~~~~~~~~~~~~~~~~~~~~~~~~~~~~~~~~~~~~~~~~~~~~~~~~~~~^^
  File "E:\github\wk_python\chaoxing_auto\.venv\Lib\site-packages\playwright\sync_api\_generated.py", line 17672, in click
    self._sync(
    ~~~~~~~~~~^
        self._impl_obj.click(
        ^^^^^^^^^^^^^^^^^^^^^
    ...<10 lines>...
        )
        ^
    )
    ^
  File "E:\github\wk_python\chaoxing_auto\.venv\Lib\site-packages\playwright\_impl\_sync_base.py", line 115, in _sync
    return task.result()
           ~~~~~~~~~~~^^
  File "E:\github\wk_python\chaoxing_auto\.venv\Lib\site-packages\playwright\_impl\_locator.py", line 163, in click
    return await self._frame._click(self._selector, strict=True, **params)
           ^^^^^^^^^^^^^^^^^^^^^^^^^^^^^^^^^^^^^^^^^^^^^^^^^^^^^^^^^^^^^^^
  File "E:\github\wk_python\chaoxing_auto\.venv\Lib\site-packages\playwright\_impl\_frame.py", line 591, in _click
    await self._channel.send("click", self._timeout, locals_to_params(locals()))
  File "E:\github\wk_python\chaoxing_auto\.venv\Lib\site-packages\playwright\_impl\_connection.py", line 69, in send
    return await self._connection.wrap_api_call(
           ^^^^^^^^^^^^^^^^^^^^^^^^^^^^^^^^^^^^^
    ...<3 lines>...
    )
    ^
  File "E:\github\wk_python\chaoxing_auto\.venv\Lib\site-packages\playwright\_impl\_connection.py", line 563, in wrap_api_call
    raise rewrite_error(error, f"{parsed_st['apiName']}: {error}") from None
playwright._impl._errors.TargetClosedError: Locator.click: Target page, context or browser has been closed
2026-07-08 16:33:08 ERROR 保存截图失败: Page.screenshot: Target page, context or browser has been closed
Traceback (most recent call last):
  File "E:\github\wk_python\chaoxing_auto\utils\helper.py", line 63, in save_screenshot
    page.screenshot(path=str(path), full_page=True)
    ~~~~~~~~~~~~~~~^^^^^^^^^^^^^^^^^^^^^^^^^^^^^^^^
  File "E:\github\wk_python\chaoxing_auto\.venv\Lib\site-packages\playwright\sync_api\_generated.py", line 10754, in screenshot
    self._sync(
    ~~~~~~~~~~^
        self._impl_obj.screenshot(
        ^^^^^^^^^^^^^^^^^^^^^^^^^^
    ...<13 lines>...
        )
        ^
    )
    ^
  File "E:\github\wk_python\chaoxing_auto\.venv\Lib\site-packages\playwright\_impl\_sync_base.py", line 115, in _sync
    return task.result()
           ~~~~~~~~~~~^^
  File "E:\github\wk_python\chaoxing_auto\.venv\Lib\site-packages\playwright\_impl\_page.py", line 828, in screenshot
    encoded_binary = await self._channel.send(
                     ^^^^^^^^^^^^^^^^^^^^^^^^^
        "screenshot", self._timeout_settings.timeout, params
        ^^^^^^^^^^^^^^^^^^^^^^^^^^^^^^^^^^^^^^^^^^^^^^^^^^^^
    )
    ^
  File "E:\github\wk_python\chaoxing_auto\.venv\Lib\site-packages\playwright\_impl\_connection.py", line 69, in send
    return await self._connection.wrap_api_call(
           ^^^^^^^^^^^^^^^^^^^^^^^^^^^^^^^^^^^^^
    ...<3 lines>...
    )
    ^
  File "E:\github\wk_python\chaoxing_auto\.venv\Lib\site-packages\playwright\_impl\_connection.py", line 563, in wrap_api_call
    raise rewrite_error(error, f"{parsed_st['apiName']}: {error}") from None
playwright._impl._errors.TargetClosedError: Page.screenshot: Target page, context or browser has been closed
2026-07-08 16:33:08 ERROR 章节处理失败，继续下一章节: 第1章 第一章 创新精神与创业人生——你想成为创新创业者吗？，错误: Locator.click: Target page, context or browser has been closed
Traceback (most recent call last):
  File "E:\github\wk_python\chaoxing_auto\main.py", line 326, in _learn_open_course
    chapter_manager.open_chapter(chapter)
    ~~~~~~~~~~~~~~~~~~~~~~~~~~~~^^^^^^^^^
  File "E:\github\wk_python\chaoxing_auto\course\chapter.py", line 133, in open_chapter
    self.page.get_by_text(title, exact=False).first.click()
    ~~~~~~~~~~~~~~~~~~~~~~~~~~~~~~~~~~~~~~~~~~~~~~~~~~~~~^^
  File "E:\github\wk_python\chaoxing_auto\.venv\Lib\site-packages\playwright\sync_api\_generated.py", line 17672, in click
    self._sync(
    ~~~~~~~~~~^
        self._impl_obj.click(
        ^^^^^^^^^^^^^^^^^^^^^
    ...<10 lines>...
        )
        ^
    )
    ^
  File "E:\github\wk_python\chaoxing_auto\.venv\Lib\site-packages\playwright\_impl\_sync_base.py", line 115, in _sync
    return task.result()
           ~~~~~~~~~~~^^
  File "E:\github\wk_python\chaoxing_auto\.venv\Lib\site-packages\playwright\_impl\_locator.py", line 163, in click
    return await self._frame._click(self._selector, strict=True, **params)
           ^^^^^^^^^^^^^^^^^^^^^^^^^^^^^^^^^^^^^^^^^^^^^^^^^^^^^^^^^^^^^^^
  File "E:\github\wk_python\chaoxing_auto\.venv\Lib\site-packages\playwright\_impl\_frame.py", line 591, in _click
    await self._channel.send("click", self._timeout, locals_to_params(locals()))
  File "E:\github\wk_python\chaoxing_auto\.venv\Lib\site-packages\playwright\_impl\_connection.py", line 69, in send
    return await self._connection.wrap_api_call(
           ^^^^^^^^^^^^^^^^^^^^^^^^^^^^^^^^^^^^^
    ...<3 lines>...
    )
    ^
  File "E:\github\wk_python\chaoxing_auto\.venv\Lib\site-packages\playwright\_impl\_connection.py", line 563, in wrap_api_call
    raise rewrite_error(error, f"{parsed_st['apiName']}: {error}") from None
playwright._impl._errors.TargetClosedError: Locator.click: Target page, context or browser has been closed
2026-07-08 16:33:08 INFO 开始学习章节 [38/74]: 第2章 第二章 创新思维与创新技法——如何挖掘创新潜力？
2026-07-08 16:33:08 INFO 打开章节: 第2章 第二章 创新思维与创新技法——如何挖掘创新潜力？
2026-07-08 16:33:08 ERROR 保存截图失败: Page.screenshot: Target page, context or browser has been closed
Traceback (most recent call last):
  File "E:\github\wk_python\chaoxing_auto\utils\helper.py", line 63, in save_screenshot
    page.screenshot(path=str(path), full_page=True)
    ~~~~~~~~~~~~~~~^^^^^^^^^^^^^^^^^^^^^^^^^^^^^^^^
  File "E:\github\wk_python\chaoxing_auto\.venv\Lib\site-packages\playwright\sync_api\_generated.py", line 10754, in screenshot
    self._sync(
    ~~~~~~~~~~^
        self._impl_obj.screenshot(
        ^^^^^^^^^^^^^^^^^^^^^^^^^^
    ...<13 lines>...
        )
        ^
    )
    ^
  File "E:\github\wk_python\chaoxing_auto\.venv\Lib\site-packages\playwright\_impl\_sync_base.py", line 115, in _sync
    return task.result()
           ~~~~~~~~~~~^^
  File "E:\github\wk_python\chaoxing_auto\.venv\Lib\site-packages\playwright\_impl\_page.py", line 828, in screenshot
    encoded_binary = await self._channel.send(
                     ^^^^^^^^^^^^^^^^^^^^^^^^^
        "screenshot", self._timeout_settings.timeout, params
        ^^^^^^^^^^^^^^^^^^^^^^^^^^^^^^^^^^^^^^^^^^^^^^^^^^^^
    )
    ^
  File "E:\github\wk_python\chaoxing_auto\.venv\Lib\site-packages\playwright\_impl\_connection.py", line 69, in send
    return await self._connection.wrap_api_call(
           ^^^^^^^^^^^^^^^^^^^^^^^^^^^^^^^^^^^^^
    ...<3 lines>...
    )
    ^
  File "E:\github\wk_python\chaoxing_auto\.venv\Lib\site-packages\playwright\_impl\_connection.py", line 563, in wrap_api_call
    raise rewrite_error(error, f"{parsed_st['apiName']}: {error}") from None
playwright._impl._errors.TargetClosedError: Page.screenshot: Target page, context or browser has been closed
2026-07-08 16:33:08 ERROR 打开章节失败: Locator.click: Target page, context or browser has been closed
Traceback (most recent call last):
  File "E:\github\wk_python\chaoxing_auto\course\chapter.py", line 133, in open_chapter
    self.page.get_by_text(title, exact=False).first.click()
    ~~~~~~~~~~~~~~~~~~~~~~~~~~~~~~~~~~~~~~~~~~~~~~~~~~~~~^^
  File "E:\github\wk_python\chaoxing_auto\.venv\Lib\site-packages\playwright\sync_api\_generated.py", line 17672, in click
    self._sync(
    ~~~~~~~~~~^
        self._impl_obj.click(
        ^^^^^^^^^^^^^^^^^^^^^
    ...<10 lines>...
        )
        ^
    )
    ^
  File "E:\github\wk_python\chaoxing_auto\.venv\Lib\site-packages\playwright\_impl\_sync_base.py", line 115, in _sync
    return task.result()
           ~~~~~~~~~~~^^
  File "E:\github\wk_python\chaoxing_auto\.venv\Lib\site-packages\playwright\_impl\_locator.py", line 163, in click
    return await self._frame._click(self._selector, strict=True, **params)
           ^^^^^^^^^^^^^^^^^^^^^^^^^^^^^^^^^^^^^^^^^^^^^^^^^^^^^^^^^^^^^^^
  File "E:\github\wk_python\chaoxing_auto\.venv\Lib\site-packages\playwright\_impl\_frame.py", line 591, in _click
    await self._channel.send("click", self._timeout, locals_to_params(locals()))
  File "E:\github\wk_python\chaoxing_auto\.venv\Lib\site-packages\playwright\_impl\_connection.py", line 69, in send
    return await self._connection.wrap_api_call(
           ^^^^^^^^^^^^^^^^^^^^^^^^^^^^^^^^^^^^^
    ...<3 lines>...
    )
    ^
  File "E:\github\wk_python\chaoxing_auto\.venv\Lib\site-packages\playwright\_impl\_connection.py", line 563, in wrap_api_call
    raise rewrite_error(error, f"{parsed_st['apiName']}: {error}") from None
playwright._impl._errors.TargetClosedError: Locator.click: Target page, context or browser has been closed
2026-07-08 16:33:08 ERROR 保存截图失败: Page.screenshot: Target page, context or browser has been closed
Traceback (most recent call last):
  File "E:\github\wk_python\chaoxing_auto\utils\helper.py", line 63, in save_screenshot
    page.screenshot(path=str(path), full_page=True)
    ~~~~~~~~~~~~~~~^^^^^^^^^^^^^^^^^^^^^^^^^^^^^^^^
  File "E:\github\wk_python\chaoxing_auto\.venv\Lib\site-packages\playwright\sync_api\_generated.py", line 10754, in screenshot
    self._sync(
    ~~~~~~~~~~^
        self._impl_obj.screenshot(
        ^^^^^^^^^^^^^^^^^^^^^^^^^^
    ...<13 lines>...
        )
        ^
    )
    ^
  File "E:\github\wk_python\chaoxing_auto\.venv\Lib\site-packages\playwright\_impl\_sync_base.py", line 115, in _sync
    return task.result()
           ~~~~~~~~~~~^^
  File "E:\github\wk_python\chaoxing_auto\.venv\Lib\site-packages\playwright\_impl\_page.py", line 828, in screenshot
    encoded_binary = await self._channel.send(
                     ^^^^^^^^^^^^^^^^^^^^^^^^^
        "screenshot", self._timeout_settings.timeout, params
        ^^^^^^^^^^^^^^^^^^^^^^^^^^^^^^^^^^^^^^^^^^^^^^^^^^^^
    )
    ^
  File "E:\github\wk_python\chaoxing_auto\.venv\Lib\site-packages\playwright\_impl\_connection.py", line 69, in send
    return await self._connection.wrap_api_call(
           ^^^^^^^^^^^^^^^^^^^^^^^^^^^^^^^^^^^^^
    ...<3 lines>...
    )
    ^
  File "E:\github\wk_python\chaoxing_auto\.venv\Lib\site-packages\playwright\_impl\_connection.py", line 563, in wrap_api_call
    raise rewrite_error(error, f"{parsed_st['apiName']}: {error}") from None
playwright._impl._errors.TargetClosedError: Page.screenshot: Target page, context or browser has been closed
2026-07-08 16:33:08 ERROR 章节处理失败，继续下一章节: 第2章 第二章 创新思维与创新技法——如何挖掘创新潜力？，错误: Locator.click: Target page, context or browser has been closed
Traceback (most recent call last):
  File "E:\github\wk_python\chaoxing_auto\main.py", line 326, in _learn_open_course
    chapter_manager.open_chapter(chapter)
    ~~~~~~~~~~~~~~~~~~~~~~~~~~~~^^^^^^^^^
  File "E:\github\wk_python\chaoxing_auto\course\chapter.py", line 133, in open_chapter
    self.page.get_by_text(title, exact=False).first.click()
    ~~~~~~~~~~~~~~~~~~~~~~~~~~~~~~~~~~~~~~~~~~~~~~~~~~~~~^^
  File "E:\github\wk_python\chaoxing_auto\.venv\Lib\site-packages\playwright\sync_api\_generated.py", line 17672, in click
    self._sync(
    ~~~~~~~~~~^
        self._impl_obj.click(
        ^^^^^^^^^^^^^^^^^^^^^
    ...<10 lines>...
        )
        ^
    )
    ^
  File "E:\github\wk_python\chaoxing_auto\.venv\Lib\site-packages\playwright\_impl\_sync_base.py", line 115, in _sync
    return task.result()
           ~~~~~~~~~~~^^
  File "E:\github\wk_python\chaoxing_auto\.venv\Lib\site-packages\playwright\_impl\_locator.py", line 163, in click
    return await self._frame._click(self._selector, strict=True, **params)
           ^^^^^^^^^^^^^^^^^^^^^^^^^^^^^^^^^^^^^^^^^^^^^^^^^^^^^^^^^^^^^^^
  File "E:\github\wk_python\chaoxing_auto\.venv\Lib\site-packages\playwright\_impl\_frame.py", line 591, in _click
    await self._channel.send("click", self._timeout, locals_to_params(locals()))
  File "E:\github\wk_python\chaoxing_auto\.venv\Lib\site-packages\playwright\_impl\_connection.py", line 69, in send
    return await self._connection.wrap_api_call(
           ^^^^^^^^^^^^^^^^^^^^^^^^^^^^^^^^^^^^^
    ...<3 lines>...
    )
    ^
  File "E:\github\wk_python\chaoxing_auto\.venv\Lib\site-packages\playwright\_impl\_connection.py", line 563, in wrap_api_call
    raise rewrite_error(error, f"{parsed_st['apiName']}: {error}") from None
playwright._impl._errors.TargetClosedError: Locator.click: Target page, context or browser has been closed
2026-07-08 16:33:08 INFO 开始学习章节 [39/74]: 第3章 第三章 创业思维与实践工具——如何培养自己的创业思维？
2026-07-08 16:33:08 INFO 打开章节: 第3章 第三章 创业思维与实践工具——如何培养自己的创业思维？
2026-07-08 16:33:08 ERROR 保存截图失败: Page.screenshot: Target page, context or browser has been closed
Traceback (most recent call last):
  File "E:\github\wk_python\chaoxing_auto\utils\helper.py", line 63, in save_screenshot
    page.screenshot(path=str(path), full_page=True)
    ~~~~~~~~~~~~~~~^^^^^^^^^^^^^^^^^^^^^^^^^^^^^^^^
  File "E:\github\wk_python\chaoxing_auto\.venv\Lib\site-packages\playwright\sync_api\_generated.py", line 10754, in screenshot
    self._sync(
    ~~~~~~~~~~^
        self._impl_obj.screenshot(
        ^^^^^^^^^^^^^^^^^^^^^^^^^^
    ...<13 lines>...
        )
        ^
    )
    ^
  File "E:\github\wk_python\chaoxing_auto\.venv\Lib\site-packages\playwright\_impl\_sync_base.py", line 115, in _sync
    return task.result()
           ~~~~~~~~~~~^^
  File "E:\github\wk_python\chaoxing_auto\.venv\Lib\site-packages\playwright\_impl\_page.py", line 828, in screenshot
    encoded_binary = await self._channel.send(
                     ^^^^^^^^^^^^^^^^^^^^^^^^^
        "screenshot", self._timeout_settings.timeout, params
        ^^^^^^^^^^^^^^^^^^^^^^^^^^^^^^^^^^^^^^^^^^^^^^^^^^^^
    )
    ^
  File "E:\github\wk_python\chaoxing_auto\.venv\Lib\site-packages\playwright\_impl\_connection.py", line 69, in send
    return await self._connection.wrap_api_call(
           ^^^^^^^^^^^^^^^^^^^^^^^^^^^^^^^^^^^^^
    ...<3 lines>...
    )
    ^
  File "E:\github\wk_python\chaoxing_auto\.venv\Lib\site-packages\playwright\_impl\_connection.py", line 563, in wrap_api_call
    raise rewrite_error(error, f"{parsed_st['apiName']}: {error}") from None
playwright._impl._errors.TargetClosedError: Page.screenshot: Target page, context or browser has been closed
2026-07-08 16:33:08 ERROR 打开章节失败: Locator.click: Target page, context or browser has been closed
Traceback (most recent call last):
  File "E:\github\wk_python\chaoxing_auto\course\chapter.py", line 133, in open_chapter
    self.page.get_by_text(title, exact=False).first.click()
    ~~~~~~~~~~~~~~~~~~~~~~~~~~~~~~~~~~~~~~~~~~~~~~~~~~~~~^^
  File "E:\github\wk_python\chaoxing_auto\.venv\Lib\site-packages\playwright\sync_api\_generated.py", line 17672, in click
    self._sync(
    ~~~~~~~~~~^
        self._impl_obj.click(
        ^^^^^^^^^^^^^^^^^^^^^
    ...<10 lines>...
        )
        ^
    )
    ^
  File "E:\github\wk_python\chaoxing_auto\.venv\Lib\site-packages\playwright\_impl\_sync_base.py", line 115, in _sync
    return task.result()
           ~~~~~~~~~~~^^
  File "E:\github\wk_python\chaoxing_auto\.venv\Lib\site-packages\playwright\_impl\_locator.py", line 163, in click
    return await self._frame._click(self._selector, strict=True, **params)
           ^^^^^^^^^^^^^^^^^^^^^^^^^^^^^^^^^^^^^^^^^^^^^^^^^^^^^^^^^^^^^^^
  File "E:\github\wk_python\chaoxing_auto\.venv\Lib\site-packages\playwright\_impl\_frame.py", line 591, in _click
    await self._channel.send("click", self._timeout, locals_to_params(locals()))
  File "E:\github\wk_python\chaoxing_auto\.venv\Lib\site-packages\playwright\_impl\_connection.py", line 69, in send
    return await self._connection.wrap_api_call(
           ^^^^^^^^^^^^^^^^^^^^^^^^^^^^^^^^^^^^^
    ...<3 lines>...
    )
    ^
  File "E:\github\wk_python\chaoxing_auto\.venv\Lib\site-packages\playwright\_impl\_connection.py", line 563, in wrap_api_call
    raise rewrite_error(error, f"{parsed_st['apiName']}: {error}") from None
playwright._impl._errors.TargetClosedError: Locator.click: Target page, context or browser has been closed
2026-07-08 16:33:08 ERROR 保存截图失败: Page.screenshot: Target page, context or browser has been closed
Traceback (most recent call last):
  File "E:\github\wk_python\chaoxing_auto\utils\helper.py", line 63, in save_screenshot
    page.screenshot(path=str(path), full_page=True)
    ~~~~~~~~~~~~~~~^^^^^^^^^^^^^^^^^^^^^^^^^^^^^^^^
  File "E:\github\wk_python\chaoxing_auto\.venv\Lib\site-packages\playwright\sync_api\_generated.py", line 10754, in screenshot
    self._sync(
    ~~~~~~~~~~^
        self._impl_obj.screenshot(
        ^^^^^^^^^^^^^^^^^^^^^^^^^^
    ...<13 lines>...
        )
        ^
    )
    ^
  File "E:\github\wk_python\chaoxing_auto\.venv\Lib\site-packages\playwright\_impl\_sync_base.py", line 115, in _sync
    return task.result()
           ~~~~~~~~~~~^^
  File "E:\github\wk_python\chaoxing_auto\.venv\Lib\site-packages\playwright\_impl\_page.py", line 828, in screenshot
    encoded_binary = await self._channel.send(
                     ^^^^^^^^^^^^^^^^^^^^^^^^^
        "screenshot", self._timeout_settings.timeout, params
        ^^^^^^^^^^^^^^^^^^^^^^^^^^^^^^^^^^^^^^^^^^^^^^^^^^^^
    )
    ^
  File "E:\github\wk_python\chaoxing_auto\.venv\Lib\site-packages\playwright\_impl\_connection.py", line 69, in send
    return await self._connection.wrap_api_call(
           ^^^^^^^^^^^^^^^^^^^^^^^^^^^^^^^^^^^^^
    ...<3 lines>...
    )
    ^
  File "E:\github\wk_python\chaoxing_auto\.venv\Lib\site-packages\playwright\_impl\_connection.py", line 563, in wrap_api_call
    raise rewrite_error(error, f"{parsed_st['apiName']}: {error}") from None
playwright._impl._errors.TargetClosedError: Page.screenshot: Target page, context or browser has been closed
2026-07-08 16:33:08 ERROR 章节处理失败，继续下一章节: 第3章 第三章 创业思维与实践工具——如何培养自己的创业思维？，错误: Locator.click: Target page, context or browser has been closed
Traceback (most recent call last):
  File "E:\github\wk_python\chaoxing_auto\main.py", line 326, in _learn_open_course
    chapter_manager.open_chapter(chapter)
    ~~~~~~~~~~~~~~~~~~~~~~~~~~~~^^^^^^^^^
  File "E:\github\wk_python\chaoxing_auto\course\chapter.py", line 133, in open_chapter
    self.page.get_by_text(title, exact=False).first.click()
    ~~~~~~~~~~~~~~~~~~~~~~~~~~~~~~~~~~~~~~~~~~~~~~~~~~~~~^^
  File "E:\github\wk_python\chaoxing_auto\.venv\Lib\site-packages\playwright\sync_api\_generated.py", line 17672, in click
    self._sync(
    ~~~~~~~~~~^
        self._impl_obj.click(
        ^^^^^^^^^^^^^^^^^^^^^
    ...<10 lines>...
        )
        ^
    )
    ^
  File "E:\github\wk_python\chaoxing_auto\.venv\Lib\site-packages\playwright\_impl\_sync_base.py", line 115, in _sync
    return task.result()
           ~~~~~~~~~~~^^
  File "E:\github\wk_python\chaoxing_auto\.venv\Lib\site-packages\playwright\_impl\_locator.py", line 163, in click
    return await self._frame._click(self._selector, strict=True, **params)
           ^^^^^^^^^^^^^^^^^^^^^^^^^^^^^^^^^^^^^^^^^^^^^^^^^^^^^^^^^^^^^^^
  File "E:\github\wk_python\chaoxing_auto\.venv\Lib\site-packages\playwright\_impl\_frame.py", line 591, in _click
    await self._channel.send("click", self._timeout, locals_to_params(locals()))
  File "E:\github\wk_python\chaoxing_auto\.venv\Lib\site-packages\playwright\_impl\_connection.py", line 69, in send
    return await self._connection.wrap_api_call(
           ^^^^^^^^^^^^^^^^^^^^^^^^^^^^^^^^^^^^^
    ...<3 lines>...
    )
    ^
  File "E:\github\wk_python\chaoxing_auto\.venv\Lib\site-packages\playwright\_impl\_connection.py", line 563, in wrap_api_call
    raise rewrite_error(error, f"{parsed_st['apiName']}: {error}") from None
playwright._impl._errors.TargetClosedError: Locator.click: Target page, context or browser has been closed
2026-07-08 16:33:08 INFO 开始学习章节 [40/74]: 第4章 第四章 问题发现与机会把握——如何寻找并捕捉创业机会？
2026-07-08 16:33:08 INFO 打开章节: 第4章 第四章 问题发现与机会把握——如何寻找并捕捉创业机会？
2026-07-08 16:33:08 ERROR 保存截图失败: Page.screenshot: Target page, context or browser has been closed
Traceback (most recent call last):
  File "E:\github\wk_python\chaoxing_auto\utils\helper.py", line 63, in save_screenshot
    page.screenshot(path=str(path), full_page=True)
    ~~~~~~~~~~~~~~~^^^^^^^^^^^^^^^^^^^^^^^^^^^^^^^^
  File "E:\github\wk_python\chaoxing_auto\.venv\Lib\site-packages\playwright\sync_api\_generated.py", line 10754, in screenshot
    self._sync(
    ~~~~~~~~~~^
        self._impl_obj.screenshot(
        ^^^^^^^^^^^^^^^^^^^^^^^^^^
    ...<13 lines>...
        )
        ^
    )
    ^
  File "E:\github\wk_python\chaoxing_auto\.venv\Lib\site-packages\playwright\_impl\_sync_base.py", line 115, in _sync
    return task.result()
           ~~~~~~~~~~~^^
  File "E:\github\wk_python\chaoxing_auto\.venv\Lib\site-packages\playwright\_impl\_page.py", line 828, in screenshot
    encoded_binary = await self._channel.send(
                     ^^^^^^^^^^^^^^^^^^^^^^^^^
        "screenshot", self._timeout_settings.timeout, params
        ^^^^^^^^^^^^^^^^^^^^^^^^^^^^^^^^^^^^^^^^^^^^^^^^^^^^
    )
    ^
  File "E:\github\wk_python\chaoxing_auto\.venv\Lib\site-packages\playwright\_impl\_connection.py", line 69, in send
    return await self._connection.wrap_api_call(
           ^^^^^^^^^^^^^^^^^^^^^^^^^^^^^^^^^^^^^
    ...<3 lines>...
    )
    ^
  File "E:\github\wk_python\chaoxing_auto\.venv\Lib\site-packages\playwright\_impl\_connection.py", line 563, in wrap_api_call
    raise rewrite_error(error, f"{parsed_st['apiName']}: {error}") from None
playwright._impl._errors.TargetClosedError: Page.screenshot: Target page, context or browser has been closed
2026-07-08 16:33:08 ERROR 打开章节失败: Locator.click: Target page, context or browser has been closed
Traceback (most recent call last):
  File "E:\github\wk_python\chaoxing_auto\course\chapter.py", line 133, in open_chapter
    self.page.get_by_text(title, exact=False).first.click()
    ~~~~~~~~~~~~~~~~~~~~~~~~~~~~~~~~~~~~~~~~~~~~~~~~~~~~~^^
  File "E:\github\wk_python\chaoxing_auto\.venv\Lib\site-packages\playwright\sync_api\_generated.py", line 17672, in click
    self._sync(
    ~~~~~~~~~~^
        self._impl_obj.click(
        ^^^^^^^^^^^^^^^^^^^^^
    ...<10 lines>...
        )
        ^
    )
    ^
  File "E:\github\wk_python\chaoxing_auto\.venv\Lib\site-packages\playwright\_impl\_sync_base.py", line 115, in _sync
    return task.result()
           ~~~~~~~~~~~^^
  File "E:\github\wk_python\chaoxing_auto\.venv\Lib\site-packages\playwright\_impl\_locator.py", line 163, in click
    return await self._frame._click(self._selector, strict=True, **params)
           ^^^^^^^^^^^^^^^^^^^^^^^^^^^^^^^^^^^^^^^^^^^^^^^^^^^^^^^^^^^^^^^
  File "E:\github\wk_python\chaoxing_auto\.venv\Lib\site-packages\playwright\_impl\_frame.py", line 591, in _click
    await self._channel.send("click", self._timeout, locals_to_params(locals()))
  File "E:\github\wk_python\chaoxing_auto\.venv\Lib\site-packages\playwright\_impl\_connection.py", line 69, in send
    return await self._connection.wrap_api_call(
           ^^^^^^^^^^^^^^^^^^^^^^^^^^^^^^^^^^^^^
    ...<3 lines>...
    )
    ^
  File "E:\github\wk_python\chaoxing_auto\.venv\Lib\site-packages\playwright\_impl\_connection.py", line 563, in wrap_api_call
    raise rewrite_error(error, f"{parsed_st['apiName']}: {error}") from None
playwright._impl._errors.TargetClosedError: Locator.click: Target page, context or browser has been closed
2026-07-08 16:33:08 ERROR 保存截图失败: Page.screenshot: Target page, context or browser has been closed
Traceback (most recent call last):
  File "E:\github\wk_python\chaoxing_auto\utils\helper.py", line 63, in save_screenshot
    page.screenshot(path=str(path), full_page=True)
    ~~~~~~~~~~~~~~~^^^^^^^^^^^^^^^^^^^^^^^^^^^^^^^^
  File "E:\github\wk_python\chaoxing_auto\.venv\Lib\site-packages\playwright\sync_api\_generated.py", line 10754, in screenshot
    self._sync(
    ~~~~~~~~~~^
        self._impl_obj.screenshot(
        ^^^^^^^^^^^^^^^^^^^^^^^^^^
    ...<13 lines>...
        )
        ^
    )
    ^
  File "E:\github\wk_python\chaoxing_auto\.venv\Lib\site-packages\playwright\_impl\_sync_base.py", line 115, in _sync
    return task.result()
           ~~~~~~~~~~~^^
  File "E:\github\wk_python\chaoxing_auto\.venv\Lib\site-packages\playwright\_impl\_page.py", line 828, in screenshot
    encoded_binary = await self._channel.send(
                     ^^^^^^^^^^^^^^^^^^^^^^^^^
        "screenshot", self._timeout_settings.timeout, params
        ^^^^^^^^^^^^^^^^^^^^^^^^^^^^^^^^^^^^^^^^^^^^^^^^^^^^
    )
    ^
  File "E:\github\wk_python\chaoxing_auto\.venv\Lib\site-packages\playwright\_impl\_connection.py", line 69, in send
    return await self._connection.wrap_api_call(
           ^^^^^^^^^^^^^^^^^^^^^^^^^^^^^^^^^^^^^
    ...<3 lines>...
    )
    ^
  File "E:\github\wk_python\chaoxing_auto\.venv\Lib\site-packages\playwright\_impl\_connection.py", line 563, in wrap_api_call
    raise rewrite_error(error, f"{parsed_st['apiName']}: {error}") from None
playwright._impl._errors.TargetClosedError: Page.screenshot: Target page, context or browser has been closed
2026-07-08 16:33:08 ERROR 章节处理失败，继续下一章节: 第4章 第四章 问题发现与机会把握——如何寻找并捕捉创业机会？，错误: Locator.click: Target page, context or browser has been closed
Traceback (most recent call last):
  File "E:\github\wk_python\chaoxing_auto\main.py", line 326, in _learn_open_course
    chapter_manager.open_chapter(chapter)
    ~~~~~~~~~~~~~~~~~~~~~~~~~~~~^^^^^^^^^
  File "E:\github\wk_python\chaoxing_auto\course\chapter.py", line 133, in open_chapter
    self.page.get_by_text(title, exact=False).first.click()
    ~~~~~~~~~~~~~~~~~~~~~~~~~~~~~~~~~~~~~~~~~~~~~~~~~~~~~^^
  File "E:\github\wk_python\chaoxing_auto\.venv\Lib\site-packages\playwright\sync_api\_generated.py", line 17672, in click
    self._sync(
    ~~~~~~~~~~^
        self._impl_obj.click(
        ^^^^^^^^^^^^^^^^^^^^^
    ...<10 lines>...
        )
        ^
    )
    ^
  File "E:\github\wk_python\chaoxing_auto\.venv\Lib\site-packages\playwright\_impl\_sync_base.py", line 115, in _sync
    return task.result()
           ~~~~~~~~~~~^^
  File "E:\github\wk_python\chaoxing_auto\.venv\Lib\site-packages\playwright\_impl\_locator.py", line 163, in click
    return await self._frame._click(self._selector, strict=True, **params)
           ^^^^^^^^^^^^^^^^^^^^^^^^^^^^^^^^^^^^^^^^^^^^^^^^^^^^^^^^^^^^^^^
  File "E:\github\wk_python\chaoxing_auto\.venv\Lib\site-packages\playwright\_impl\_frame.py", line 591, in _click
    await self._channel.send("click", self._timeout, locals_to_params(locals()))
  File "E:\github\wk_python\chaoxing_auto\.venv\Lib\site-packages\playwright\_impl\_connection.py", line 69, in send
    return await self._connection.wrap_api_call(
           ^^^^^^^^^^^^^^^^^^^^^^^^^^^^^^^^^^^^^
    ...<3 lines>...
    )
    ^
  File "E:\github\wk_python\chaoxing_auto\.venv\Lib\site-packages\playwright\_impl\_connection.py", line 563, in wrap_api_call
    raise rewrite_error(error, f"{parsed_st['apiName']}: {error}") from None
playwright._impl._errors.TargetClosedError: Locator.click: Target page, context or browser has been closed
2026-07-08 16:33:08 INFO 开始学习章节 [41/74]: 第5章 第五章 机会评估与风险防范——你的创业想法可行吗？
2026-07-08 16:33:08 INFO 打开章节: 第5章 第五章 机会评估与风险防范——你的创业想法可行吗？
2026-07-08 16:33:08 ERROR 保存截图失败: Page.screenshot: Target page, context or browser has been closed
Traceback (most recent call last):
  File "E:\github\wk_python\chaoxing_auto\utils\helper.py", line 63, in save_screenshot
    page.screenshot(path=str(path), full_page=True)
    ~~~~~~~~~~~~~~~^^^^^^^^^^^^^^^^^^^^^^^^^^^^^^^^
  File "E:\github\wk_python\chaoxing_auto\.venv\Lib\site-packages\playwright\sync_api\_generated.py", line 10754, in screenshot
    self._sync(
    ~~~~~~~~~~^
        self._impl_obj.screenshot(
        ^^^^^^^^^^^^^^^^^^^^^^^^^^
    ...<13 lines>...
        )
        ^
    )
    ^
  File "E:\github\wk_python\chaoxing_auto\.venv\Lib\site-packages\playwright\_impl\_sync_base.py", line 115, in _sync
    return task.result()
           ~~~~~~~~~~~^^
  File "E:\github\wk_python\chaoxing_auto\.venv\Lib\site-packages\playwright\_impl\_page.py", line 828, in screenshot
    encoded_binary = await self._channel.send(
                     ^^^^^^^^^^^^^^^^^^^^^^^^^
        "screenshot", self._timeout_settings.timeout, params
        ^^^^^^^^^^^^^^^^^^^^^^^^^^^^^^^^^^^^^^^^^^^^^^^^^^^^
    )
    ^
  File "E:\github\wk_python\chaoxing_auto\.venv\Lib\site-packages\playwright\_impl\_connection.py", line 69, in send
    return await self._connection.wrap_api_call(
           ^^^^^^^^^^^^^^^^^^^^^^^^^^^^^^^^^^^^^
    ...<3 lines>...
    )
    ^
  File "E:\github\wk_python\chaoxing_auto\.venv\Lib\site-packages\playwright\_impl\_connection.py", line 563, in wrap_api_call
    raise rewrite_error(error, f"{parsed_st['apiName']}: {error}") from None
playwright._impl._errors.TargetClosedError: Page.screenshot: Target page, context or browser has been closed
2026-07-08 16:33:08 ERROR 打开章节失败: Locator.click: Target page, context or browser has been closed
Traceback (most recent call last):
  File "E:\github\wk_python\chaoxing_auto\course\chapter.py", line 133, in open_chapter
    self.page.get_by_text(title, exact=False).first.click()
    ~~~~~~~~~~~~~~~~~~~~~~~~~~~~~~~~~~~~~~~~~~~~~~~~~~~~~^^
  File "E:\github\wk_python\chaoxing_auto\.venv\Lib\site-packages\playwright\sync_api\_generated.py", line 17672, in click
    self._sync(
    ~~~~~~~~~~^
        self._impl_obj.click(
        ^^^^^^^^^^^^^^^^^^^^^
    ...<10 lines>...
        )
        ^
    )
    ^
  File "E:\github\wk_python\chaoxing_auto\.venv\Lib\site-packages\playwright\_impl\_sync_base.py", line 115, in _sync
    return task.result()
           ~~~~~~~~~~~^^
  File "E:\github\wk_python\chaoxing_auto\.venv\Lib\site-packages\playwright\_impl\_locator.py", line 163, in click
    return await self._frame._click(self._selector, strict=True, **params)
           ^^^^^^^^^^^^^^^^^^^^^^^^^^^^^^^^^^^^^^^^^^^^^^^^^^^^^^^^^^^^^^^
  File "E:\github\wk_python\chaoxing_auto\.venv\Lib\site-packages\playwright\_impl\_frame.py", line 591, in _click
    await self._channel.send("click", self._timeout, locals_to_params(locals()))
  File "E:\github\wk_python\chaoxing_auto\.venv\Lib\site-packages\playwright\_impl\_connection.py", line 69, in send
    return await self._connection.wrap_api_call(
           ^^^^^^^^^^^^^^^^^^^^^^^^^^^^^^^^^^^^^
    ...<3 lines>...
    )
    ^
  File "E:\github\wk_python\chaoxing_auto\.venv\Lib\site-packages\playwright\_impl\_connection.py", line 563, in wrap_api_call
    raise rewrite_error(error, f"{parsed_st['apiName']}: {error}") from None
playwright._impl._errors.TargetClosedError: Locator.click: Target page, context or browser has been closed
2026-07-08 16:33:08 ERROR 保存截图失败: Page.screenshot: Target page, context or browser has been closed
Traceback (most recent call last):
  File "E:\github\wk_python\chaoxing_auto\utils\helper.py", line 63, in save_screenshot
    page.screenshot(path=str(path), full_page=True)
    ~~~~~~~~~~~~~~~^^^^^^^^^^^^^^^^^^^^^^^^^^^^^^^^
  File "E:\github\wk_python\chaoxing_auto\.venv\Lib\site-packages\playwright\sync_api\_generated.py", line 10754, in screenshot
    self._sync(
    ~~~~~~~~~~^
        self._impl_obj.screenshot(
        ^^^^^^^^^^^^^^^^^^^^^^^^^^
    ...<13 lines>...
        )
        ^
    )
    ^
  File "E:\github\wk_python\chaoxing_auto\.venv\Lib\site-packages\playwright\_impl\_sync_base.py", line 115, in _sync
    return task.result()
           ~~~~~~~~~~~^^
  File "E:\github\wk_python\chaoxing_auto\.venv\Lib\site-packages\playwright\_impl\_page.py", line 828, in screenshot
    encoded_binary = await self._channel.send(
                     ^^^^^^^^^^^^^^^^^^^^^^^^^
        "screenshot", self._timeout_settings.timeout, params
        ^^^^^^^^^^^^^^^^^^^^^^^^^^^^^^^^^^^^^^^^^^^^^^^^^^^^
    )
    ^
  File "E:\github\wk_python\chaoxing_auto\.venv\Lib\site-packages\playwright\_impl\_connection.py", line 69, in send
    return await self._connection.wrap_api_call(
           ^^^^^^^^^^^^^^^^^^^^^^^^^^^^^^^^^^^^^
    ...<3 lines>...
    )
    ^
  File "E:\github\wk_python\chaoxing_auto\.venv\Lib\site-packages\playwright\_impl\_connection.py", line 563, in wrap_api_call
    raise rewrite_error(error, f"{parsed_st['apiName']}: {error}") from None
playwright._impl._errors.TargetClosedError: Page.screenshot: Target page, context or browser has been closed
2026-07-08 16:33:08 ERROR 章节处理失败，继续下一章节: 第5章 第五章 机会评估与风险防范——你的创业想法可行吗？，错误: Locator.click: Target page, context or browser has been closed
Traceback (most recent call last):
  File "E:\github\wk_python\chaoxing_auto\main.py", line 326, in _learn_open_course
    chapter_manager.open_chapter(chapter)
    ~~~~~~~~~~~~~~~~~~~~~~~~~~~~^^^^^^^^^
  File "E:\github\wk_python\chaoxing_auto\course\chapter.py", line 133, in open_chapter
    self.page.get_by_text(title, exact=False).first.click()
    ~~~~~~~~~~~~~~~~~~~~~~~~~~~~~~~~~~~~~~~~~~~~~~~~~~~~~^^
  File "E:\github\wk_python\chaoxing_auto\.venv\Lib\site-packages\playwright\sync_api\_generated.py", line 17672, in click
    self._sync(
    ~~~~~~~~~~^
        self._impl_obj.click(
        ^^^^^^^^^^^^^^^^^^^^^
    ...<10 lines>...
        )
        ^
    )
    ^
  File "E:\github\wk_python\chaoxing_auto\.venv\Lib\site-packages\playwright\_impl\_sync_base.py", line 115, in _sync
    return task.result()
           ~~~~~~~~~~~^^
  File "E:\github\wk_python\chaoxing_auto\.venv\Lib\site-packages\playwright\_impl\_locator.py", line 163, in click
    return await self._frame._click(self._selector, strict=True, **params)
           ^^^^^^^^^^^^^^^^^^^^^^^^^^^^^^^^^^^^^^^^^^^^^^^^^^^^^^^^^^^^^^^
  File "E:\github\wk_python\chaoxing_auto\.venv\Lib\site-packages\playwright\_impl\_frame.py", line 591, in _click
    await self._channel.send("click", self._timeout, locals_to_params(locals()))
  File "E:\github\wk_python\chaoxing_auto\.venv\Lib\site-packages\playwright\_impl\_connection.py", line 69, in send
    return await self._connection.wrap_api_call(
           ^^^^^^^^^^^^^^^^^^^^^^^^^^^^^^^^^^^^^
    ...<3 lines>...
    )
    ^
  File "E:\github\wk_python\chaoxing_auto\.venv\Lib\site-packages\playwright\_impl\_connection.py", line 563, in wrap_api_call
    raise rewrite_error(error, f"{parsed_st['apiName']}: {error}") from None
playwright._impl._errors.TargetClosedError: Locator.click: Target page, context or browser has been closed
2026-07-08 16:33:08 INFO 开始学习章节 [42/74]: 第6章 第六章 创业团队组建——如何寻找你的创业伙伴？
2026-07-08 16:33:08 INFO 打开章节: 第6章 第六章 创业团队组建——如何寻找你的创业伙伴？
2026-07-08 16:33:08 ERROR 保存截图失败: Page.screenshot: Target page, context or browser has been closed
Traceback (most recent call last):
  File "E:\github\wk_python\chaoxing_auto\utils\helper.py", line 63, in save_screenshot
    page.screenshot(path=str(path), full_page=True)
    ~~~~~~~~~~~~~~~^^^^^^^^^^^^^^^^^^^^^^^^^^^^^^^^
  File "E:\github\wk_python\chaoxing_auto\.venv\Lib\site-packages\playwright\sync_api\_generated.py", line 10754, in screenshot
    self._sync(
    ~~~~~~~~~~^
        self._impl_obj.screenshot(
        ^^^^^^^^^^^^^^^^^^^^^^^^^^
    ...<13 lines>...
        )
        ^
    )
    ^
  File "E:\github\wk_python\chaoxing_auto\.venv\Lib\site-packages\playwright\_impl\_sync_base.py", line 115, in _sync
    return task.result()
           ~~~~~~~~~~~^^
  File "E:\github\wk_python\chaoxing_auto\.venv\Lib\site-packages\playwright\_impl\_page.py", line 828, in screenshot
    encoded_binary = await self._channel.send(
                     ^^^^^^^^^^^^^^^^^^^^^^^^^
        "screenshot", self._timeout_settings.timeout, params
        ^^^^^^^^^^^^^^^^^^^^^^^^^^^^^^^^^^^^^^^^^^^^^^^^^^^^
    )
    ^
  File "E:\github\wk_python\chaoxing_auto\.venv\Lib\site-packages\playwright\_impl\_connection.py", line 69, in send
    return await self._connection.wrap_api_call(
           ^^^^^^^^^^^^^^^^^^^^^^^^^^^^^^^^^^^^^
    ...<3 lines>...
    )
    ^
  File "E:\github\wk_python\chaoxing_auto\.venv\Lib\site-packages\playwright\_impl\_connection.py", line 563, in wrap_api_call
    raise rewrite_error(error, f"{parsed_st['apiName']}: {error}") from None
playwright._impl._errors.TargetClosedError: Page.screenshot: Target page, context or browser has been closed
2026-07-08 16:33:08 ERROR 打开章节失败: Locator.click: Target page, context or browser has been closed
Traceback (most recent call last):
  File "E:\github\wk_python\chaoxing_auto\course\chapter.py", line 133, in open_chapter
    self.page.get_by_text(title, exact=False).first.click()
    ~~~~~~~~~~~~~~~~~~~~~~~~~~~~~~~~~~~~~~~~~~~~~~~~~~~~~^^
  File "E:\github\wk_python\chaoxing_auto\.venv\Lib\site-packages\playwright\sync_api\_generated.py", line 17672, in click
    self._sync(
    ~~~~~~~~~~^
        self._impl_obj.click(
        ^^^^^^^^^^^^^^^^^^^^^
    ...<10 lines>...
        )
        ^
    )
    ^
  File "E:\github\wk_python\chaoxing_auto\.venv\Lib\site-packages\playwright\_impl\_sync_base.py", line 115, in _sync
    return task.result()
           ~~~~~~~~~~~^^
  File "E:\github\wk_python\chaoxing_auto\.venv\Lib\site-packages\playwright\_impl\_locator.py", line 163, in click
    return await self._frame._click(self._selector, strict=True, **params)
           ^^^^^^^^^^^^^^^^^^^^^^^^^^^^^^^^^^^^^^^^^^^^^^^^^^^^^^^^^^^^^^^
  File "E:\github\wk_python\chaoxing_auto\.venv\Lib\site-packages\playwright\_impl\_frame.py", line 591, in _click
    await self._channel.send("click", self._timeout, locals_to_params(locals()))
  File "E:\github\wk_python\chaoxing_auto\.venv\Lib\site-packages\playwright\_impl\_connection.py", line 69, in send
    return await self._connection.wrap_api_call(
           ^^^^^^^^^^^^^^^^^^^^^^^^^^^^^^^^^^^^^
    ...<3 lines>...
    )
    ^
  File "E:\github\wk_python\chaoxing_auto\.venv\Lib\site-packages\playwright\_impl\_connection.py", line 563, in wrap_api_call
    raise rewrite_error(error, f"{parsed_st['apiName']}: {error}") from None
playwright._impl._errors.TargetClosedError: Locator.click: Target page, context or browser has been closed
2026-07-08 16:33:08 ERROR 保存截图失败: Page.screenshot: Target page, context or browser has been closed
Traceback (most recent call last):
  File "E:\github\wk_python\chaoxing_auto\utils\helper.py", line 63, in save_screenshot
    page.screenshot(path=str(path), full_page=True)
    ~~~~~~~~~~~~~~~^^^^^^^^^^^^^^^^^^^^^^^^^^^^^^^^
  File "E:\github\wk_python\chaoxing_auto\.venv\Lib\site-packages\playwright\sync_api\_generated.py", line 10754, in screenshot
    self._sync(
    ~~~~~~~~~~^
        self._impl_obj.screenshot(
        ^^^^^^^^^^^^^^^^^^^^^^^^^^
    ...<13 lines>...
        )
        ^
    )
    ^
  File "E:\github\wk_python\chaoxing_auto\.venv\Lib\site-packages\playwright\_impl\_sync_base.py", line 115, in _sync
    return task.result()
           ~~~~~~~~~~~^^
  File "E:\github\wk_python\chaoxing_auto\.venv\Lib\site-packages\playwright\_impl\_page.py", line 828, in screenshot
    encoded_binary = await self._channel.send(
                     ^^^^^^^^^^^^^^^^^^^^^^^^^
        "screenshot", self._timeout_settings.timeout, params
        ^^^^^^^^^^^^^^^^^^^^^^^^^^^^^^^^^^^^^^^^^^^^^^^^^^^^
    )
    ^
  File "E:\github\wk_python\chaoxing_auto\.venv\Lib\site-packages\playwright\_impl\_connection.py", line 69, in send
    return await self._connection.wrap_api_call(
           ^^^^^^^^^^^^^^^^^^^^^^^^^^^^^^^^^^^^^
    ...<3 lines>...
    )
    ^
  File "E:\github\wk_python\chaoxing_auto\.venv\Lib\site-packages\playwright\_impl\_connection.py", line 563, in wrap_api_call
    raise rewrite_error(error, f"{parsed_st['apiName']}: {error}") from None
playwright._impl._errors.TargetClosedError: Page.screenshot: Target page, context or browser has been closed
2026-07-08 16:33:08 ERROR 章节处理失败，继续下一章节: 第6章 第六章 创业团队组建——如何寻找你的创业伙伴？，错误: Locator.click: Target page, context or browser has been closed
Traceback (most recent call last):
  File "E:\github\wk_python\chaoxing_auto\main.py", line 326, in _learn_open_course
    chapter_manager.open_chapter(chapter)
    ~~~~~~~~~~~~~~~~~~~~~~~~~~~~^^^^^^^^^
  File "E:\github\wk_python\chaoxing_auto\course\chapter.py", line 133, in open_chapter
    self.page.get_by_text(title, exact=False).first.click()
    ~~~~~~~~~~~~~~~~~~~~~~~~~~~~~~~~~~~~~~~~~~~~~~~~~~~~~^^
  File "E:\github\wk_python\chaoxing_auto\.venv\Lib\site-packages\playwright\sync_api\_generated.py", line 17672, in click
    self._sync(
    ~~~~~~~~~~^
        self._impl_obj.click(
        ^^^^^^^^^^^^^^^^^^^^^
    ...<10 lines>...
        )
        ^
    )
    ^
  File "E:\github\wk_python\chaoxing_auto\.venv\Lib\site-packages\playwright\_impl\_sync_base.py", line 115, in _sync
    return task.result()
           ~~~~~~~~~~~^^
  File "E:\github\wk_python\chaoxing_auto\.venv\Lib\site-packages\playwright\_impl\_locator.py", line 163, in click
    return await self._frame._click(self._selector, strict=True, **params)
           ^^^^^^^^^^^^^^^^^^^^^^^^^^^^^^^^^^^^^^^^^^^^^^^^^^^^^^^^^^^^^^^
  File "E:\github\wk_python\chaoxing_auto\.venv\Lib\site-packages\playwright\_impl\_frame.py", line 591, in _click
    await self._channel.send("click", self._timeout, locals_to_params(locals()))
  File "E:\github\wk_python\chaoxing_auto\.venv\Lib\site-packages\playwright\_impl\_connection.py", line 69, in send
    return await self._connection.wrap_api_call(
           ^^^^^^^^^^^^^^^^^^^^^^^^^^^^^^^^^^^^^
    ...<3 lines>...
    )
    ^
  File "E:\github\wk_python\chaoxing_auto\.venv\Lib\site-packages\playwright\_impl\_connection.py", line 563, in wrap_api_call
    raise rewrite_error(error, f"{parsed_st['apiName']}: {error}") from None
playwright._impl._errors.TargetClosedError: Locator.click: Target page, context or browser has been closed
2026-07-08 16:33:08 INFO 开始学习章节 [43/74]: 第7章 第七章 产品开发与用户测试——如何实现产品落地？
2026-07-08 16:33:08 INFO 打开章节: 第7章 第七章 产品开发与用户测试——如何实现产品落地？
2026-07-08 16:33:08 ERROR 保存截图失败: Page.screenshot: Target page, context or browser has been closed
Traceback (most recent call last):
  File "E:\github\wk_python\chaoxing_auto\utils\helper.py", line 63, in save_screenshot
    page.screenshot(path=str(path), full_page=True)
    ~~~~~~~~~~~~~~~^^^^^^^^^^^^^^^^^^^^^^^^^^^^^^^^
  File "E:\github\wk_python\chaoxing_auto\.venv\Lib\site-packages\playwright\sync_api\_generated.py", line 10754, in screenshot
    self._sync(
    ~~~~~~~~~~^
        self._impl_obj.screenshot(
        ^^^^^^^^^^^^^^^^^^^^^^^^^^
    ...<13 lines>...
        )
        ^
    )
    ^
  File "E:\github\wk_python\chaoxing_auto\.venv\Lib\site-packages\playwright\_impl\_sync_base.py", line 115, in _sync
    return task.result()
           ~~~~~~~~~~~^^
  File "E:\github\wk_python\chaoxing_auto\.venv\Lib\site-packages\playwright\_impl\_page.py", line 828, in screenshot
    encoded_binary = await self._channel.send(
                     ^^^^^^^^^^^^^^^^^^^^^^^^^
        "screenshot", self._timeout_settings.timeout, params
        ^^^^^^^^^^^^^^^^^^^^^^^^^^^^^^^^^^^^^^^^^^^^^^^^^^^^
    )
    ^
  File "E:\github\wk_python\chaoxing_auto\.venv\Lib\site-packages\playwright\_impl\_connection.py", line 69, in send
    return await self._connection.wrap_api_call(
           ^^^^^^^^^^^^^^^^^^^^^^^^^^^^^^^^^^^^^
    ...<3 lines>...
    )
    ^
  File "E:\github\wk_python\chaoxing_auto\.venv\Lib\site-packages\playwright\_impl\_connection.py", line 563, in wrap_api_call
    raise rewrite_error(error, f"{parsed_st['apiName']}: {error}") from None
playwright._impl._errors.TargetClosedError: Page.screenshot: Target page, context or browser has been closed
2026-07-08 16:33:08 ERROR 打开章节失败: Locator.click: Target page, context or browser has been closed
Traceback (most recent call last):
  File "E:\github\wk_python\chaoxing_auto\course\chapter.py", line 133, in open_chapter
    self.page.get_by_text(title, exact=False).first.click()
    ~~~~~~~~~~~~~~~~~~~~~~~~~~~~~~~~~~~~~~~~~~~~~~~~~~~~~^^
  File "E:\github\wk_python\chaoxing_auto\.venv\Lib\site-packages\playwright\sync_api\_generated.py", line 17672, in click
    self._sync(
    ~~~~~~~~~~^
        self._impl_obj.click(
        ^^^^^^^^^^^^^^^^^^^^^
    ...<10 lines>...
        )
        ^
    )
    ^
  File "E:\github\wk_python\chaoxing_auto\.venv\Lib\site-packages\playwright\_impl\_sync_base.py", line 115, in _sync
    return task.result()
           ~~~~~~~~~~~^^
  File "E:\github\wk_python\chaoxing_auto\.venv\Lib\site-packages\playwright\_impl\_locator.py", line 163, in click
    return await self._frame._click(self._selector, strict=True, **params)
           ^^^^^^^^^^^^^^^^^^^^^^^^^^^^^^^^^^^^^^^^^^^^^^^^^^^^^^^^^^^^^^^
  File "E:\github\wk_python\chaoxing_auto\.venv\Lib\site-packages\playwright\_impl\_frame.py", line 591, in _click
    await self._channel.send("click", self._timeout, locals_to_params(locals()))
  File "E:\github\wk_python\chaoxing_auto\.venv\Lib\site-packages\playwright\_impl\_connection.py", line 69, in send
    return await self._connection.wrap_api_call(
           ^^^^^^^^^^^^^^^^^^^^^^^^^^^^^^^^^^^^^
    ...<3 lines>...
    )
    ^
  File "E:\github\wk_python\chaoxing_auto\.venv\Lib\site-packages\playwright\_impl\_connection.py", line 563, in wrap_api_call
    raise rewrite_error(error, f"{parsed_st['apiName']}: {error}") from None
playwright._impl._errors.TargetClosedError: Locator.click: Target page, context or browser has been closed
2026-07-08 16:33:08 ERROR 保存截图失败: Page.screenshot: Target page, context or browser has been closed
Traceback (most recent call last):
  File "E:\github\wk_python\chaoxing_auto\utils\helper.py", line 63, in save_screenshot
    page.screenshot(path=str(path), full_page=True)
    ~~~~~~~~~~~~~~~^^^^^^^^^^^^^^^^^^^^^^^^^^^^^^^^
  File "E:\github\wk_python\chaoxing_auto\.venv\Lib\site-packages\playwright\sync_api\_generated.py", line 10754, in screenshot
    self._sync(
    ~~~~~~~~~~^
        self._impl_obj.screenshot(
        ^^^^^^^^^^^^^^^^^^^^^^^^^^
    ...<13 lines>...
        )
        ^
    )
    ^
  File "E:\github\wk_python\chaoxing_auto\.venv\Lib\site-packages\playwright\_impl\_sync_base.py", line 115, in _sync
    return task.result()
           ~~~~~~~~~~~^^
  File "E:\github\wk_python\chaoxing_auto\.venv\Lib\site-packages\playwright\_impl\_page.py", line 828, in screenshot
    encoded_binary = await self._channel.send(
                     ^^^^^^^^^^^^^^^^^^^^^^^^^
        "screenshot", self._timeout_settings.timeout, params
        ^^^^^^^^^^^^^^^^^^^^^^^^^^^^^^^^^^^^^^^^^^^^^^^^^^^^
    )
    ^
  File "E:\github\wk_python\chaoxing_auto\.venv\Lib\site-packages\playwright\_impl\_connection.py", line 69, in send
    return await self._connection.wrap_api_call(
           ^^^^^^^^^^^^^^^^^^^^^^^^^^^^^^^^^^^^^
    ...<3 lines>...
    )
    ^
  File "E:\github\wk_python\chaoxing_auto\.venv\Lib\site-packages\playwright\_impl\_connection.py", line 563, in wrap_api_call
    raise rewrite_error(error, f"{parsed_st['apiName']}: {error}") from None
playwright._impl._errors.TargetClosedError: Page.screenshot: Target page, context or browser has been closed
2026-07-08 16:33:08 ERROR 章节处理失败，继续下一章节: 第7章 第七章 产品开发与用户测试——如何实现产品落地？，错误: Locator.click: Target page, context or browser has been closed
Traceback (most recent call last):
  File "E:\github\wk_python\chaoxing_auto\main.py", line 326, in _learn_open_course
    chapter_manager.open_chapter(chapter)
    ~~~~~~~~~~~~~~~~~~~~~~~~~~~~^^^^^^^^^
  File "E:\github\wk_python\chaoxing_auto\course\chapter.py", line 133, in open_chapter
    self.page.get_by_text(title, exact=False).first.click()
    ~~~~~~~~~~~~~~~~~~~~~~~~~~~~~~~~~~~~~~~~~~~~~~~~~~~~~^^
  File "E:\github\wk_python\chaoxing_auto\.venv\Lib\site-packages\playwright\sync_api\_generated.py", line 17672, in click
    self._sync(
    ~~~~~~~~~~^
        self._impl_obj.click(
        ^^^^^^^^^^^^^^^^^^^^^
    ...<10 lines>...
        )
        ^
    )
    ^
  File "E:\github\wk_python\chaoxing_auto\.venv\Lib\site-packages\playwright\_impl\_sync_base.py", line 115, in _sync
    return task.result()
           ~~~~~~~~~~~^^
  File "E:\github\wk_python\chaoxing_auto\.venv\Lib\site-packages\playwright\_impl\_locator.py", line 163, in click
    return await self._frame._click(self._selector, strict=True, **params)
           ^^^^^^^^^^^^^^^^^^^^^^^^^^^^^^^^^^^^^^^^^^^^^^^^^^^^^^^^^^^^^^^
  File "E:\github\wk_python\chaoxing_auto\.venv\Lib\site-packages\playwright\_impl\_frame.py", line 591, in _click
    await self._channel.send("click", self._timeout, locals_to_params(locals()))
  File "E:\github\wk_python\chaoxing_auto\.venv\Lib\site-packages\playwright\_impl\_connection.py", line 69, in send
    return await self._connection.wrap_api_call(
           ^^^^^^^^^^^^^^^^^^^^^^^^^^^^^^^^^^^^^
    ...<3 lines>...
    )
    ^
  File "E:\github\wk_python\chaoxing_auto\.venv\Lib\site-packages\playwright\_impl\_connection.py", line 563, in wrap_api_call
    raise rewrite_error(error, f"{parsed_st['apiName']}: {error}") from None
playwright._impl._errors.TargetClosedError: Locator.click: Target page, context or browser has been closed
2026-07-08 16:33:08 INFO 开始学习章节 [44/74]: 第8章 第八章 商业模式设计——如何落地你的创业项目？
2026-07-08 16:33:08 INFO 打开章节: 第8章 第八章 商业模式设计——如何落地你的创业项目？
2026-07-08 16:33:08 ERROR 保存截图失败: Page.screenshot: Target page, context or browser has been closed
Traceback (most recent call last):
  File "E:\github\wk_python\chaoxing_auto\utils\helper.py", line 63, in save_screenshot
    page.screenshot(path=str(path), full_page=True)
    ~~~~~~~~~~~~~~~^^^^^^^^^^^^^^^^^^^^^^^^^^^^^^^^
  File "E:\github\wk_python\chaoxing_auto\.venv\Lib\site-packages\playwright\sync_api\_generated.py", line 10754, in screenshot
    self._sync(
    ~~~~~~~~~~^
        self._impl_obj.screenshot(
        ^^^^^^^^^^^^^^^^^^^^^^^^^^
    ...<13 lines>...
        )
        ^
    )
    ^
  File "E:\github\wk_python\chaoxing_auto\.venv\Lib\site-packages\playwright\_impl\_sync_base.py", line 115, in _sync
    return task.result()
           ~~~~~~~~~~~^^
  File "E:\github\wk_python\chaoxing_auto\.venv\Lib\site-packages\playwright\_impl\_page.py", line 828, in screenshot
    encoded_binary = await self._channel.send(
                     ^^^^^^^^^^^^^^^^^^^^^^^^^
        "screenshot", self._timeout_settings.timeout, params
        ^^^^^^^^^^^^^^^^^^^^^^^^^^^^^^^^^^^^^^^^^^^^^^^^^^^^
    )
    ^
  File "E:\github\wk_python\chaoxing_auto\.venv\Lib\site-packages\playwright\_impl\_connection.py", line 69, in send
    return await self._connection.wrap_api_call(
           ^^^^^^^^^^^^^^^^^^^^^^^^^^^^^^^^^^^^^
    ...<3 lines>...
    )
    ^
  File "E:\github\wk_python\chaoxing_auto\.venv\Lib\site-packages\playwright\_impl\_connection.py", line 563, in wrap_api_call
    raise rewrite_error(error, f"{parsed_st['apiName']}: {error}") from None
playwright._impl._errors.TargetClosedError: Page.screenshot: Target page, context or browser has been closed
2026-07-08 16:33:08 ERROR 打开章节失败: Locator.click: Target page, context or browser has been closed
Traceback (most recent call last):
  File "E:\github\wk_python\chaoxing_auto\course\chapter.py", line 133, in open_chapter
    self.page.get_by_text(title, exact=False).first.click()
    ~~~~~~~~~~~~~~~~~~~~~~~~~~~~~~~~~~~~~~~~~~~~~~~~~~~~~^^
  File "E:\github\wk_python\chaoxing_auto\.venv\Lib\site-packages\playwright\sync_api\_generated.py", line 17672, in click
    self._sync(
    ~~~~~~~~~~^
        self._impl_obj.click(
        ^^^^^^^^^^^^^^^^^^^^^
    ...<10 lines>...
        )
        ^
    )
    ^
  File "E:\github\wk_python\chaoxing_auto\.venv\Lib\site-packages\playwright\_impl\_sync_base.py", line 115, in _sync
    return task.result()
           ~~~~~~~~~~~^^
  File "E:\github\wk_python\chaoxing_auto\.venv\Lib\site-packages\playwright\_impl\_locator.py", line 163, in click
    return await self._frame._click(self._selector, strict=True, **params)
           ^^^^^^^^^^^^^^^^^^^^^^^^^^^^^^^^^^^^^^^^^^^^^^^^^^^^^^^^^^^^^^^
  File "E:\github\wk_python\chaoxing_auto\.venv\Lib\site-packages\playwright\_impl\_frame.py", line 591, in _click
    await self._channel.send("click", self._timeout, locals_to_params(locals()))
  File "E:\github\wk_python\chaoxing_auto\.venv\Lib\site-packages\playwright\_impl\_connection.py", line 69, in send
    return await self._connection.wrap_api_call(
           ^^^^^^^^^^^^^^^^^^^^^^^^^^^^^^^^^^^^^
    ...<3 lines>...
    )
    ^
  File "E:\github\wk_python\chaoxing_auto\.venv\Lib\site-packages\playwright\_impl\_connection.py", line 563, in wrap_api_call
    raise rewrite_error(error, f"{parsed_st['apiName']}: {error}") from None
playwright._impl._errors.TargetClosedError: Locator.click: Target page, context or browser has been closed
2026-07-08 16:33:08 ERROR 保存截图失败: Page.screenshot: Target page, context or browser has been closed
Traceback (most recent call last):
  File "E:\github\wk_python\chaoxing_auto\utils\helper.py", line 63, in save_screenshot
    page.screenshot(path=str(path), full_page=True)
    ~~~~~~~~~~~~~~~^^^^^^^^^^^^^^^^^^^^^^^^^^^^^^^^
  File "E:\github\wk_python\chaoxing_auto\.venv\Lib\site-packages\playwright\sync_api\_generated.py", line 10754, in screenshot
    self._sync(
    ~~~~~~~~~~^
        self._impl_obj.screenshot(
        ^^^^^^^^^^^^^^^^^^^^^^^^^^
    ...<13 lines>...
        )
        ^
    )
    ^
  File "E:\github\wk_python\chaoxing_auto\.venv\Lib\site-packages\playwright\_impl\_sync_base.py", line 115, in _sync
    return task.result()
           ~~~~~~~~~~~^^
  File "E:\github\wk_python\chaoxing_auto\.venv\Lib\site-packages\playwright\_impl\_page.py", line 828, in screenshot
    encoded_binary = await self._channel.send(
                     ^^^^^^^^^^^^^^^^^^^^^^^^^
        "screenshot", self._timeout_settings.timeout, params
        ^^^^^^^^^^^^^^^^^^^^^^^^^^^^^^^^^^^^^^^^^^^^^^^^^^^^
    )
    ^
  File "E:\github\wk_python\chaoxing_auto\.venv\Lib\site-packages\playwright\_impl\_connection.py", line 69, in send
    return await self._connection.wrap_api_call(
           ^^^^^^^^^^^^^^^^^^^^^^^^^^^^^^^^^^^^^
    ...<3 lines>...
    )
    ^
  File "E:\github\wk_python\chaoxing_auto\.venv\Lib\site-packages\playwright\_impl\_connection.py", line 563, in wrap_api_call
    raise rewrite_error(error, f"{parsed_st['apiName']}: {error}") from None
playwright._impl._errors.TargetClosedError: Page.screenshot: Target page, context or browser has been closed
2026-07-08 16:33:08 ERROR 章节处理失败，继续下一章节: 第8章 第八章 商业模式设计——如何落地你的创业项目？，错误: Locator.click: Target page, context or browser has been closed
Traceback (most recent call last):
  File "E:\github\wk_python\chaoxing_auto\main.py", line 326, in _learn_open_course
    chapter_manager.open_chapter(chapter)
    ~~~~~~~~~~~~~~~~~~~~~~~~~~~~^^^^^^^^^
  File "E:\github\wk_python\chaoxing_auto\course\chapter.py", line 133, in open_chapter
    self.page.get_by_text(title, exact=False).first.click()
    ~~~~~~~~~~~~~~~~~~~~~~~~~~~~~~~~~~~~~~~~~~~~~~~~~~~~~^^
  File "E:\github\wk_python\chaoxing_auto\.venv\Lib\site-packages\playwright\sync_api\_generated.py", line 17672, in click
    self._sync(
    ~~~~~~~~~~^
        self._impl_obj.click(
        ^^^^^^^^^^^^^^^^^^^^^
    ...<10 lines>...
        )
        ^
    )
    ^
  File "E:\github\wk_python\chaoxing_auto\.venv\Lib\site-packages\playwright\_impl\_sync_base.py", line 115, in _sync
    return task.result()
           ~~~~~~~~~~~^^
  File "E:\github\wk_python\chaoxing_auto\.venv\Lib\site-packages\playwright\_impl\_locator.py", line 163, in click
    return await self._frame._click(self._selector, strict=True, **params)
           ^^^^^^^^^^^^^^^^^^^^^^^^^^^^^^^^^^^^^^^^^^^^^^^^^^^^^^^^^^^^^^^
  File "E:\github\wk_python\chaoxing_auto\.venv\Lib\site-packages\playwright\_impl\_frame.py", line 591, in _click
    await self._channel.send("click", self._timeout, locals_to_params(locals()))
  File "E:\github\wk_python\chaoxing_auto\.venv\Lib\site-packages\playwright\_impl\_connection.py", line 69, in send
    return await self._connection.wrap_api_call(
           ^^^^^^^^^^^^^^^^^^^^^^^^^^^^^^^^^^^^^
    ...<3 lines>...
    )
    ^
  File "E:\github\wk_python\chaoxing_auto\.venv\Lib\site-packages\playwright\_impl\_connection.py", line 563, in wrap_api_call
    raise rewrite_error(error, f"{parsed_st['apiName']}: {error}") from None
playwright._impl._errors.TargetClosedError: Locator.click: Target page, context or browser has been closed
2026-07-08 16:33:08 INFO 开始学习章节 [45/74]: 第9章 第九章 创业项目路演与融资——如何打动你的投资人？
2026-07-08 16:33:08 INFO 打开章节: 第9章 第九章 创业项目路演与融资——如何打动你的投资人？
2026-07-08 16:33:08 ERROR 保存截图失败: Page.screenshot: Target page, context or browser has been closed
Traceback (most recent call last):
  File "E:\github\wk_python\chaoxing_auto\utils\helper.py", line 63, in save_screenshot
    page.screenshot(path=str(path), full_page=True)
    ~~~~~~~~~~~~~~~^^^^^^^^^^^^^^^^^^^^^^^^^^^^^^^^
  File "E:\github\wk_python\chaoxing_auto\.venv\Lib\site-packages\playwright\sync_api\_generated.py", line 10754, in screenshot
    self._sync(
    ~~~~~~~~~~^
        self._impl_obj.screenshot(
        ^^^^^^^^^^^^^^^^^^^^^^^^^^
    ...<13 lines>...
        )
        ^
    )
    ^
  File "E:\github\wk_python\chaoxing_auto\.venv\Lib\site-packages\playwright\_impl\_sync_base.py", line 115, in _sync
    return task.result()
           ~~~~~~~~~~~^^
  File "E:\github\wk_python\chaoxing_auto\.venv\Lib\site-packages\playwright\_impl\_page.py", line 828, in screenshot
    encoded_binary = await self._channel.send(
                     ^^^^^^^^^^^^^^^^^^^^^^^^^
        "screenshot", self._timeout_settings.timeout, params
        ^^^^^^^^^^^^^^^^^^^^^^^^^^^^^^^^^^^^^^^^^^^^^^^^^^^^
    )
    ^
  File "E:\github\wk_python\chaoxing_auto\.venv\Lib\site-packages\playwright\_impl\_connection.py", line 69, in send
    return await self._connection.wrap_api_call(
           ^^^^^^^^^^^^^^^^^^^^^^^^^^^^^^^^^^^^^
    ...<3 lines>...
    )
    ^
  File "E:\github\wk_python\chaoxing_auto\.venv\Lib\site-packages\playwright\_impl\_connection.py", line 563, in wrap_api_call
    raise rewrite_error(error, f"{parsed_st['apiName']}: {error}") from None
playwright._impl._errors.TargetClosedError: Page.screenshot: Target page, context or browser has been closed
2026-07-08 16:33:08 ERROR 打开章节失败: Locator.click: Target page, context or browser has been closed
Traceback (most recent call last):
  File "E:\github\wk_python\chaoxing_auto\course\chapter.py", line 133, in open_chapter
    self.page.get_by_text(title, exact=False).first.click()
    ~~~~~~~~~~~~~~~~~~~~~~~~~~~~~~~~~~~~~~~~~~~~~~~~~~~~~^^
  File "E:\github\wk_python\chaoxing_auto\.venv\Lib\site-packages\playwright\sync_api\_generated.py", line 17672, in click
    self._sync(
    ~~~~~~~~~~^
        self._impl_obj.click(
        ^^^^^^^^^^^^^^^^^^^^^
    ...<10 lines>...
        )
        ^
    )
    ^
  File "E:\github\wk_python\chaoxing_auto\.venv\Lib\site-packages\playwright\_impl\_sync_base.py", line 115, in _sync
    return task.result()
           ~~~~~~~~~~~^^
  File "E:\github\wk_python\chaoxing_auto\.venv\Lib\site-packages\playwright\_impl\_locator.py", line 163, in click
    return await self._frame._click(self._selector, strict=True, **params)
           ^^^^^^^^^^^^^^^^^^^^^^^^^^^^^^^^^^^^^^^^^^^^^^^^^^^^^^^^^^^^^^^
  File "E:\github\wk_python\chaoxing_auto\.venv\Lib\site-packages\playwright\_impl\_frame.py", line 591, in _click
    await self._channel.send("click", self._timeout, locals_to_params(locals()))
  File "E:\github\wk_python\chaoxing_auto\.venv\Lib\site-packages\playwright\_impl\_connection.py", line 69, in send
    return await self._connection.wrap_api_call(
           ^^^^^^^^^^^^^^^^^^^^^^^^^^^^^^^^^^^^^
    ...<3 lines>...
    )
    ^
  File "E:\github\wk_python\chaoxing_auto\.venv\Lib\site-packages\playwright\_impl\_connection.py", line 563, in wrap_api_call
    raise rewrite_error(error, f"{parsed_st['apiName']}: {error}") from None
playwright._impl._errors.TargetClosedError: Locator.click: Target page, context or browser has been closed
2026-07-08 16:33:08 ERROR 保存截图失败: Page.screenshot: Target page, context or browser has been closed
Traceback (most recent call last):
  File "E:\github\wk_python\chaoxing_auto\utils\helper.py", line 63, in save_screenshot
    page.screenshot(path=str(path), full_page=True)
    ~~~~~~~~~~~~~~~^^^^^^^^^^^^^^^^^^^^^^^^^^^^^^^^
  File "E:\github\wk_python\chaoxing_auto\.venv\Lib\site-packages\playwright\sync_api\_generated.py", line 10754, in screenshot
    self._sync(
    ~~~~~~~~~~^
        self._impl_obj.screenshot(
        ^^^^^^^^^^^^^^^^^^^^^^^^^^
    ...<13 lines>...
        )
        ^
    )
    ^
  File "E:\github\wk_python\chaoxing_auto\.venv\Lib\site-packages\playwright\_impl\_sync_base.py", line 115, in _sync
    return task.result()
           ~~~~~~~~~~~^^
  File "E:\github\wk_python\chaoxing_auto\.venv\Lib\site-packages\playwright\_impl\_page.py", line 828, in screenshot
    encoded_binary = await self._channel.send(
                     ^^^^^^^^^^^^^^^^^^^^^^^^^
        "screenshot", self._timeout_settings.timeout, params
        ^^^^^^^^^^^^^^^^^^^^^^^^^^^^^^^^^^^^^^^^^^^^^^^^^^^^
    )
    ^
  File "E:\github\wk_python\chaoxing_auto\.venv\Lib\site-packages\playwright\_impl\_connection.py", line 69, in send
    return await self._connection.wrap_api_call(
           ^^^^^^^^^^^^^^^^^^^^^^^^^^^^^^^^^^^^^
    ...<3 lines>...
    )
    ^
  File "E:\github\wk_python\chaoxing_auto\.venv\Lib\site-packages\playwright\_impl\_connection.py", line 563, in wrap_api_call
    raise rewrite_error(error, f"{parsed_st['apiName']}: {error}") from None
playwright._impl._errors.TargetClosedError: Page.screenshot: Target page, context or browser has been closed
2026-07-08 16:33:08 ERROR 章节处理失败，继续下一章节: 第9章 第九章 创业项目路演与融资——如何打动你的投资人？，错误: Locator.click: Target page, context or browser has been closed
Traceback (most recent call last):
  File "E:\github\wk_python\chaoxing_auto\main.py", line 326, in _learn_open_course
    chapter_manager.open_chapter(chapter)
    ~~~~~~~~~~~~~~~~~~~~~~~~~~~~^^^^^^^^^
  File "E:\github\wk_python\chaoxing_auto\course\chapter.py", line 133, in open_chapter
    self.page.get_by_text(title, exact=False).first.click()
    ~~~~~~~~~~~~~~~~~~~~~~~~~~~~~~~~~~~~~~~~~~~~~~~~~~~~~^^
  File "E:\github\wk_python\chaoxing_auto\.venv\Lib\site-packages\playwright\sync_api\_generated.py", line 17672, in click
    self._sync(
    ~~~~~~~~~~^
        self._impl_obj.click(
        ^^^^^^^^^^^^^^^^^^^^^
    ...<10 lines>...
        )
        ^
    )
    ^
  File "E:\github\wk_python\chaoxing_auto\.venv\Lib\site-packages\playwright\_impl\_sync_base.py", line 115, in _sync
    return task.result()
           ~~~~~~~~~~~^^
  File "E:\github\wk_python\chaoxing_auto\.venv\Lib\site-packages\playwright\_impl\_locator.py", line 163, in click
    return await self._frame._click(self._selector, strict=True, **params)
           ^^^^^^^^^^^^^^^^^^^^^^^^^^^^^^^^^^^^^^^^^^^^^^^^^^^^^^^^^^^^^^^
  File "E:\github\wk_python\chaoxing_auto\.venv\Lib\site-packages\playwright\_impl\_frame.py", line 591, in _click
    await self._channel.send("click", self._timeout, locals_to_params(locals()))
  File "E:\github\wk_python\chaoxing_auto\.venv\Lib\site-packages\playwright\_impl\_connection.py", line 69, in send
    return await self._connection.wrap_api_call(
           ^^^^^^^^^^^^^^^^^^^^^^^^^^^^^^^^^^^^^
    ...<3 lines>...
    )
    ^
  File "E:\github\wk_python\chaoxing_auto\.venv\Lib\site-packages\playwright\_impl\_connection.py", line 563, in wrap_api_call
    raise rewrite_error(error, f"{parsed_st['apiName']}: {error}") from None
playwright._impl._errors.TargetClosedError: Locator.click: Target page, context or browser has been closed
2026-07-08 16:33:08 INFO 开始学习章节 [46/74]: 第10章 第十章 创新创业大赛参与——如何在大赛舞台展示自己？
2026-07-08 16:33:08 INFO 打开章节: 第10章 第十章 创新创业大赛参与——如何在大赛舞台展示自己？
2026-07-08 16:33:08 ERROR 保存截图失败: Page.screenshot: Target page, context or browser has been closed
Traceback (most recent call last):
  File "E:\github\wk_python\chaoxing_auto\utils\helper.py", line 63, in save_screenshot
    page.screenshot(path=str(path), full_page=True)
    ~~~~~~~~~~~~~~~^^^^^^^^^^^^^^^^^^^^^^^^^^^^^^^^
  File "E:\github\wk_python\chaoxing_auto\.venv\Lib\site-packages\playwright\sync_api\_generated.py", line 10754, in screenshot
    self._sync(
    ~~~~~~~~~~^
        self._impl_obj.screenshot(
        ^^^^^^^^^^^^^^^^^^^^^^^^^^
    ...<13 lines>...
        )
        ^
    )
    ^
  File "E:\github\wk_python\chaoxing_auto\.venv\Lib\site-packages\playwright\_impl\_sync_base.py", line 115, in _sync
    return task.result()
           ~~~~~~~~~~~^^
  File "E:\github\wk_python\chaoxing_auto\.venv\Lib\site-packages\playwright\_impl\_page.py", line 828, in screenshot
    encoded_binary = await self._channel.send(
                     ^^^^^^^^^^^^^^^^^^^^^^^^^
        "screenshot", self._timeout_settings.timeout, params
        ^^^^^^^^^^^^^^^^^^^^^^^^^^^^^^^^^^^^^^^^^^^^^^^^^^^^
    )
    ^
  File "E:\github\wk_python\chaoxing_auto\.venv\Lib\site-packages\playwright\_impl\_connection.py", line 69, in send
    return await self._connection.wrap_api_call(
           ^^^^^^^^^^^^^^^^^^^^^^^^^^^^^^^^^^^^^
    ...<3 lines>...
    )
    ^
  File "E:\github\wk_python\chaoxing_auto\.venv\Lib\site-packages\playwright\_impl\_connection.py", line 563, in wrap_api_call
    raise rewrite_error(error, f"{parsed_st['apiName']}: {error}") from None
playwright._impl._errors.TargetClosedError: Page.screenshot: Target page, context or browser has been closed
2026-07-08 16:33:08 ERROR 打开章节失败: Locator.click: Target page, context or browser has been closed
Traceback (most recent call last):
  File "E:\github\wk_python\chaoxing_auto\course\chapter.py", line 133, in open_chapter
    self.page.get_by_text(title, exact=False).first.click()
    ~~~~~~~~~~~~~~~~~~~~~~~~~~~~~~~~~~~~~~~~~~~~~~~~~~~~~^^
  File "E:\github\wk_python\chaoxing_auto\.venv\Lib\site-packages\playwright\sync_api\_generated.py", line 17672, in click
    self._sync(
    ~~~~~~~~~~^
        self._impl_obj.click(
        ^^^^^^^^^^^^^^^^^^^^^
    ...<10 lines>...
        )
        ^
    )
    ^
  File "E:\github\wk_python\chaoxing_auto\.venv\Lib\site-packages\playwright\_impl\_sync_base.py", line 115, in _sync
    return task.result()
           ~~~~~~~~~~~^^
  File "E:\github\wk_python\chaoxing_auto\.venv\Lib\site-packages\playwright\_impl\_locator.py", line 163, in click
    return await self._frame._click(self._selector, strict=True, **params)
           ^^^^^^^^^^^^^^^^^^^^^^^^^^^^^^^^^^^^^^^^^^^^^^^^^^^^^^^^^^^^^^^
  File "E:\github\wk_python\chaoxing_auto\.venv\Lib\site-packages\playwright\_impl\_frame.py", line 591, in _click
    await self._channel.send("click", self._timeout, locals_to_params(locals()))
  File "E:\github\wk_python\chaoxing_auto\.venv\Lib\site-packages\playwright\_impl\_connection.py", line 69, in send
    return await self._connection.wrap_api_call(
           ^^^^^^^^^^^^^^^^^^^^^^^^^^^^^^^^^^^^^
    ...<3 lines>...
    )
    ^
  File "E:\github\wk_python\chaoxing_auto\.venv\Lib\site-packages\playwright\_impl\_connection.py", line 563, in wrap_api_call
    raise rewrite_error(error, f"{parsed_st['apiName']}: {error}") from None
playwright._impl._errors.TargetClosedError: Locator.click: Target page, context or browser has been closed
2026-07-08 16:33:08 ERROR 保存截图失败: Page.screenshot: Target page, context or browser has been closed
Traceback (most recent call last):
  File "E:\github\wk_python\chaoxing_auto\utils\helper.py", line 63, in save_screenshot
    page.screenshot(path=str(path), full_page=True)
    ~~~~~~~~~~~~~~~^^^^^^^^^^^^^^^^^^^^^^^^^^^^^^^^
  File "E:\github\wk_python\chaoxing_auto\.venv\Lib\site-packages\playwright\sync_api\_generated.py", line 10754, in screenshot
    self._sync(
    ~~~~~~~~~~^
        self._impl_obj.screenshot(
        ^^^^^^^^^^^^^^^^^^^^^^^^^^
    ...<13 lines>...
        )
        ^
    )
    ^
  File "E:\github\wk_python\chaoxing_auto\.venv\Lib\site-packages\playwright\_impl\_sync_base.py", line 115, in _sync
    return task.result()
           ~~~~~~~~~~~^^
  File "E:\github\wk_python\chaoxing_auto\.venv\Lib\site-packages\playwright\_impl\_page.py", line 828, in screenshot
    encoded_binary = await self._channel.send(
                     ^^^^^^^^^^^^^^^^^^^^^^^^^
        "screenshot", self._timeout_settings.timeout, params
        ^^^^^^^^^^^^^^^^^^^^^^^^^^^^^^^^^^^^^^^^^^^^^^^^^^^^
    )
    ^
  File "E:\github\wk_python\chaoxing_auto\.venv\Lib\site-packages\playwright\_impl\_connection.py", line 69, in send
    return await self._connection.wrap_api_call(
           ^^^^^^^^^^^^^^^^^^^^^^^^^^^^^^^^^^^^^
    ...<3 lines>...
    )
    ^
  File "E:\github\wk_python\chaoxing_auto\.venv\Lib\site-packages\playwright\_impl\_connection.py", line 563, in wrap_api_call
    raise rewrite_error(error, f"{parsed_st['apiName']}: {error}") from None
playwright._impl._errors.TargetClosedError: Page.screenshot: Target page, context or browser has been closed
2026-07-08 16:33:08 ERROR 章节处理失败，继续下一章节: 第10章 第十章 创新创业大赛参与——如何在大赛舞台展示自己？，错误: Locator.click: Target page, context or browser has been closed
Traceback (most recent call last):
  File "E:\github\wk_python\chaoxing_auto\main.py", line 326, in _learn_open_course
    chapter_manager.open_chapter(chapter)
    ~~~~~~~~~~~~~~~~~~~~~~~~~~~~^^^^^^^^^
  File "E:\github\wk_python\chaoxing_auto\course\chapter.py", line 133, in open_chapter
    self.page.get_by_text(title, exact=False).first.click()
    ~~~~~~~~~~~~~~~~~~~~~~~~~~~~~~~~~~~~~~~~~~~~~~~~~~~~~^^
  File "E:\github\wk_python\chaoxing_auto\.venv\Lib\site-packages\playwright\sync_api\_generated.py", line 17672, in click
    self._sync(
    ~~~~~~~~~~^
        self._impl_obj.click(
        ^^^^^^^^^^^^^^^^^^^^^
    ...<10 lines>...
        )
        ^
    )
    ^
  File "E:\github\wk_python\chaoxing_auto\.venv\Lib\site-packages\playwright\_impl\_sync_base.py", line 115, in _sync
    return task.result()
           ~~~~~~~~~~~^^
  File "E:\github\wk_python\chaoxing_auto\.venv\Lib\site-packages\playwright\_impl\_locator.py", line 163, in click
    return await self._frame._click(self._selector, strict=True, **params)
           ^^^^^^^^^^^^^^^^^^^^^^^^^^^^^^^^^^^^^^^^^^^^^^^^^^^^^^^^^^^^^^^
  File "E:\github\wk_python\chaoxing_auto\.venv\Lib\site-packages\playwright\_impl\_frame.py", line 591, in _click
    await self._channel.send("click", self._timeout, locals_to_params(locals()))
  File "E:\github\wk_python\chaoxing_auto\.venv\Lib\site-packages\playwright\_impl\_connection.py", line 69, in send
    return await self._connection.wrap_api_call(
           ^^^^^^^^^^^^^^^^^^^^^^^^^^^^^^^^^^^^^
    ...<3 lines>...
    )
    ^
  File "E:\github\wk_python\chaoxing_auto\.venv\Lib\site-packages\playwright\_impl\_connection.py", line 563, in wrap_api_call
    raise rewrite_error(error, f"{parsed_st['apiName']}: {error}") from None
playwright._impl._errors.TargetClosedError: Locator.click: Target page, context or browser has been closed
2026-07-08 16:33:08 INFO 开始学习章节 [47/74]: 第11章 第十一章 新企业的创办与管理——如何创办企业并运营管理？
2026-07-08 16:33:08 INFO 打开章节: 第11章 第十一章 新企业的创办与管理——如何创办企业并运营管理？
2026-07-08 16:33:08 ERROR 保存截图失败: Page.screenshot: Target page, context or browser has been closed
Traceback (most recent call last):
  File "E:\github\wk_python\chaoxing_auto\utils\helper.py", line 63, in save_screenshot
    page.screenshot(path=str(path), full_page=True)
    ~~~~~~~~~~~~~~~^^^^^^^^^^^^^^^^^^^^^^^^^^^^^^^^
  File "E:\github\wk_python\chaoxing_auto\.venv\Lib\site-packages\playwright\sync_api\_generated.py", line 10754, in screenshot
    self._sync(
    ~~~~~~~~~~^
        self._impl_obj.screenshot(
        ^^^^^^^^^^^^^^^^^^^^^^^^^^
    ...<13 lines>...
        )
        ^
    )
    ^
  File "E:\github\wk_python\chaoxing_auto\.venv\Lib\site-packages\playwright\_impl\_sync_base.py", line 115, in _sync
    return task.result()
           ~~~~~~~~~~~^^
  File "E:\github\wk_python\chaoxing_auto\.venv\Lib\site-packages\playwright\_impl\_page.py", line 828, in screenshot
    encoded_binary = await self._channel.send(
                     ^^^^^^^^^^^^^^^^^^^^^^^^^
        "screenshot", self._timeout_settings.timeout, params
        ^^^^^^^^^^^^^^^^^^^^^^^^^^^^^^^^^^^^^^^^^^^^^^^^^^^^
    )
    ^
  File "E:\github\wk_python\chaoxing_auto\.venv\Lib\site-packages\playwright\_impl\_connection.py", line 69, in send
    return await self._connection.wrap_api_call(
           ^^^^^^^^^^^^^^^^^^^^^^^^^^^^^^^^^^^^^
    ...<3 lines>...
    )
    ^
  File "E:\github\wk_python\chaoxing_auto\.venv\Lib\site-packages\playwright\_impl\_connection.py", line 563, in wrap_api_call
    raise rewrite_error(error, f"{parsed_st['apiName']}: {error}") from None
playwright._impl._errors.TargetClosedError: Page.screenshot: Target page, context or browser has been closed
2026-07-08 16:33:08 ERROR 打开章节失败: Locator.click: Target page, context or browser has been closed
Traceback (most recent call last):
  File "E:\github\wk_python\chaoxing_auto\course\chapter.py", line 133, in open_chapter
    self.page.get_by_text(title, exact=False).first.click()
    ~~~~~~~~~~~~~~~~~~~~~~~~~~~~~~~~~~~~~~~~~~~~~~~~~~~~~^^
  File "E:\github\wk_python\chaoxing_auto\.venv\Lib\site-packages\playwright\sync_api\_generated.py", line 17672, in click
    self._sync(
    ~~~~~~~~~~^
        self._impl_obj.click(
        ^^^^^^^^^^^^^^^^^^^^^
    ...<10 lines>...
        )
        ^
    )
    ^
  File "E:\github\wk_python\chaoxing_auto\.venv\Lib\site-packages\playwright\_impl\_sync_base.py", line 115, in _sync
    return task.result()
           ~~~~~~~~~~~^^
  File "E:\github\wk_python\chaoxing_auto\.venv\Lib\site-packages\playwright\_impl\_locator.py", line 163, in click
    return await self._frame._click(self._selector, strict=True, **params)
           ^^^^^^^^^^^^^^^^^^^^^^^^^^^^^^^^^^^^^^^^^^^^^^^^^^^^^^^^^^^^^^^
  File "E:\github\wk_python\chaoxing_auto\.venv\Lib\site-packages\playwright\_impl\_frame.py", line 591, in _click
    await self._channel.send("click", self._timeout, locals_to_params(locals()))
  File "E:\github\wk_python\chaoxing_auto\.venv\Lib\site-packages\playwright\_impl\_connection.py", line 69, in send
    return await self._connection.wrap_api_call(
           ^^^^^^^^^^^^^^^^^^^^^^^^^^^^^^^^^^^^^
    ...<3 lines>...
    )
    ^
  File "E:\github\wk_python\chaoxing_auto\.venv\Lib\site-packages\playwright\_impl\_connection.py", line 563, in wrap_api_call
    raise rewrite_error(error, f"{parsed_st['apiName']}: {error}") from None
playwright._impl._errors.TargetClosedError: Locator.click: Target page, context or browser has been closed
2026-07-08 16:33:08 ERROR 保存截图失败: Page.screenshot: Target page, context or browser has been closed
Traceback (most recent call last):
  File "E:\github\wk_python\chaoxing_auto\utils\helper.py", line 63, in save_screenshot
    page.screenshot(path=str(path), full_page=True)
    ~~~~~~~~~~~~~~~^^^^^^^^^^^^^^^^^^^^^^^^^^^^^^^^
  File "E:\github\wk_python\chaoxing_auto\.venv\Lib\site-packages\playwright\sync_api\_generated.py", line 10754, in screenshot
    self._sync(
    ~~~~~~~~~~^
        self._impl_obj.screenshot(
        ^^^^^^^^^^^^^^^^^^^^^^^^^^
    ...<13 lines>...
        )
        ^
    )
    ^
  File "E:\github\wk_python\chaoxing_auto\.venv\Lib\site-packages\playwright\_impl\_sync_base.py", line 115, in _sync
    return task.result()
           ~~~~~~~~~~~^^
  File "E:\github\wk_python\chaoxing_auto\.venv\Lib\site-packages\playwright\_impl\_page.py", line 828, in screenshot
    encoded_binary = await self._channel.send(
                     ^^^^^^^^^^^^^^^^^^^^^^^^^
        "screenshot", self._timeout_settings.timeout, params
        ^^^^^^^^^^^^^^^^^^^^^^^^^^^^^^^^^^^^^^^^^^^^^^^^^^^^
    )
    ^
  File "E:\github\wk_python\chaoxing_auto\.venv\Lib\site-packages\playwright\_impl\_connection.py", line 69, in send
    return await self._connection.wrap_api_call(
           ^^^^^^^^^^^^^^^^^^^^^^^^^^^^^^^^^^^^^
    ...<3 lines>...
    )
    ^
  File "E:\github\wk_python\chaoxing_auto\.venv\Lib\site-packages\playwright\_impl\_connection.py", line 563, in wrap_api_call
    raise rewrite_error(error, f"{parsed_st['apiName']}: {error}") from None
playwright._impl._errors.TargetClosedError: Page.screenshot: Target page, context or browser has been closed
2026-07-08 16:33:08 ERROR 章节处理失败，继续下一章节: 第11章 第十一章 新企业的创办与管理——如何创办企业并运营管理？，错误: Locator.click: Target page, context or browser has been closed
Traceback (most recent call last):
  File "E:\github\wk_python\chaoxing_auto\main.py", line 326, in _learn_open_course
    chapter_manager.open_chapter(chapter)
    ~~~~~~~~~~~~~~~~~~~~~~~~~~~~^^^^^^^^^
  File "E:\github\wk_python\chaoxing_auto\course\chapter.py", line 133, in open_chapter
    self.page.get_by_text(title, exact=False).first.click()
    ~~~~~~~~~~~~~~~~~~~~~~~~~~~~~~~~~~~~~~~~~~~~~~~~~~~~~^^
  File "E:\github\wk_python\chaoxing_auto\.venv\Lib\site-packages\playwright\sync_api\_generated.py", line 17672, in click
    self._sync(
    ~~~~~~~~~~^
        self._impl_obj.click(
        ^^^^^^^^^^^^^^^^^^^^^
    ...<10 lines>...
        )
        ^
    )
    ^
  File "E:\github\wk_python\chaoxing_auto\.venv\Lib\site-packages\playwright\_impl\_sync_base.py", line 115, in _sync
    return task.result()
           ~~~~~~~~~~~^^
  File "E:\github\wk_python\chaoxing_auto\.venv\Lib\site-packages\playwright\_impl\_locator.py", line 163, in click
    return await self._frame._click(self._selector, strict=True, **params)
           ^^^^^^^^^^^^^^^^^^^^^^^^^^^^^^^^^^^^^^^^^^^^^^^^^^^^^^^^^^^^^^^
  File "E:\github\wk_python\chaoxing_auto\.venv\Lib\site-packages\playwright\_impl\_frame.py", line 591, in _click
    await self._channel.send("click", self._timeout, locals_to_params(locals()))
  File "E:\github\wk_python\chaoxing_auto\.venv\Lib\site-packages\playwright\_impl\_connection.py", line 69, in send
    return await self._connection.wrap_api_call(
           ^^^^^^^^^^^^^^^^^^^^^^^^^^^^^^^^^^^^^
    ...<3 lines>...
    )
    ^
  File "E:\github\wk_python\chaoxing_auto\.venv\Lib\site-packages\playwright\_impl\_connection.py", line 563, in wrap_api_call
    raise rewrite_error(error, f"{parsed_st['apiName']}: {error}") from None
playwright._impl._errors.TargetClosedError: Locator.click: Target page, context or browser has been closed
2026-07-08 16:33:08 INFO 开始学习章节 [48/74]: 第12章 第十二章 创新创业孵化器进驻——哪里可以快速落地项目？
2026-07-08 16:33:08 INFO 打开章节: 第12章 第十二章 创新创业孵化器进驻——哪里可以快速落地项目？
2026-07-08 16:33:08 ERROR 保存截图失败: Page.screenshot: Target page, context or browser has been closed
Traceback (most recent call last):
  File "E:\github\wk_python\chaoxing_auto\utils\helper.py", line 63, in save_screenshot
    page.screenshot(path=str(path), full_page=True)
    ~~~~~~~~~~~~~~~^^^^^^^^^^^^^^^^^^^^^^^^^^^^^^^^
  File "E:\github\wk_python\chaoxing_auto\.venv\Lib\site-packages\playwright\sync_api\_generated.py", line 10754, in screenshot
    self._sync(
    ~~~~~~~~~~^
        self._impl_obj.screenshot(
        ^^^^^^^^^^^^^^^^^^^^^^^^^^
    ...<13 lines>...
        )
        ^
    )
    ^
  File "E:\github\wk_python\chaoxing_auto\.venv\Lib\site-packages\playwright\_impl\_sync_base.py", line 115, in _sync
    return task.result()
           ~~~~~~~~~~~^^
  File "E:\github\wk_python\chaoxing_auto\.venv\Lib\site-packages\playwright\_impl\_page.py", line 828, in screenshot
    encoded_binary = await self._channel.send(
                     ^^^^^^^^^^^^^^^^^^^^^^^^^
        "screenshot", self._timeout_settings.timeout, params
        ^^^^^^^^^^^^^^^^^^^^^^^^^^^^^^^^^^^^^^^^^^^^^^^^^^^^
    )
    ^
  File "E:\github\wk_python\chaoxing_auto\.venv\Lib\site-packages\playwright\_impl\_connection.py", line 69, in send
    return await self._connection.wrap_api_call(
           ^^^^^^^^^^^^^^^^^^^^^^^^^^^^^^^^^^^^^
    ...<3 lines>...
    )
    ^
  File "E:\github\wk_python\chaoxing_auto\.venv\Lib\site-packages\playwright\_impl\_connection.py", line 563, in wrap_api_call
    raise rewrite_error(error, f"{parsed_st['apiName']}: {error}") from None
playwright._impl._errors.TargetClosedError: Page.screenshot: Target page, context or browser has been closed
2026-07-08 16:33:08 ERROR 打开章节失败: Locator.click: Target page, context or browser has been closed
Traceback (most recent call last):
  File "E:\github\wk_python\chaoxing_auto\course\chapter.py", line 133, in open_chapter
    self.page.get_by_text(title, exact=False).first.click()
    ~~~~~~~~~~~~~~~~~~~~~~~~~~~~~~~~~~~~~~~~~~~~~~~~~~~~~^^
  File "E:\github\wk_python\chaoxing_auto\.venv\Lib\site-packages\playwright\sync_api\_generated.py", line 17672, in click
    self._sync(
    ~~~~~~~~~~^
        self._impl_obj.click(
        ^^^^^^^^^^^^^^^^^^^^^
    ...<10 lines>...
        )
        ^
    )
    ^
  File "E:\github\wk_python\chaoxing_auto\.venv\Lib\site-packages\playwright\_impl\_sync_base.py", line 115, in _sync
    return task.result()
           ~~~~~~~~~~~^^
  File "E:\github\wk_python\chaoxing_auto\.venv\Lib\site-packages\playwright\_impl\_locator.py", line 163, in click
    return await self._frame._click(self._selector, strict=True, **params)
           ^^^^^^^^^^^^^^^^^^^^^^^^^^^^^^^^^^^^^^^^^^^^^^^^^^^^^^^^^^^^^^^
  File "E:\github\wk_python\chaoxing_auto\.venv\Lib\site-packages\playwright\_impl\_frame.py", line 591, in _click
    await self._channel.send("click", self._timeout, locals_to_params(locals()))
  File "E:\github\wk_python\chaoxing_auto\.venv\Lib\site-packages\playwright\_impl\_connection.py", line 69, in send
    return await self._connection.wrap_api_call(
           ^^^^^^^^^^^^^^^^^^^^^^^^^^^^^^^^^^^^^
    ...<3 lines>...
    )
    ^
  File "E:\github\wk_python\chaoxing_auto\.venv\Lib\site-packages\playwright\_impl\_connection.py", line 563, in wrap_api_call
    raise rewrite_error(error, f"{parsed_st['apiName']}: {error}") from None
playwright._impl._errors.TargetClosedError: Locator.click: Target page, context or browser has been closed
2026-07-08 16:33:08 ERROR 保存截图失败: Page.screenshot: Target page, context or browser has been closed
Traceback (most recent call last):
  File "E:\github\wk_python\chaoxing_auto\utils\helper.py", line 63, in save_screenshot
    page.screenshot(path=str(path), full_page=True)
    ~~~~~~~~~~~~~~~^^^^^^^^^^^^^^^^^^^^^^^^^^^^^^^^
  File "E:\github\wk_python\chaoxing_auto\.venv\Lib\site-packages\playwright\sync_api\_generated.py", line 10754, in screenshot
    self._sync(
    ~~~~~~~~~~^
        self._impl_obj.screenshot(
        ^^^^^^^^^^^^^^^^^^^^^^^^^^
    ...<13 lines>...
        )
        ^
    )
    ^
  File "E:\github\wk_python\chaoxing_auto\.venv\Lib\site-packages\playwright\_impl\_sync_base.py", line 115, in _sync
    return task.result()
           ~~~~~~~~~~~^^
  File "E:\github\wk_python\chaoxing_auto\.venv\Lib\site-packages\playwright\_impl\_page.py", line 828, in screenshot
    encoded_binary = await self._channel.send(
                     ^^^^^^^^^^^^^^^^^^^^^^^^^
        "screenshot", self._timeout_settings.timeout, params
        ^^^^^^^^^^^^^^^^^^^^^^^^^^^^^^^^^^^^^^^^^^^^^^^^^^^^
    )
    ^
  File "E:\github\wk_python\chaoxing_auto\.venv\Lib\site-packages\playwright\_impl\_connection.py", line 69, in send
    return await self._connection.wrap_api_call(
           ^^^^^^^^^^^^^^^^^^^^^^^^^^^^^^^^^^^^^
    ...<3 lines>...
    )
    ^
  File "E:\github\wk_python\chaoxing_auto\.venv\Lib\site-packages\playwright\_impl\_connection.py", line 563, in wrap_api_call
    raise rewrite_error(error, f"{parsed_st['apiName']}: {error}") from None
playwright._impl._errors.TargetClosedError: Page.screenshot: Target page, context or browser has been closed
2026-07-08 16:33:08 ERROR 章节处理失败，继续下一章节: 第12章 第十二章 创新创业孵化器进驻——哪里可以快速落地项目？，错误: Locator.click: Target page, context or browser has been closed
Traceback (most recent call last):
  File "E:\github\wk_python\chaoxing_auto\main.py", line 326, in _learn_open_course
    chapter_manager.open_chapter(chapter)
    ~~~~~~~~~~~~~~~~~~~~~~~~~~~~^^^^^^^^^
  File "E:\github\wk_python\chaoxing_auto\course\chapter.py", line 133, in open_chapter
    self.page.get_by_text(title, exact=False).first.click()
    ~~~~~~~~~~~~~~~~~~~~~~~~~~~~~~~~~~~~~~~~~~~~~~~~~~~~~^^
  File "E:\github\wk_python\chaoxing_auto\.venv\Lib\site-packages\playwright\sync_api\_generated.py", line 17672, in click
    self._sync(
    ~~~~~~~~~~^
        self._impl_obj.click(
        ^^^^^^^^^^^^^^^^^^^^^
    ...<10 lines>...
        )
        ^
    )
    ^
  File "E:\github\wk_python\chaoxing_auto\.venv\Lib\site-packages\playwright\_impl\_sync_base.py", line 115, in _sync
    return task.result()
           ~~~~~~~~~~~^^
  File "E:\github\wk_python\chaoxing_auto\.venv\Lib\site-packages\playwright\_impl\_locator.py", line 163, in click
    return await self._frame._click(self._selector, strict=True, **params)
           ^^^^^^^^^^^^^^^^^^^^^^^^^^^^^^^^^^^^^^^^^^^^^^^^^^^^^^^^^^^^^^^
  File "E:\github\wk_python\chaoxing_auto\.venv\Lib\site-packages\playwright\_impl\_frame.py", line 591, in _click
    await self._channel.send("click", self._timeout, locals_to_params(locals()))
  File "E:\github\wk_python\chaoxing_auto\.venv\Lib\site-packages\playwright\_impl\_connection.py", line 69, in send
    return await self._connection.wrap_api_call(
           ^^^^^^^^^^^^^^^^^^^^^^^^^^^^^^^^^^^^^
    ...<3 lines>...
    )
    ^
  File "E:\github\wk_python\chaoxing_auto\.venv\Lib\site-packages\playwright\_impl\_connection.py", line 563, in wrap_api_call
    raise rewrite_error(error, f"{parsed_st['apiName']}: {error}") from None
playwright._impl._errors.TargetClosedError: Locator.click: Target page, context or browser has been closed
2026-07-08 16:33:08 INFO 开始学习章节 [49/74]: 1.1 课前导入
2026-07-08 16:33:08 INFO 打开章节: 1.1 课前导入
2026-07-08 16:33:08 ERROR 保存截图失败: Page.screenshot: Target page, context or browser has been closed
Traceback (most recent call last):
  File "E:\github\wk_python\chaoxing_auto\utils\helper.py", line 63, in save_screenshot
    page.screenshot(path=str(path), full_page=True)
    ~~~~~~~~~~~~~~~^^^^^^^^^^^^^^^^^^^^^^^^^^^^^^^^
  File "E:\github\wk_python\chaoxing_auto\.venv\Lib\site-packages\playwright\sync_api\_generated.py", line 10754, in screenshot
    self._sync(
    ~~~~~~~~~~^
        self._impl_obj.screenshot(
        ^^^^^^^^^^^^^^^^^^^^^^^^^^
    ...<13 lines>...
        )
        ^
    )
    ^
  File "E:\github\wk_python\chaoxing_auto\.venv\Lib\site-packages\playwright\_impl\_sync_base.py", line 115, in _sync
    return task.result()
           ~~~~~~~~~~~^^
  File "E:\github\wk_python\chaoxing_auto\.venv\Lib\site-packages\playwright\_impl\_page.py", line 828, in screenshot
    encoded_binary = await self._channel.send(
                     ^^^^^^^^^^^^^^^^^^^^^^^^^
        "screenshot", self._timeout_settings.timeout, params
        ^^^^^^^^^^^^^^^^^^^^^^^^^^^^^^^^^^^^^^^^^^^^^^^^^^^^
    )
    ^
  File "E:\github\wk_python\chaoxing_auto\.venv\Lib\site-packages\playwright\_impl\_connection.py", line 69, in send
    return await self._connection.wrap_api_call(
           ^^^^^^^^^^^^^^^^^^^^^^^^^^^^^^^^^^^^^
    ...<3 lines>...
    )
    ^
  File "E:\github\wk_python\chaoxing_auto\.venv\Lib\site-packages\playwright\_impl\_connection.py", line 563, in wrap_api_call
    raise rewrite_error(error, f"{parsed_st['apiName']}: {error}") from None
playwright._impl._errors.TargetClosedError: Page.screenshot: Target page, context or browser has been closed
2026-07-08 16:33:08 ERROR 打开章节失败: Page.goto: Target page, context or browser has been closed
Traceback (most recent call last):
  File "E:\github\wk_python\chaoxing_auto\course\chapter.py", line 131, in open_chapter
    self.page.goto(url, wait_until="domcontentloaded", timeout=WAIT_TIME)
    ~~~~~~~~~~~~~~^^^^^^^^^^^^^^^^^^^^^^^^^^^^^^^^^^^^^^^^^^^^^^^^^^^^^^^
  File "E:\github\wk_python\chaoxing_auto\.venv\Lib\site-packages\playwright\sync_api\_generated.py", line 9770, in goto
    self._sync(
    ~~~~~~~~~~^
        self._impl_obj.goto(
        ^^^^^^^^^^^^^^^^^^^^
    ...<4 lines>...
        )
        ^
    )
    ^
  File "E:\github\wk_python\chaoxing_auto\.venv\Lib\site-packages\playwright\_impl\_sync_base.py", line 115, in _sync
    return task.result()
           ~~~~~~~~~~~^^
  File "E:\github\wk_python\chaoxing_auto\.venv\Lib\site-packages\playwright\_impl\_page.py", line 560, in goto
    return await self._main_frame.goto(**locals_to_params(locals()))
           ^^^^^^^^^^^^^^^^^^^^^^^^^^^^^^^^^^^^^^^^^^^^^^^^^^^^^^^^^
  File "E:\github\wk_python\chaoxing_auto\.venv\Lib\site-packages\playwright\_impl\_frame.py", line 156, in goto
    await self._channel.send(
        "goto", self._navigation_timeout, locals_to_params(locals())
    )
  File "E:\github\wk_python\chaoxing_auto\.venv\Lib\site-packages\playwright\_impl\_connection.py", line 69, in send
    return await self._connection.wrap_api_call(
           ^^^^^^^^^^^^^^^^^^^^^^^^^^^^^^^^^^^^^
    ...<3 lines>...
    )
    ^
  File "E:\github\wk_python\chaoxing_auto\.venv\Lib\site-packages\playwright\_impl\_connection.py", line 563, in wrap_api_call
    raise rewrite_error(error, f"{parsed_st['apiName']}: {error}") from None
playwright._impl._errors.TargetClosedError: Page.goto: Target page, context or browser has been closed
2026-07-08 16:33:08 ERROR 保存截图失败: Page.screenshot: Target page, context or browser has been closed
Traceback (most recent call last):
  File "E:\github\wk_python\chaoxing_auto\utils\helper.py", line 63, in save_screenshot
    page.screenshot(path=str(path), full_page=True)
    ~~~~~~~~~~~~~~~^^^^^^^^^^^^^^^^^^^^^^^^^^^^^^^^
  File "E:\github\wk_python\chaoxing_auto\.venv\Lib\site-packages\playwright\sync_api\_generated.py", line 10754, in screenshot
    self._sync(
    ~~~~~~~~~~^
        self._impl_obj.screenshot(
        ^^^^^^^^^^^^^^^^^^^^^^^^^^
    ...<13 lines>...
        )
        ^
    )
    ^
  File "E:\github\wk_python\chaoxing_auto\.venv\Lib\site-packages\playwright\_impl\_sync_base.py", line 115, in _sync
    return task.result()
           ~~~~~~~~~~~^^
  File "E:\github\wk_python\chaoxing_auto\.venv\Lib\site-packages\playwright\_impl\_page.py", line 828, in screenshot
    encoded_binary = await self._channel.send(
                     ^^^^^^^^^^^^^^^^^^^^^^^^^
        "screenshot", self._timeout_settings.timeout, params
        ^^^^^^^^^^^^^^^^^^^^^^^^^^^^^^^^^^^^^^^^^^^^^^^^^^^^
    )
    ^
  File "E:\github\wk_python\chaoxing_auto\.venv\Lib\site-packages\playwright\_impl\_connection.py", line 69, in send
    return await self._connection.wrap_api_call(
           ^^^^^^^^^^^^^^^^^^^^^^^^^^^^^^^^^^^^^
    ...<3 lines>...
    )
    ^
  File "E:\github\wk_python\chaoxing_auto\.venv\Lib\site-packages\playwright\_impl\_connection.py", line 563, in wrap_api_call
    raise rewrite_error(error, f"{parsed_st['apiName']}: {error}") from None
playwright._impl._errors.TargetClosedError: Page.screenshot: Target page, context or browser has been closed
2026-07-08 16:33:08 ERROR 章节处理失败，继续下一章节: 1.1 课前导入，错误: Page.goto: Target page, context or browser has been closed
Traceback (most recent call last):
  File "E:\github\wk_python\chaoxing_auto\main.py", line 326, in _learn_open_course
    chapter_manager.open_chapter(chapter)
    ~~~~~~~~~~~~~~~~~~~~~~~~~~~~^^^^^^^^^
  File "E:\github\wk_python\chaoxing_auto\course\chapter.py", line 131, in open_chapter
    self.page.goto(url, wait_until="domcontentloaded", timeout=WAIT_TIME)
    ~~~~~~~~~~~~~~^^^^^^^^^^^^^^^^^^^^^^^^^^^^^^^^^^^^^^^^^^^^^^^^^^^^^^^
  File "E:\github\wk_python\chaoxing_auto\.venv\Lib\site-packages\playwright\sync_api\_generated.py", line 9770, in goto
    self._sync(
    ~~~~~~~~~~^
        self._impl_obj.goto(
        ^^^^^^^^^^^^^^^^^^^^
    ...<4 lines>...
        )
        ^
    )
    ^
  File "E:\github\wk_python\chaoxing_auto\.venv\Lib\site-packages\playwright\_impl\_sync_base.py", line 115, in _sync
    return task.result()
           ~~~~~~~~~~~^^
  File "E:\github\wk_python\chaoxing_auto\.venv\Lib\site-packages\playwright\_impl\_page.py", line 560, in goto
    return await self._main_frame.goto(**locals_to_params(locals()))
           ^^^^^^^^^^^^^^^^^^^^^^^^^^^^^^^^^^^^^^^^^^^^^^^^^^^^^^^^^
  File "E:\github\wk_python\chaoxing_auto\.venv\Lib\site-packages\playwright\_impl\_frame.py", line 156, in goto
    await self._channel.send(
        "goto", self._navigation_timeout, locals_to_params(locals())
    )
  File "E:\github\wk_python\chaoxing_auto\.venv\Lib\site-packages\playwright\_impl\_connection.py", line 69, in send
    return await self._connection.wrap_api_call(
           ^^^^^^^^^^^^^^^^^^^^^^^^^^^^^^^^^^^^^
    ...<3 lines>...
    )
    ^
  File "E:\github\wk_python\chaoxing_auto\.venv\Lib\site-packages\playwright\_impl\_connection.py", line 563, in wrap_api_call
    raise rewrite_error(error, f"{parsed_st['apiName']}: {error}") from None
playwright._impl._errors.TargetClosedError: Page.goto: Target page, context or browser has been closed
2026-07-08 16:33:08 INFO 开始学习章节 [50/74]: 1.2 第一节 什么是创新创业
2026-07-08 16:33:08 INFO 打开章节: 1.2 第一节 什么是创新创业
2026-07-08 16:33:08 ERROR 保存截图失败: Page.screenshot: Target page, context or browser has been closed
Traceback (most recent call last):
  File "E:\github\wk_python\chaoxing_auto\utils\helper.py", line 63, in save_screenshot
    page.screenshot(path=str(path), full_page=True)
    ~~~~~~~~~~~~~~~^^^^^^^^^^^^^^^^^^^^^^^^^^^^^^^^
  File "E:\github\wk_python\chaoxing_auto\.venv\Lib\site-packages\playwright\sync_api\_generated.py", line 10754, in screenshot
    self._sync(
    ~~~~~~~~~~^
        self._impl_obj.screenshot(
        ^^^^^^^^^^^^^^^^^^^^^^^^^^
    ...<13 lines>...
        )
        ^
    )
    ^
  File "E:\github\wk_python\chaoxing_auto\.venv\Lib\site-packages\playwright\_impl\_sync_base.py", line 115, in _sync
    return task.result()
           ~~~~~~~~~~~^^
  File "E:\github\wk_python\chaoxing_auto\.venv\Lib\site-packages\playwright\_impl\_page.py", line 828, in screenshot
    encoded_binary = await self._channel.send(
                     ^^^^^^^^^^^^^^^^^^^^^^^^^
        "screenshot", self._timeout_settings.timeout, params
        ^^^^^^^^^^^^^^^^^^^^^^^^^^^^^^^^^^^^^^^^^^^^^^^^^^^^
    )
    ^
  File "E:\github\wk_python\chaoxing_auto\.venv\Lib\site-packages\playwright\_impl\_connection.py", line 69, in send
    return await self._connection.wrap_api_call(
           ^^^^^^^^^^^^^^^^^^^^^^^^^^^^^^^^^^^^^
    ...<3 lines>...
    )
    ^
  File "E:\github\wk_python\chaoxing_auto\.venv\Lib\site-packages\playwright\_impl\_connection.py", line 563, in wrap_api_call
    raise rewrite_error(error, f"{parsed_st['apiName']}: {error}") from None
playwright._impl._errors.TargetClosedError: Page.screenshot: Target page, context or browser has been closed
2026-07-08 16:33:08 ERROR 打开章节失败: Page.goto: Target page, context or browser has been closed
Traceback (most recent call last):
  File "E:\github\wk_python\chaoxing_auto\course\chapter.py", line 131, in open_chapter
    self.page.goto(url, wait_until="domcontentloaded", timeout=WAIT_TIME)
    ~~~~~~~~~~~~~~^^^^^^^^^^^^^^^^^^^^^^^^^^^^^^^^^^^^^^^^^^^^^^^^^^^^^^^
  File "E:\github\wk_python\chaoxing_auto\.venv\Lib\site-packages\playwright\sync_api\_generated.py", line 9770, in goto
    self._sync(
    ~~~~~~~~~~^
        self._impl_obj.goto(
        ^^^^^^^^^^^^^^^^^^^^
    ...<4 lines>...
        )
        ^
    )
    ^
  File "E:\github\wk_python\chaoxing_auto\.venv\Lib\site-packages\playwright\_impl\_sync_base.py", line 115, in _sync
    return task.result()
           ~~~~~~~~~~~^^
  File "E:\github\wk_python\chaoxing_auto\.venv\Lib\site-packages\playwright\_impl\_page.py", line 560, in goto
    return await self._main_frame.goto(**locals_to_params(locals()))
           ^^^^^^^^^^^^^^^^^^^^^^^^^^^^^^^^^^^^^^^^^^^^^^^^^^^^^^^^^
  File "E:\github\wk_python\chaoxing_auto\.venv\Lib\site-packages\playwright\_impl\_frame.py", line 156, in goto
    await self._channel.send(
        "goto", self._navigation_timeout, locals_to_params(locals())
    )
  File "E:\github\wk_python\chaoxing_auto\.venv\Lib\site-packages\playwright\_impl\_connection.py", line 69, in send
    return await self._connection.wrap_api_call(
           ^^^^^^^^^^^^^^^^^^^^^^^^^^^^^^^^^^^^^
    ...<3 lines>...
    )
    ^
  File "E:\github\wk_python\chaoxing_auto\.venv\Lib\site-packages\playwright\_impl\_connection.py", line 563, in wrap_api_call
    raise rewrite_error(error, f"{parsed_st['apiName']}: {error}") from None
playwright._impl._errors.TargetClosedError: Page.goto: Target page, context or browser has been closed
2026-07-08 16:33:08 ERROR 保存截图失败: Page.screenshot: Target page, context or browser has been closed
Traceback (most recent call last):
  File "E:\github\wk_python\chaoxing_auto\utils\helper.py", line 63, in save_screenshot
    page.screenshot(path=str(path), full_page=True)
    ~~~~~~~~~~~~~~~^^^^^^^^^^^^^^^^^^^^^^^^^^^^^^^^
  File "E:\github\wk_python\chaoxing_auto\.venv\Lib\site-packages\playwright\sync_api\_generated.py", line 10754, in screenshot
    self._sync(
    ~~~~~~~~~~^
        self._impl_obj.screenshot(
        ^^^^^^^^^^^^^^^^^^^^^^^^^^
    ...<13 lines>...
        )
        ^
    )
    ^
  File "E:\github\wk_python\chaoxing_auto\.venv\Lib\site-packages\playwright\_impl\_sync_base.py", line 115, in _sync
    return task.result()
           ~~~~~~~~~~~^^
  File "E:\github\wk_python\chaoxing_auto\.venv\Lib\site-packages\playwright\_impl\_page.py", line 828, in screenshot
    encoded_binary = await self._channel.send(
                     ^^^^^^^^^^^^^^^^^^^^^^^^^
        "screenshot", self._timeout_settings.timeout, params
        ^^^^^^^^^^^^^^^^^^^^^^^^^^^^^^^^^^^^^^^^^^^^^^^^^^^^
    )
    ^
  File "E:\github\wk_python\chaoxing_auto\.venv\Lib\site-packages\playwright\_impl\_connection.py", line 69, in send
    return await self._connection.wrap_api_call(
           ^^^^^^^^^^^^^^^^^^^^^^^^^^^^^^^^^^^^^
    ...<3 lines>...
    )
    ^
  File "E:\github\wk_python\chaoxing_auto\.venv\Lib\site-packages\playwright\_impl\_connection.py", line 563, in wrap_api_call
    raise rewrite_error(error, f"{parsed_st['apiName']}: {error}") from None
playwright._impl._errors.TargetClosedError: Page.screenshot: Target page, context or browser has been closed
2026-07-08 16:33:08 ERROR 章节处理失败，继续下一章节: 1.2 第一节 什么是创新创业，错误: Page.goto: Target page, context or browser has been closed
Traceback (most recent call last):
  File "E:\github\wk_python\chaoxing_auto\main.py", line 326, in _learn_open_course
    chapter_manager.open_chapter(chapter)
    ~~~~~~~~~~~~~~~~~~~~~~~~~~~~^^^^^^^^^
  File "E:\github\wk_python\chaoxing_auto\course\chapter.py", line 131, in open_chapter
    self.page.goto(url, wait_until="domcontentloaded", timeout=WAIT_TIME)
    ~~~~~~~~~~~~~~^^^^^^^^^^^^^^^^^^^^^^^^^^^^^^^^^^^^^^^^^^^^^^^^^^^^^^^
  File "E:\github\wk_python\chaoxing_auto\.venv\Lib\site-packages\playwright\sync_api\_generated.py", line 9770, in goto
    self._sync(
    ~~~~~~~~~~^
        self._impl_obj.goto(
        ^^^^^^^^^^^^^^^^^^^^
    ...<4 lines>...
        )
        ^
    )
    ^
  File "E:\github\wk_python\chaoxing_auto\.venv\Lib\site-packages\playwright\_impl\_sync_base.py", line 115, in _sync
    return task.result()
           ~~~~~~~~~~~^^
  File "E:\github\wk_python\chaoxing_auto\.venv\Lib\site-packages\playwright\_impl\_page.py", line 560, in goto
    return await self._main_frame.goto(**locals_to_params(locals()))
           ^^^^^^^^^^^^^^^^^^^^^^^^^^^^^^^^^^^^^^^^^^^^^^^^^^^^^^^^^
  File "E:\github\wk_python\chaoxing_auto\.venv\Lib\site-packages\playwright\_impl\_frame.py", line 156, in goto
    await self._channel.send(
        "goto", self._navigation_timeout, locals_to_params(locals())
    )
  File "E:\github\wk_python\chaoxing_auto\.venv\Lib\site-packages\playwright\_impl\_connection.py", line 69, in send
    return await self._connection.wrap_api_call(
           ^^^^^^^^^^^^^^^^^^^^^^^^^^^^^^^^^^^^^
    ...<3 lines>...
    )
    ^
  File "E:\github\wk_python\chaoxing_auto\.venv\Lib\site-packages\playwright\_impl\_connection.py", line 563, in wrap_api_call
    raise rewrite_error(error, f"{parsed_st['apiName']}: {error}") from None
playwright._impl._errors.TargetClosedError: Page.goto: Target page, context or browser has been closed
2026-07-08 16:33:08 INFO 开始学习章节 [51/74]: 1.3 第二节 解密创业者
2026-07-08 16:33:08 INFO 打开章节: 1.3 第二节 解密创业者
2026-07-08 16:33:08 ERROR 保存截图失败: Page.screenshot: Target page, context or browser has been closed
Traceback (most recent call last):
  File "E:\github\wk_python\chaoxing_auto\utils\helper.py", line 63, in save_screenshot
    page.screenshot(path=str(path), full_page=True)
    ~~~~~~~~~~~~~~~^^^^^^^^^^^^^^^^^^^^^^^^^^^^^^^^
  File "E:\github\wk_python\chaoxing_auto\.venv\Lib\site-packages\playwright\sync_api\_generated.py", line 10754, in screenshot
    self._sync(
    ~~~~~~~~~~^
        self._impl_obj.screenshot(
        ^^^^^^^^^^^^^^^^^^^^^^^^^^
    ...<13 lines>...
        )
        ^
    )
    ^
  File "E:\github\wk_python\chaoxing_auto\.venv\Lib\site-packages\playwright\_impl\_sync_base.py", line 115, in _sync
    return task.result()
           ~~~~~~~~~~~^^
  File "E:\github\wk_python\chaoxing_auto\.venv\Lib\site-packages\playwright\_impl\_page.py", line 828, in screenshot
    encoded_binary = await self._channel.send(
                     ^^^^^^^^^^^^^^^^^^^^^^^^^
        "screenshot", self._timeout_settings.timeout, params
        ^^^^^^^^^^^^^^^^^^^^^^^^^^^^^^^^^^^^^^^^^^^^^^^^^^^^
    )
    ^
  File "E:\github\wk_python\chaoxing_auto\.venv\Lib\site-packages\playwright\_impl\_connection.py", line 69, in send
    return await self._connection.wrap_api_call(
           ^^^^^^^^^^^^^^^^^^^^^^^^^^^^^^^^^^^^^
    ...<3 lines>...
    )
    ^
  File "E:\github\wk_python\chaoxing_auto\.venv\Lib\site-packages\playwright\_impl\_connection.py", line 563, in wrap_api_call
    raise rewrite_error(error, f"{parsed_st['apiName']}: {error}") from None
playwright._impl._errors.TargetClosedError: Page.screenshot: Target page, context or browser has been closed
2026-07-08 16:33:08 ERROR 打开章节失败: Page.goto: Target page, context or browser has been closed
Traceback (most recent call last):
  File "E:\github\wk_python\chaoxing_auto\course\chapter.py", line 131, in open_chapter
    self.page.goto(url, wait_until="domcontentloaded", timeout=WAIT_TIME)
    ~~~~~~~~~~~~~~^^^^^^^^^^^^^^^^^^^^^^^^^^^^^^^^^^^^^^^^^^^^^^^^^^^^^^^
  File "E:\github\wk_python\chaoxing_auto\.venv\Lib\site-packages\playwright\sync_api\_generated.py", line 9770, in goto
    self._sync(
    ~~~~~~~~~~^
        self._impl_obj.goto(
        ^^^^^^^^^^^^^^^^^^^^
    ...<4 lines>...
        )
        ^
    )
    ^
  File "E:\github\wk_python\chaoxing_auto\.venv\Lib\site-packages\playwright\_impl\_sync_base.py", line 115, in _sync
    return task.result()
           ~~~~~~~~~~~^^
  File "E:\github\wk_python\chaoxing_auto\.venv\Lib\site-packages\playwright\_impl\_page.py", line 560, in goto
    return await self._main_frame.goto(**locals_to_params(locals()))
           ^^^^^^^^^^^^^^^^^^^^^^^^^^^^^^^^^^^^^^^^^^^^^^^^^^^^^^^^^
  File "E:\github\wk_python\chaoxing_auto\.venv\Lib\site-packages\playwright\_impl\_frame.py", line 156, in goto
    await self._channel.send(
        "goto", self._navigation_timeout, locals_to_params(locals())
    )
  File "E:\github\wk_python\chaoxing_auto\.venv\Lib\site-packages\playwright\_impl\_connection.py", line 69, in send
    return await self._connection.wrap_api_call(
           ^^^^^^^^^^^^^^^^^^^^^^^^^^^^^^^^^^^^^
    ...<3 lines>...
    )
    ^
  File "E:\github\wk_python\chaoxing_auto\.venv\Lib\site-packages\playwright\_impl\_connection.py", line 563, in wrap_api_call
    raise rewrite_error(error, f"{parsed_st['apiName']}: {error}") from None
playwright._impl._errors.TargetClosedError: Page.goto: Target page, context or browser has been closed
2026-07-08 16:33:08 ERROR 保存截图失败: Page.screenshot: Target page, context or browser has been closed
Traceback (most recent call last):
  File "E:\github\wk_python\chaoxing_auto\utils\helper.py", line 63, in save_screenshot
    page.screenshot(path=str(path), full_page=True)
    ~~~~~~~~~~~~~~~^^^^^^^^^^^^^^^^^^^^^^^^^^^^^^^^
  File "E:\github\wk_python\chaoxing_auto\.venv\Lib\site-packages\playwright\sync_api\_generated.py", line 10754, in screenshot
    self._sync(
    ~~~~~~~~~~^
        self._impl_obj.screenshot(
        ^^^^^^^^^^^^^^^^^^^^^^^^^^
    ...<13 lines>...
        )
        ^
    )
    ^
  File "E:\github\wk_python\chaoxing_auto\.venv\Lib\site-packages\playwright\_impl\_sync_base.py", line 115, in _sync
    return task.result()
           ~~~~~~~~~~~^^
  File "E:\github\wk_python\chaoxing_auto\.venv\Lib\site-packages\playwright\_impl\_page.py", line 828, in screenshot
    encoded_binary = await self._channel.send(
                     ^^^^^^^^^^^^^^^^^^^^^^^^^
        "screenshot", self._timeout_settings.timeout, params
        ^^^^^^^^^^^^^^^^^^^^^^^^^^^^^^^^^^^^^^^^^^^^^^^^^^^^
    )
    ^
  File "E:\github\wk_python\chaoxing_auto\.venv\Lib\site-packages\playwright\_impl\_connection.py", line 69, in send
    return await self._connection.wrap_api_call(
           ^^^^^^^^^^^^^^^^^^^^^^^^^^^^^^^^^^^^^
    ...<3 lines>...
    )
    ^
  File "E:\github\wk_python\chaoxing_auto\.venv\Lib\site-packages\playwright\_impl\_connection.py", line 563, in wrap_api_call
    raise rewrite_error(error, f"{parsed_st['apiName']}: {error}") from None
playwright._impl._errors.TargetClosedError: Page.screenshot: Target page, context or browser has been closed
2026-07-08 16:33:08 ERROR 章节处理失败，继续下一章节: 1.3 第二节 解密创业者，错误: Page.goto: Target page, context or browser has been closed
Traceback (most recent call last):
  File "E:\github\wk_python\chaoxing_auto\main.py", line 326, in _learn_open_course
    chapter_manager.open_chapter(chapter)
    ~~~~~~~~~~~~~~~~~~~~~~~~~~~~^^^^^^^^^
  File "E:\github\wk_python\chaoxing_auto\course\chapter.py", line 131, in open_chapter
    self.page.goto(url, wait_until="domcontentloaded", timeout=WAIT_TIME)
    ~~~~~~~~~~~~~~^^^^^^^^^^^^^^^^^^^^^^^^^^^^^^^^^^^^^^^^^^^^^^^^^^^^^^^
  File "E:\github\wk_python\chaoxing_auto\.venv\Lib\site-packages\playwright\sync_api\_generated.py", line 9770, in goto
    self._sync(
    ~~~~~~~~~~^
        self._impl_obj.goto(
        ^^^^^^^^^^^^^^^^^^^^
    ...<4 lines>...
        )
        ^
    )
    ^
  File "E:\github\wk_python\chaoxing_auto\.venv\Lib\site-packages\playwright\_impl\_sync_base.py", line 115, in _sync
    return task.result()
           ~~~~~~~~~~~^^
  File "E:\github\wk_python\chaoxing_auto\.venv\Lib\site-packages\playwright\_impl\_page.py", line 560, in goto
    return await self._main_frame.goto(**locals_to_params(locals()))
           ^^^^^^^^^^^^^^^^^^^^^^^^^^^^^^^^^^^^^^^^^^^^^^^^^^^^^^^^^
  File "E:\github\wk_python\chaoxing_auto\.venv\Lib\site-packages\playwright\_impl\_frame.py", line 156, in goto
    await self._channel.send(
        "goto", self._navigation_timeout, locals_to_params(locals())
    )
  File "E:\github\wk_python\chaoxing_auto\.venv\Lib\site-packages\playwright\_impl\_connection.py", line 69, in send
    return await self._connection.wrap_api_call(
           ^^^^^^^^^^^^^^^^^^^^^^^^^^^^^^^^^^^^^
    ...<3 lines>...
    )
    ^
  File "E:\github\wk_python\chaoxing_auto\.venv\Lib\site-packages\playwright\_impl\_connection.py", line 563, in wrap_api_call
    raise rewrite_error(error, f"{parsed_st['apiName']}: {error}") from None
playwright._impl._errors.TargetClosedError: Page.goto: Target page, context or browser has been closed
2026-07-08 16:33:08 INFO 开始学习章节 [52/74]: 1.4 第三节 成为创新创业者：成就不一样的人生
2026-07-08 16:33:08 INFO 打开章节: 1.4 第三节 成为创新创业者：成就不一样的人生
2026-07-08 16:33:08 ERROR 保存截图失败: Page.screenshot: Target page, context or browser has been closed
Traceback (most recent call last):
  File "E:\github\wk_python\chaoxing_auto\utils\helper.py", line 63, in save_screenshot
    page.screenshot(path=str(path), full_page=True)
    ~~~~~~~~~~~~~~~^^^^^^^^^^^^^^^^^^^^^^^^^^^^^^^^
  File "E:\github\wk_python\chaoxing_auto\.venv\Lib\site-packages\playwright\sync_api\_generated.py", line 10754, in screenshot
    self._sync(
    ~~~~~~~~~~^
        self._impl_obj.screenshot(
        ^^^^^^^^^^^^^^^^^^^^^^^^^^
    ...<13 lines>...
        )
        ^
    )
    ^
  File "E:\github\wk_python\chaoxing_auto\.venv\Lib\site-packages\playwright\_impl\_sync_base.py", line 115, in _sync
    return task.result()
           ~~~~~~~~~~~^^
  File "E:\github\wk_python\chaoxing_auto\.venv\Lib\site-packages\playwright\_impl\_page.py", line 828, in screenshot
    encoded_binary = await self._channel.send(
                     ^^^^^^^^^^^^^^^^^^^^^^^^^
        "screenshot", self._timeout_settings.timeout, params
        ^^^^^^^^^^^^^^^^^^^^^^^^^^^^^^^^^^^^^^^^^^^^^^^^^^^^
    )
    ^
  File "E:\github\wk_python\chaoxing_auto\.venv\Lib\site-packages\playwright\_impl\_connection.py", line 69, in send
    return await self._connection.wrap_api_call(
           ^^^^^^^^^^^^^^^^^^^^^^^^^^^^^^^^^^^^^
    ...<3 lines>...
    )
    ^
  File "E:\github\wk_python\chaoxing_auto\.venv\Lib\site-packages\playwright\_impl\_connection.py", line 563, in wrap_api_call
    raise rewrite_error(error, f"{parsed_st['apiName']}: {error}") from None
playwright._impl._errors.TargetClosedError: Page.screenshot: Target page, context or browser has been closed
2026-07-08 16:33:08 ERROR 打开章节失败: Page.goto: Target page, context or browser has been closed
Traceback (most recent call last):
  File "E:\github\wk_python\chaoxing_auto\course\chapter.py", line 131, in open_chapter
    self.page.goto(url, wait_until="domcontentloaded", timeout=WAIT_TIME)
    ~~~~~~~~~~~~~~^^^^^^^^^^^^^^^^^^^^^^^^^^^^^^^^^^^^^^^^^^^^^^^^^^^^^^^
  File "E:\github\wk_python\chaoxing_auto\.venv\Lib\site-packages\playwright\sync_api\_generated.py", line 9770, in goto
    self._sync(
    ~~~~~~~~~~^
        self._impl_obj.goto(
        ^^^^^^^^^^^^^^^^^^^^
    ...<4 lines>...
        )
        ^
    )
    ^
  File "E:\github\wk_python\chaoxing_auto\.venv\Lib\site-packages\playwright\_impl\_sync_base.py", line 115, in _sync
    return task.result()
           ~~~~~~~~~~~^^
  File "E:\github\wk_python\chaoxing_auto\.venv\Lib\site-packages\playwright\_impl\_page.py", line 560, in goto
    return await self._main_frame.goto(**locals_to_params(locals()))
           ^^^^^^^^^^^^^^^^^^^^^^^^^^^^^^^^^^^^^^^^^^^^^^^^^^^^^^^^^
  File "E:\github\wk_python\chaoxing_auto\.venv\Lib\site-packages\playwright\_impl\_frame.py", line 156, in goto
    await self._channel.send(
        "goto", self._navigation_timeout, locals_to_params(locals())
    )
  File "E:\github\wk_python\chaoxing_auto\.venv\Lib\site-packages\playwright\_impl\_connection.py", line 69, in send
    return await self._connection.wrap_api_call(
           ^^^^^^^^^^^^^^^^^^^^^^^^^^^^^^^^^^^^^
    ...<3 lines>...
    )
    ^
  File "E:\github\wk_python\chaoxing_auto\.venv\Lib\site-packages\playwright\_impl\_connection.py", line 563, in wrap_api_call
    raise rewrite_error(error, f"{parsed_st['apiName']}: {error}") from None
playwright._impl._errors.TargetClosedError: Page.goto: Target page, context or browser has been closed
2026-07-08 16:33:08 ERROR 保存截图失败: Page.screenshot: Target page, context or browser has been closed
Traceback (most recent call last):
  File "E:\github\wk_python\chaoxing_auto\utils\helper.py", line 63, in save_screenshot
    page.screenshot(path=str(path), full_page=True)
    ~~~~~~~~~~~~~~~^^^^^^^^^^^^^^^^^^^^^^^^^^^^^^^^
  File "E:\github\wk_python\chaoxing_auto\.venv\Lib\site-packages\playwright\sync_api\_generated.py", line 10754, in screenshot
    self._sync(
    ~~~~~~~~~~^
        self._impl_obj.screenshot(
        ^^^^^^^^^^^^^^^^^^^^^^^^^^
    ...<13 lines>...
        )
        ^
    )
    ^
  File "E:\github\wk_python\chaoxing_auto\.venv\Lib\site-packages\playwright\_impl\_sync_base.py", line 115, in _sync
    return task.result()
           ~~~~~~~~~~~^^
  File "E:\github\wk_python\chaoxing_auto\.venv\Lib\site-packages\playwright\_impl\_page.py", line 828, in screenshot
    encoded_binary = await self._channel.send(
                     ^^^^^^^^^^^^^^^^^^^^^^^^^
        "screenshot", self._timeout_settings.timeout, params
        ^^^^^^^^^^^^^^^^^^^^^^^^^^^^^^^^^^^^^^^^^^^^^^^^^^^^
    )
    ^
  File "E:\github\wk_python\chaoxing_auto\.venv\Lib\site-packages\playwright\_impl\_connection.py", line 69, in send
    return await self._connection.wrap_api_call(
           ^^^^^^^^^^^^^^^^^^^^^^^^^^^^^^^^^^^^^
    ...<3 lines>...
    )
    ^
  File "E:\github\wk_python\chaoxing_auto\.venv\Lib\site-packages\playwright\_impl\_connection.py", line 563, in wrap_api_call
    raise rewrite_error(error, f"{parsed_st['apiName']}: {error}") from None
playwright._impl._errors.TargetClosedError: Page.screenshot: Target page, context or browser has been closed
2026-07-08 16:33:08 ERROR 章节处理失败，继续下一章节: 1.4 第三节 成为创新创业者：成就不一样的人生，错误: Page.goto: Target page, context or browser has been closed
Traceback (most recent call last):
  File "E:\github\wk_python\chaoxing_auto\main.py", line 326, in _learn_open_course
    chapter_manager.open_chapter(chapter)
    ~~~~~~~~~~~~~~~~~~~~~~~~~~~~^^^^^^^^^
  File "E:\github\wk_python\chaoxing_auto\course\chapter.py", line 131, in open_chapter
    self.page.goto(url, wait_until="domcontentloaded", timeout=WAIT_TIME)
    ~~~~~~~~~~~~~~^^^^^^^^^^^^^^^^^^^^^^^^^^^^^^^^^^^^^^^^^^^^^^^^^^^^^^^
  File "E:\github\wk_python\chaoxing_auto\.venv\Lib\site-packages\playwright\sync_api\_generated.py", line 9770, in goto
    self._sync(
    ~~~~~~~~~~^
        self._impl_obj.goto(
        ^^^^^^^^^^^^^^^^^^^^
    ...<4 lines>...
        )
        ^
    )
    ^
  File "E:\github\wk_python\chaoxing_auto\.venv\Lib\site-packages\playwright\_impl\_sync_base.py", line 115, in _sync
    return task.result()
           ~~~~~~~~~~~^^
  File "E:\github\wk_python\chaoxing_auto\.venv\Lib\site-packages\playwright\_impl\_page.py", line 560, in goto
    return await self._main_frame.goto(**locals_to_params(locals()))
           ^^^^^^^^^^^^^^^^^^^^^^^^^^^^^^^^^^^^^^^^^^^^^^^^^^^^^^^^^
  File "E:\github\wk_python\chaoxing_auto\.venv\Lib\site-packages\playwright\_impl\_frame.py", line 156, in goto
    await self._channel.send(
        "goto", self._navigation_timeout, locals_to_params(locals())
    )
  File "E:\github\wk_python\chaoxing_auto\.venv\Lib\site-packages\playwright\_impl\_connection.py", line 69, in send
    return await self._connection.wrap_api_call(
           ^^^^^^^^^^^^^^^^^^^^^^^^^^^^^^^^^^^^^
    ...<3 lines>...
    )
    ^
  File "E:\github\wk_python\chaoxing_auto\.venv\Lib\site-packages\playwright\_impl\_connection.py", line 563, in wrap_api_call
    raise rewrite_error(error, f"{parsed_st['apiName']}: {error}") from None
playwright._impl._errors.TargetClosedError: Page.goto: Target page, context or browser has been closed
2026-07-08 16:33:08 INFO 开始学习章节 [53/74]: 2.1 第一节 创新思维及其培养
2026-07-08 16:33:08 INFO 打开章节: 2.1 第一节 创新思维及其培养
2026-07-08 16:33:08 ERROR 保存截图失败: Page.screenshot: Target page, context or browser has been closed
Traceback (most recent call last):
  File "E:\github\wk_python\chaoxing_auto\utils\helper.py", line 63, in save_screenshot
    page.screenshot(path=str(path), full_page=True)
    ~~~~~~~~~~~~~~~^^^^^^^^^^^^^^^^^^^^^^^^^^^^^^^^
  File "E:\github\wk_python\chaoxing_auto\.venv\Lib\site-packages\playwright\sync_api\_generated.py", line 10754, in screenshot
    self._sync(
    ~~~~~~~~~~^
        self._impl_obj.screenshot(
        ^^^^^^^^^^^^^^^^^^^^^^^^^^
    ...<13 lines>...
        )
        ^
    )
    ^
  File "E:\github\wk_python\chaoxing_auto\.venv\Lib\site-packages\playwright\_impl\_sync_base.py", line 115, in _sync
    return task.result()
           ~~~~~~~~~~~^^
  File "E:\github\wk_python\chaoxing_auto\.venv\Lib\site-packages\playwright\_impl\_page.py", line 828, in screenshot
    encoded_binary = await self._channel.send(
                     ^^^^^^^^^^^^^^^^^^^^^^^^^
        "screenshot", self._timeout_settings.timeout, params
        ^^^^^^^^^^^^^^^^^^^^^^^^^^^^^^^^^^^^^^^^^^^^^^^^^^^^
    )
    ^
  File "E:\github\wk_python\chaoxing_auto\.venv\Lib\site-packages\playwright\_impl\_connection.py", line 69, in send
    return await self._connection.wrap_api_call(
           ^^^^^^^^^^^^^^^^^^^^^^^^^^^^^^^^^^^^^
    ...<3 lines>...
    )
    ^
  File "E:\github\wk_python\chaoxing_auto\.venv\Lib\site-packages\playwright\_impl\_connection.py", line 563, in wrap_api_call
    raise rewrite_error(error, f"{parsed_st['apiName']}: {error}") from None
playwright._impl._errors.TargetClosedError: Page.screenshot: Target page, context or browser has been closed
2026-07-08 16:33:08 ERROR 打开章节失败: Page.goto: Target page, context or browser has been closed
Traceback (most recent call last):
  File "E:\github\wk_python\chaoxing_auto\course\chapter.py", line 131, in open_chapter
    self.page.goto(url, wait_until="domcontentloaded", timeout=WAIT_TIME)
    ~~~~~~~~~~~~~~^^^^^^^^^^^^^^^^^^^^^^^^^^^^^^^^^^^^^^^^^^^^^^^^^^^^^^^
  File "E:\github\wk_python\chaoxing_auto\.venv\Lib\site-packages\playwright\sync_api\_generated.py", line 9770, in goto
    self._sync(
    ~~~~~~~~~~^
        self._impl_obj.goto(
        ^^^^^^^^^^^^^^^^^^^^
    ...<4 lines>...
        )
        ^
    )
    ^
  File "E:\github\wk_python\chaoxing_auto\.venv\Lib\site-packages\playwright\_impl\_sync_base.py", line 115, in _sync
    return task.result()
           ~~~~~~~~~~~^^
  File "E:\github\wk_python\chaoxing_auto\.venv\Lib\site-packages\playwright\_impl\_page.py", line 560, in goto
    return await self._main_frame.goto(**locals_to_params(locals()))
           ^^^^^^^^^^^^^^^^^^^^^^^^^^^^^^^^^^^^^^^^^^^^^^^^^^^^^^^^^
  File "E:\github\wk_python\chaoxing_auto\.venv\Lib\site-packages\playwright\_impl\_frame.py", line 156, in goto
    await self._channel.send(
        "goto", self._navigation_timeout, locals_to_params(locals())
    )
  File "E:\github\wk_python\chaoxing_auto\.venv\Lib\site-packages\playwright\_impl\_connection.py", line 69, in send
    return await self._connection.wrap_api_call(
           ^^^^^^^^^^^^^^^^^^^^^^^^^^^^^^^^^^^^^
    ...<3 lines>...
    )
    ^
  File "E:\github\wk_python\chaoxing_auto\.venv\Lib\site-packages\playwright\_impl\_connection.py", line 563, in wrap_api_call
    raise rewrite_error(error, f"{parsed_st['apiName']}: {error}") from None
playwright._impl._errors.TargetClosedError: Page.goto: Target page, context or browser has been closed
2026-07-08 16:33:08 ERROR 保存截图失败: Page.screenshot: Target page, context or browser has been closed
Traceback (most recent call last):
  File "E:\github\wk_python\chaoxing_auto\utils\helper.py", line 63, in save_screenshot
    page.screenshot(path=str(path), full_page=True)
    ~~~~~~~~~~~~~~~^^^^^^^^^^^^^^^^^^^^^^^^^^^^^^^^
  File "E:\github\wk_python\chaoxing_auto\.venv\Lib\site-packages\playwright\sync_api\_generated.py", line 10754, in screenshot
    self._sync(
    ~~~~~~~~~~^
        self._impl_obj.screenshot(
        ^^^^^^^^^^^^^^^^^^^^^^^^^^
    ...<13 lines>...
        )
        ^
    )
    ^
  File "E:\github\wk_python\chaoxing_auto\.venv\Lib\site-packages\playwright\_impl\_sync_base.py", line 115, in _sync
    return task.result()
           ~~~~~~~~~~~^^
  File "E:\github\wk_python\chaoxing_auto\.venv\Lib\site-packages\playwright\_impl\_page.py", line 828, in screenshot
    encoded_binary = await self._channel.send(
                     ^^^^^^^^^^^^^^^^^^^^^^^^^
        "screenshot", self._timeout_settings.timeout, params
        ^^^^^^^^^^^^^^^^^^^^^^^^^^^^^^^^^^^^^^^^^^^^^^^^^^^^
    )
    ^
  File "E:\github\wk_python\chaoxing_auto\.venv\Lib\site-packages\playwright\_impl\_connection.py", line 69, in send
    return await self._connection.wrap_api_call(
           ^^^^^^^^^^^^^^^^^^^^^^^^^^^^^^^^^^^^^
    ...<3 lines>...
    )
    ^
  File "E:\github\wk_python\chaoxing_auto\.venv\Lib\site-packages\playwright\_impl\_connection.py", line 563, in wrap_api_call
    raise rewrite_error(error, f"{parsed_st['apiName']}: {error}") from None
playwright._impl._errors.TargetClosedError: Page.screenshot: Target page, context or browser has been closed
2026-07-08 16:33:08 ERROR 章节处理失败，继续下一章节: 2.1 第一节 创新思维及其培养，错误: Page.goto: Target page, context or browser has been closed
Traceback (most recent call last):
  File "E:\github\wk_python\chaoxing_auto\main.py", line 326, in _learn_open_course
    chapter_manager.open_chapter(chapter)
    ~~~~~~~~~~~~~~~~~~~~~~~~~~~~^^^^^^^^^
  File "E:\github\wk_python\chaoxing_auto\course\chapter.py", line 131, in open_chapter
    self.page.goto(url, wait_until="domcontentloaded", timeout=WAIT_TIME)
    ~~~~~~~~~~~~~~^^^^^^^^^^^^^^^^^^^^^^^^^^^^^^^^^^^^^^^^^^^^^^^^^^^^^^^
  File "E:\github\wk_python\chaoxing_auto\.venv\Lib\site-packages\playwright\sync_api\_generated.py", line 9770, in goto
    self._sync(
    ~~~~~~~~~~^
        self._impl_obj.goto(
        ^^^^^^^^^^^^^^^^^^^^
    ...<4 lines>...
        )
        ^
    )
    ^
  File "E:\github\wk_python\chaoxing_auto\.venv\Lib\site-packages\playwright\_impl\_sync_base.py", line 115, in _sync
    return task.result()
           ~~~~~~~~~~~^^
  File "E:\github\wk_python\chaoxing_auto\.venv\Lib\site-packages\playwright\_impl\_page.py", line 560, in goto
    return await self._main_frame.goto(**locals_to_params(locals()))
           ^^^^^^^^^^^^^^^^^^^^^^^^^^^^^^^^^^^^^^^^^^^^^^^^^^^^^^^^^
  File "E:\github\wk_python\chaoxing_auto\.venv\Lib\site-packages\playwright\_impl\_frame.py", line 156, in goto
    await self._channel.send(
        "goto", self._navigation_timeout, locals_to_params(locals())
    )
  File "E:\github\wk_python\chaoxing_auto\.venv\Lib\site-packages\playwright\_impl\_connection.py", line 69, in send
    return await self._connection.wrap_api_call(
           ^^^^^^^^^^^^^^^^^^^^^^^^^^^^^^^^^^^^^
    ...<3 lines>...
    )
    ^
  File "E:\github\wk_python\chaoxing_auto\.venv\Lib\site-packages\playwright\_impl\_connection.py", line 563, in wrap_api_call
    raise rewrite_error(error, f"{parsed_st['apiName']}: {error}") from None
playwright._impl._errors.TargetClosedError: Page.goto: Target page, context or browser has been closed
2026-07-08 16:33:08 INFO 开始学习章节 [54/74]: 3.1 第一节 认识创业思维
2026-07-08 16:33:08 INFO 打开章节: 3.1 第一节 认识创业思维
2026-07-08 16:33:08 ERROR 保存截图失败: Page.screenshot: Target page, context or browser has been closed
Traceback (most recent call last):
  File "E:\github\wk_python\chaoxing_auto\utils\helper.py", line 63, in save_screenshot
    page.screenshot(path=str(path), full_page=True)
    ~~~~~~~~~~~~~~~^^^^^^^^^^^^^^^^^^^^^^^^^^^^^^^^
  File "E:\github\wk_python\chaoxing_auto\.venv\Lib\site-packages\playwright\sync_api\_generated.py", line 10754, in screenshot
    self._sync(
    ~~~~~~~~~~^
        self._impl_obj.screenshot(
        ^^^^^^^^^^^^^^^^^^^^^^^^^^
    ...<13 lines>...
        )
        ^
    )
    ^
  File "E:\github\wk_python\chaoxing_auto\.venv\Lib\site-packages\playwright\_impl\_sync_base.py", line 115, in _sync
    return task.result()
           ~~~~~~~~~~~^^
  File "E:\github\wk_python\chaoxing_auto\.venv\Lib\site-packages\playwright\_impl\_page.py", line 828, in screenshot
    encoded_binary = await self._channel.send(
                     ^^^^^^^^^^^^^^^^^^^^^^^^^
        "screenshot", self._timeout_settings.timeout, params
        ^^^^^^^^^^^^^^^^^^^^^^^^^^^^^^^^^^^^^^^^^^^^^^^^^^^^
    )
    ^
  File "E:\github\wk_python\chaoxing_auto\.venv\Lib\site-packages\playwright\_impl\_connection.py", line 69, in send
    return await self._connection.wrap_api_call(
           ^^^^^^^^^^^^^^^^^^^^^^^^^^^^^^^^^^^^^
    ...<3 lines>...
    )
    ^
  File "E:\github\wk_python\chaoxing_auto\.venv\Lib\site-packages\playwright\_impl\_connection.py", line 563, in wrap_api_call
    raise rewrite_error(error, f"{parsed_st['apiName']}: {error}") from None
playwright._impl._errors.TargetClosedError: Page.screenshot: Target page, context or browser has been closed
2026-07-08 16:33:08 ERROR 打开章节失败: Page.goto: Target page, context or browser has been closed
Traceback (most recent call last):
  File "E:\github\wk_python\chaoxing_auto\course\chapter.py", line 131, in open_chapter
    self.page.goto(url, wait_until="domcontentloaded", timeout=WAIT_TIME)
    ~~~~~~~~~~~~~~^^^^^^^^^^^^^^^^^^^^^^^^^^^^^^^^^^^^^^^^^^^^^^^^^^^^^^^
  File "E:\github\wk_python\chaoxing_auto\.venv\Lib\site-packages\playwright\sync_api\_generated.py", line 9770, in goto
    self._sync(
    ~~~~~~~~~~^
        self._impl_obj.goto(
        ^^^^^^^^^^^^^^^^^^^^
    ...<4 lines>...
        )
        ^
    )
    ^
  File "E:\github\wk_python\chaoxing_auto\.venv\Lib\site-packages\playwright\_impl\_sync_base.py", line 115, in _sync
    return task.result()
           ~~~~~~~~~~~^^
  File "E:\github\wk_python\chaoxing_auto\.venv\Lib\site-packages\playwright\_impl\_page.py", line 560, in goto
    return await self._main_frame.goto(**locals_to_params(locals()))
           ^^^^^^^^^^^^^^^^^^^^^^^^^^^^^^^^^^^^^^^^^^^^^^^^^^^^^^^^^
  File "E:\github\wk_python\chaoxing_auto\.venv\Lib\site-packages\playwright\_impl\_frame.py", line 156, in goto
    await self._channel.send(
        "goto", self._navigation_timeout, locals_to_params(locals())
    )
  File "E:\github\wk_python\chaoxing_auto\.venv\Lib\site-packages\playwright\_impl\_connection.py", line 69, in send
    return await self._connection.wrap_api_call(
           ^^^^^^^^^^^^^^^^^^^^^^^^^^^^^^^^^^^^^
    ...<3 lines>...
    )
    ^
  File "E:\github\wk_python\chaoxing_auto\.venv\Lib\site-packages\playwright\_impl\_connection.py", line 563, in wrap_api_call
    raise rewrite_error(error, f"{parsed_st['apiName']}: {error}") from None
playwright._impl._errors.TargetClosedError: Page.goto: Target page, context or browser has been closed
2026-07-08 16:33:08 ERROR 保存截图失败: Page.screenshot: Target page, context or browser has been closed
Traceback (most recent call last):
  File "E:\github\wk_python\chaoxing_auto\utils\helper.py", line 63, in save_screenshot
    page.screenshot(path=str(path), full_page=True)
    ~~~~~~~~~~~~~~~^^^^^^^^^^^^^^^^^^^^^^^^^^^^^^^^
  File "E:\github\wk_python\chaoxing_auto\.venv\Lib\site-packages\playwright\sync_api\_generated.py", line 10754, in screenshot
    self._sync(
    ~~~~~~~~~~^
        self._impl_obj.screenshot(
        ^^^^^^^^^^^^^^^^^^^^^^^^^^
    ...<13 lines>...
        )
        ^
    )
    ^
  File "E:\github\wk_python\chaoxing_auto\.venv\Lib\site-packages\playwright\_impl\_sync_base.py", line 115, in _sync
    return task.result()
           ~~~~~~~~~~~^^
  File "E:\github\wk_python\chaoxing_auto\.venv\Lib\site-packages\playwright\_impl\_page.py", line 828, in screenshot
    encoded_binary = await self._channel.send(
                     ^^^^^^^^^^^^^^^^^^^^^^^^^
        "screenshot", self._timeout_settings.timeout, params
        ^^^^^^^^^^^^^^^^^^^^^^^^^^^^^^^^^^^^^^^^^^^^^^^^^^^^
    )
    ^
  File "E:\github\wk_python\chaoxing_auto\.venv\Lib\site-packages\playwright\_impl\_connection.py", line 69, in send
    return await self._connection.wrap_api_call(
           ^^^^^^^^^^^^^^^^^^^^^^^^^^^^^^^^^^^^^
    ...<3 lines>...
    )
    ^
  File "E:\github\wk_python\chaoxing_auto\.venv\Lib\site-packages\playwright\_impl\_connection.py", line 563, in wrap_api_call
    raise rewrite_error(error, f"{parsed_st['apiName']}: {error}") from None
playwright._impl._errors.TargetClosedError: Page.screenshot: Target page, context or browser has been closed
2026-07-08 16:33:08 ERROR 章节处理失败，继续下一章节: 3.1 第一节 认识创业思维，错误: Page.goto: Target page, context or browser has been closed
Traceback (most recent call last):
  File "E:\github\wk_python\chaoxing_auto\main.py", line 326, in _learn_open_course
    chapter_manager.open_chapter(chapter)
    ~~~~~~~~~~~~~~~~~~~~~~~~~~~~^^^^^^^^^
  File "E:\github\wk_python\chaoxing_auto\course\chapter.py", line 131, in open_chapter
    self.page.goto(url, wait_until="domcontentloaded", timeout=WAIT_TIME)
    ~~~~~~~~~~~~~~^^^^^^^^^^^^^^^^^^^^^^^^^^^^^^^^^^^^^^^^^^^^^^^^^^^^^^^
  File "E:\github\wk_python\chaoxing_auto\.venv\Lib\site-packages\playwright\sync_api\_generated.py", line 9770, in goto
    self._sync(
    ~~~~~~~~~~^
        self._impl_obj.goto(
        ^^^^^^^^^^^^^^^^^^^^
    ...<4 lines>...
        )
        ^
    )
    ^
  File "E:\github\wk_python\chaoxing_auto\.venv\Lib\site-packages\playwright\_impl\_sync_base.py", line 115, in _sync
    return task.result()
           ~~~~~~~~~~~^^
  File "E:\github\wk_python\chaoxing_auto\.venv\Lib\site-packages\playwright\_impl\_page.py", line 560, in goto
    return await self._main_frame.goto(**locals_to_params(locals()))
           ^^^^^^^^^^^^^^^^^^^^^^^^^^^^^^^^^^^^^^^^^^^^^^^^^^^^^^^^^
  File "E:\github\wk_python\chaoxing_auto\.venv\Lib\site-packages\playwright\_impl\_frame.py", line 156, in goto
    await self._channel.send(
        "goto", self._navigation_timeout, locals_to_params(locals())
    )
  File "E:\github\wk_python\chaoxing_auto\.venv\Lib\site-packages\playwright\_impl\_connection.py", line 69, in send
    return await self._connection.wrap_api_call(
           ^^^^^^^^^^^^^^^^^^^^^^^^^^^^^^^^^^^^^
    ...<3 lines>...
    )
    ^
  File "E:\github\wk_python\chaoxing_auto\.venv\Lib\site-packages\playwright\_impl\_connection.py", line 563, in wrap_api_call
    raise rewrite_error(error, f"{parsed_st['apiName']}: {error}") from None
playwright._impl._errors.TargetClosedError: Page.goto: Target page, context or browser has been closed
2026-07-08 16:33:08 INFO 开始学习章节 [55/74]: 3.2 第二节 常见创业思维工具
2026-07-08 16:33:08 INFO 打开章节: 3.2 第二节 常见创业思维工具
2026-07-08 16:33:08 ERROR 保存截图失败: Page.screenshot: Target page, context or browser has been closed
Traceback (most recent call last):
  File "E:\github\wk_python\chaoxing_auto\utils\helper.py", line 63, in save_screenshot
    page.screenshot(path=str(path), full_page=True)
    ~~~~~~~~~~~~~~~^^^^^^^^^^^^^^^^^^^^^^^^^^^^^^^^
  File "E:\github\wk_python\chaoxing_auto\.venv\Lib\site-packages\playwright\sync_api\_generated.py", line 10754, in screenshot
    self._sync(
    ~~~~~~~~~~^
        self._impl_obj.screenshot(
        ^^^^^^^^^^^^^^^^^^^^^^^^^^
    ...<13 lines>...
        )
        ^
    )
    ^
  File "E:\github\wk_python\chaoxing_auto\.venv\Lib\site-packages\playwright\_impl\_sync_base.py", line 115, in _sync
    return task.result()
           ~~~~~~~~~~~^^
  File "E:\github\wk_python\chaoxing_auto\.venv\Lib\site-packages\playwright\_impl\_page.py", line 828, in screenshot
    encoded_binary = await self._channel.send(
                     ^^^^^^^^^^^^^^^^^^^^^^^^^
        "screenshot", self._timeout_settings.timeout, params
        ^^^^^^^^^^^^^^^^^^^^^^^^^^^^^^^^^^^^^^^^^^^^^^^^^^^^
    )
    ^
  File "E:\github\wk_python\chaoxing_auto\.venv\Lib\site-packages\playwright\_impl\_connection.py", line 69, in send
    return await self._connection.wrap_api_call(
           ^^^^^^^^^^^^^^^^^^^^^^^^^^^^^^^^^^^^^
    ...<3 lines>...
    )
    ^
  File "E:\github\wk_python\chaoxing_auto\.venv\Lib\site-packages\playwright\_impl\_connection.py", line 563, in wrap_api_call
    raise rewrite_error(error, f"{parsed_st['apiName']}: {error}") from None
playwright._impl._errors.TargetClosedError: Page.screenshot: Target page, context or browser has been closed
2026-07-08 16:33:08 ERROR 打开章节失败: Page.goto: Target page, context or browser has been closed
Traceback (most recent call last):
  File "E:\github\wk_python\chaoxing_auto\course\chapter.py", line 131, in open_chapter
    self.page.goto(url, wait_until="domcontentloaded", timeout=WAIT_TIME)
    ~~~~~~~~~~~~~~^^^^^^^^^^^^^^^^^^^^^^^^^^^^^^^^^^^^^^^^^^^^^^^^^^^^^^^
  File "E:\github\wk_python\chaoxing_auto\.venv\Lib\site-packages\playwright\sync_api\_generated.py", line 9770, in goto
    self._sync(
    ~~~~~~~~~~^
        self._impl_obj.goto(
        ^^^^^^^^^^^^^^^^^^^^
    ...<4 lines>...
        )
        ^
    )
    ^
  File "E:\github\wk_python\chaoxing_auto\.venv\Lib\site-packages\playwright\_impl\_sync_base.py", line 115, in _sync
    return task.result()
           ~~~~~~~~~~~^^
  File "E:\github\wk_python\chaoxing_auto\.venv\Lib\site-packages\playwright\_impl\_page.py", line 560, in goto
    return await self._main_frame.goto(**locals_to_params(locals()))
           ^^^^^^^^^^^^^^^^^^^^^^^^^^^^^^^^^^^^^^^^^^^^^^^^^^^^^^^^^
  File "E:\github\wk_python\chaoxing_auto\.venv\Lib\site-packages\playwright\_impl\_frame.py", line 156, in goto
    await self._channel.send(
        "goto", self._navigation_timeout, locals_to_params(locals())
    )
  File "E:\github\wk_python\chaoxing_auto\.venv\Lib\site-packages\playwright\_impl\_connection.py", line 69, in send
    return await self._connection.wrap_api_call(
           ^^^^^^^^^^^^^^^^^^^^^^^^^^^^^^^^^^^^^
    ...<3 lines>...
    )
    ^
  File "E:\github\wk_python\chaoxing_auto\.venv\Lib\site-packages\playwright\_impl\_connection.py", line 563, in wrap_api_call
    raise rewrite_error(error, f"{parsed_st['apiName']}: {error}") from None
playwright._impl._errors.TargetClosedError: Page.goto: Target page, context or browser has been closed
2026-07-08 16:33:08 ERROR 保存截图失败: Page.screenshot: Target page, context or browser has been closed
Traceback (most recent call last):
  File "E:\github\wk_python\chaoxing_auto\utils\helper.py", line 63, in save_screenshot
    page.screenshot(path=str(path), full_page=True)
    ~~~~~~~~~~~~~~~^^^^^^^^^^^^^^^^^^^^^^^^^^^^^^^^
  File "E:\github\wk_python\chaoxing_auto\.venv\Lib\site-packages\playwright\sync_api\_generated.py", line 10754, in screenshot
    self._sync(
    ~~~~~~~~~~^
        self._impl_obj.screenshot(
        ^^^^^^^^^^^^^^^^^^^^^^^^^^
    ...<13 lines>...
        )
        ^
    )
    ^
  File "E:\github\wk_python\chaoxing_auto\.venv\Lib\site-packages\playwright\_impl\_sync_base.py", line 115, in _sync
    return task.result()
           ~~~~~~~~~~~^^
  File "E:\github\wk_python\chaoxing_auto\.venv\Lib\site-packages\playwright\_impl\_page.py", line 828, in screenshot
    encoded_binary = await self._channel.send(
                     ^^^^^^^^^^^^^^^^^^^^^^^^^
        "screenshot", self._timeout_settings.timeout, params
        ^^^^^^^^^^^^^^^^^^^^^^^^^^^^^^^^^^^^^^^^^^^^^^^^^^^^
    )
    ^
  File "E:\github\wk_python\chaoxing_auto\.venv\Lib\site-packages\playwright\_impl\_connection.py", line 69, in send
    return await self._connection.wrap_api_call(
           ^^^^^^^^^^^^^^^^^^^^^^^^^^^^^^^^^^^^^
    ...<3 lines>...
    )
    ^
  File "E:\github\wk_python\chaoxing_auto\.venv\Lib\site-packages\playwright\_impl\_connection.py", line 563, in wrap_api_call
    raise rewrite_error(error, f"{parsed_st['apiName']}: {error}") from None
playwright._impl._errors.TargetClosedError: Page.screenshot: Target page, context or browser has been closed
2026-07-08 16:33:08 ERROR 章节处理失败，继续下一章节: 3.2 第二节 常见创业思维工具，错误: Page.goto: Target page, context or browser has been closed
Traceback (most recent call last):
  File "E:\github\wk_python\chaoxing_auto\main.py", line 326, in _learn_open_course
    chapter_manager.open_chapter(chapter)
    ~~~~~~~~~~~~~~~~~~~~~~~~~~~~^^^^^^^^^
  File "E:\github\wk_python\chaoxing_auto\course\chapter.py", line 131, in open_chapter
    self.page.goto(url, wait_until="domcontentloaded", timeout=WAIT_TIME)
    ~~~~~~~~~~~~~~^^^^^^^^^^^^^^^^^^^^^^^^^^^^^^^^^^^^^^^^^^^^^^^^^^^^^^^
  File "E:\github\wk_python\chaoxing_auto\.venv\Lib\site-packages\playwright\sync_api\_generated.py", line 9770, in goto
    self._sync(
    ~~~~~~~~~~^
        self._impl_obj.goto(
        ^^^^^^^^^^^^^^^^^^^^
    ...<4 lines>...
        )
        ^
    )
    ^
  File "E:\github\wk_python\chaoxing_auto\.venv\Lib\site-packages\playwright\_impl\_sync_base.py", line 115, in _sync
    return task.result()
           ~~~~~~~~~~~^^
  File "E:\github\wk_python\chaoxing_auto\.venv\Lib\site-packages\playwright\_impl\_page.py", line 560, in goto
    return await self._main_frame.goto(**locals_to_params(locals()))
           ^^^^^^^^^^^^^^^^^^^^^^^^^^^^^^^^^^^^^^^^^^^^^^^^^^^^^^^^^
  File "E:\github\wk_python\chaoxing_auto\.venv\Lib\site-packages\playwright\_impl\_frame.py", line 156, in goto
    await self._channel.send(
        "goto", self._navigation_timeout, locals_to_params(locals())
    )
  File "E:\github\wk_python\chaoxing_auto\.venv\Lib\site-packages\playwright\_impl\_connection.py", line 69, in send
    return await self._connection.wrap_api_call(
           ^^^^^^^^^^^^^^^^^^^^^^^^^^^^^^^^^^^^^
    ...<3 lines>...
    )
    ^
  File "E:\github\wk_python\chaoxing_auto\.venv\Lib\site-packages\playwright\_impl\_connection.py", line 563, in wrap_api_call
    raise rewrite_error(error, f"{parsed_st['apiName']}: {error}") from None
playwright._impl._errors.TargetClosedError: Page.goto: Target page, context or browser has been closed
2026-07-08 16:33:08 INFO 开始学习章节 [56/74]: 4.1 第一节 发现问题和需求
2026-07-08 16:33:08 INFO 打开章节: 4.1 第一节 发现问题和需求
2026-07-08 16:33:08 ERROR 保存截图失败: Page.screenshot: Target page, context or browser has been closed
Traceback (most recent call last):
  File "E:\github\wk_python\chaoxing_auto\utils\helper.py", line 63, in save_screenshot
    page.screenshot(path=str(path), full_page=True)
    ~~~~~~~~~~~~~~~^^^^^^^^^^^^^^^^^^^^^^^^^^^^^^^^
  File "E:\github\wk_python\chaoxing_auto\.venv\Lib\site-packages\playwright\sync_api\_generated.py", line 10754, in screenshot
    self._sync(
    ~~~~~~~~~~^
        self._impl_obj.screenshot(
        ^^^^^^^^^^^^^^^^^^^^^^^^^^
    ...<13 lines>...
        )
        ^
    )
    ^
  File "E:\github\wk_python\chaoxing_auto\.venv\Lib\site-packages\playwright\_impl\_sync_base.py", line 115, in _sync
    return task.result()
           ~~~~~~~~~~~^^
  File "E:\github\wk_python\chaoxing_auto\.venv\Lib\site-packages\playwright\_impl\_page.py", line 828, in screenshot
    encoded_binary = await self._channel.send(
                     ^^^^^^^^^^^^^^^^^^^^^^^^^
        "screenshot", self._timeout_settings.timeout, params
        ^^^^^^^^^^^^^^^^^^^^^^^^^^^^^^^^^^^^^^^^^^^^^^^^^^^^
    )
    ^
  File "E:\github\wk_python\chaoxing_auto\.venv\Lib\site-packages\playwright\_impl\_connection.py", line 69, in send
    return await self._connection.wrap_api_call(
           ^^^^^^^^^^^^^^^^^^^^^^^^^^^^^^^^^^^^^
    ...<3 lines>...
    )
    ^
  File "E:\github\wk_python\chaoxing_auto\.venv\Lib\site-packages\playwright\_impl\_connection.py", line 563, in wrap_api_call
    raise rewrite_error(error, f"{parsed_st['apiName']}: {error}") from None
playwright._impl._errors.TargetClosedError: Page.screenshot: Target page, context or browser has been closed
2026-07-08 16:33:08 ERROR 打开章节失败: Page.goto: Target page, context or browser has been closed
Traceback (most recent call last):
  File "E:\github\wk_python\chaoxing_auto\course\chapter.py", line 131, in open_chapter
    self.page.goto(url, wait_until="domcontentloaded", timeout=WAIT_TIME)
    ~~~~~~~~~~~~~~^^^^^^^^^^^^^^^^^^^^^^^^^^^^^^^^^^^^^^^^^^^^^^^^^^^^^^^
  File "E:\github\wk_python\chaoxing_auto\.venv\Lib\site-packages\playwright\sync_api\_generated.py", line 9770, in goto
    self._sync(
    ~~~~~~~~~~^
        self._impl_obj.goto(
        ^^^^^^^^^^^^^^^^^^^^
    ...<4 lines>...
        )
        ^
    )
    ^
  File "E:\github\wk_python\chaoxing_auto\.venv\Lib\site-packages\playwright\_impl\_sync_base.py", line 115, in _sync
    return task.result()
           ~~~~~~~~~~~^^
  File "E:\github\wk_python\chaoxing_auto\.venv\Lib\site-packages\playwright\_impl\_page.py", line 560, in goto
    return await self._main_frame.goto(**locals_to_params(locals()))
           ^^^^^^^^^^^^^^^^^^^^^^^^^^^^^^^^^^^^^^^^^^^^^^^^^^^^^^^^^
  File "E:\github\wk_python\chaoxing_auto\.venv\Lib\site-packages\playwright\_impl\_frame.py", line 156, in goto
    await self._channel.send(
        "goto", self._navigation_timeout, locals_to_params(locals())
    )
  File "E:\github\wk_python\chaoxing_auto\.venv\Lib\site-packages\playwright\_impl\_connection.py", line 69, in send
    return await self._connection.wrap_api_call(
           ^^^^^^^^^^^^^^^^^^^^^^^^^^^^^^^^^^^^^
    ...<3 lines>...
    )
    ^
  File "E:\github\wk_python\chaoxing_auto\.venv\Lib\site-packages\playwright\_impl\_connection.py", line 563, in wrap_api_call
    raise rewrite_error(error, f"{parsed_st['apiName']}: {error}") from None
playwright._impl._errors.TargetClosedError: Page.goto: Target page, context or browser has been closed
2026-07-08 16:33:08 ERROR 保存截图失败: Page.screenshot: Target page, context or browser has been closed
Traceback (most recent call last):
  File "E:\github\wk_python\chaoxing_auto\utils\helper.py", line 63, in save_screenshot
    page.screenshot(path=str(path), full_page=True)
    ~~~~~~~~~~~~~~~^^^^^^^^^^^^^^^^^^^^^^^^^^^^^^^^
  File "E:\github\wk_python\chaoxing_auto\.venv\Lib\site-packages\playwright\sync_api\_generated.py", line 10754, in screenshot
    self._sync(
    ~~~~~~~~~~^
        self._impl_obj.screenshot(
        ^^^^^^^^^^^^^^^^^^^^^^^^^^
    ...<13 lines>...
        )
        ^
    )
    ^
  File "E:\github\wk_python\chaoxing_auto\.venv\Lib\site-packages\playwright\_impl\_sync_base.py", line 115, in _sync
    return task.result()
           ~~~~~~~~~~~^^
  File "E:\github\wk_python\chaoxing_auto\.venv\Lib\site-packages\playwright\_impl\_page.py", line 828, in screenshot
    encoded_binary = await self._channel.send(
                     ^^^^^^^^^^^^^^^^^^^^^^^^^
        "screenshot", self._timeout_settings.timeout, params
        ^^^^^^^^^^^^^^^^^^^^^^^^^^^^^^^^^^^^^^^^^^^^^^^^^^^^
    )
    ^
  File "E:\github\wk_python\chaoxing_auto\.venv\Lib\site-packages\playwright\_impl\_connection.py", line 69, in send
    return await self._connection.wrap_api_call(
           ^^^^^^^^^^^^^^^^^^^^^^^^^^^^^^^^^^^^^
    ...<3 lines>...
    )
    ^
  File "E:\github\wk_python\chaoxing_auto\.venv\Lib\site-packages\playwright\_impl\_connection.py", line 563, in wrap_api_call
    raise rewrite_error(error, f"{parsed_st['apiName']}: {error}") from None
playwright._impl._errors.TargetClosedError: Page.screenshot: Target page, context or browser has been closed
2026-07-08 16:33:08 ERROR 章节处理失败，继续下一章节: 4.1 第一节 发现问题和需求，错误: Page.goto: Target page, context or browser has been closed
Traceback (most recent call last):
  File "E:\github\wk_python\chaoxing_auto\main.py", line 326, in _learn_open_course
    chapter_manager.open_chapter(chapter)
    ~~~~~~~~~~~~~~~~~~~~~~~~~~~~^^^^^^^^^
  File "E:\github\wk_python\chaoxing_auto\course\chapter.py", line 131, in open_chapter
    self.page.goto(url, wait_until="domcontentloaded", timeout=WAIT_TIME)
    ~~~~~~~~~~~~~~^^^^^^^^^^^^^^^^^^^^^^^^^^^^^^^^^^^^^^^^^^^^^^^^^^^^^^^
  File "E:\github\wk_python\chaoxing_auto\.venv\Lib\site-packages\playwright\sync_api\_generated.py", line 9770, in goto
    self._sync(
    ~~~~~~~~~~^
        self._impl_obj.goto(
        ^^^^^^^^^^^^^^^^^^^^
    ...<4 lines>...
        )
        ^
    )
    ^
  File "E:\github\wk_python\chaoxing_auto\.venv\Lib\site-packages\playwright\_impl\_sync_base.py", line 115, in _sync
    return task.result()
           ~~~~~~~~~~~^^
  File "E:\github\wk_python\chaoxing_auto\.venv\Lib\site-packages\playwright\_impl\_page.py", line 560, in goto
    return await self._main_frame.goto(**locals_to_params(locals()))
           ^^^^^^^^^^^^^^^^^^^^^^^^^^^^^^^^^^^^^^^^^^^^^^^^^^^^^^^^^
  File "E:\github\wk_python\chaoxing_auto\.venv\Lib\site-packages\playwright\_impl\_frame.py", line 156, in goto
    await self._channel.send(
        "goto", self._navigation_timeout, locals_to_params(locals())
    )
  File "E:\github\wk_python\chaoxing_auto\.venv\Lib\site-packages\playwright\_impl\_connection.py", line 69, in send
    return await self._connection.wrap_api_call(
           ^^^^^^^^^^^^^^^^^^^^^^^^^^^^^^^^^^^^^
    ...<3 lines>...
    )
    ^
  File "E:\github\wk_python\chaoxing_auto\.venv\Lib\site-packages\playwright\_impl\_connection.py", line 563, in wrap_api_call
    raise rewrite_error(error, f"{parsed_st['apiName']}: {error}") from None
playwright._impl._errors.TargetClosedError: Page.goto: Target page, context or browser has been closed
2026-07-08 16:33:08 INFO 开始学习章节 [57/74]: 4.2 第二节 发掘和把握创业机会
2026-07-08 16:33:08 INFO 打开章节: 4.2 第二节 发掘和把握创业机会
2026-07-08 16:33:08 ERROR 保存截图失败: Page.screenshot: Target page, context or browser has been closed
Traceback (most recent call last):
  File "E:\github\wk_python\chaoxing_auto\utils\helper.py", line 63, in save_screenshot
    page.screenshot(path=str(path), full_page=True)
    ~~~~~~~~~~~~~~~^^^^^^^^^^^^^^^^^^^^^^^^^^^^^^^^
  File "E:\github\wk_python\chaoxing_auto\.venv\Lib\site-packages\playwright\sync_api\_generated.py", line 10754, in screenshot
    self._sync(
    ~~~~~~~~~~^
        self._impl_obj.screenshot(
        ^^^^^^^^^^^^^^^^^^^^^^^^^^
    ...<13 lines>...
        )
        ^
    )
    ^
  File "E:\github\wk_python\chaoxing_auto\.venv\Lib\site-packages\playwright\_impl\_sync_base.py", line 115, in _sync
    return task.result()
           ~~~~~~~~~~~^^
  File "E:\github\wk_python\chaoxing_auto\.venv\Lib\site-packages\playwright\_impl\_page.py", line 828, in screenshot
    encoded_binary = await self._channel.send(
                     ^^^^^^^^^^^^^^^^^^^^^^^^^
        "screenshot", self._timeout_settings.timeout, params
        ^^^^^^^^^^^^^^^^^^^^^^^^^^^^^^^^^^^^^^^^^^^^^^^^^^^^
    )
    ^
  File "E:\github\wk_python\chaoxing_auto\.venv\Lib\site-packages\playwright\_impl\_connection.py", line 69, in send
    return await self._connection.wrap_api_call(
           ^^^^^^^^^^^^^^^^^^^^^^^^^^^^^^^^^^^^^
    ...<3 lines>...
    )
    ^
  File "E:\github\wk_python\chaoxing_auto\.venv\Lib\site-packages\playwright\_impl\_connection.py", line 563, in wrap_api_call
    raise rewrite_error(error, f"{parsed_st['apiName']}: {error}") from None
playwright._impl._errors.TargetClosedError: Page.screenshot: Target page, context or browser has been closed
2026-07-08 16:33:08 ERROR 打开章节失败: Page.goto: Target page, context or browser has been closed
Traceback (most recent call last):
  File "E:\github\wk_python\chaoxing_auto\course\chapter.py", line 131, in open_chapter
    self.page.goto(url, wait_until="domcontentloaded", timeout=WAIT_TIME)
    ~~~~~~~~~~~~~~^^^^^^^^^^^^^^^^^^^^^^^^^^^^^^^^^^^^^^^^^^^^^^^^^^^^^^^
  File "E:\github\wk_python\chaoxing_auto\.venv\Lib\site-packages\playwright\sync_api\_generated.py", line 9770, in goto
    self._sync(
    ~~~~~~~~~~^
        self._impl_obj.goto(
        ^^^^^^^^^^^^^^^^^^^^
    ...<4 lines>...
        )
        ^
    )
    ^
  File "E:\github\wk_python\chaoxing_auto\.venv\Lib\site-packages\playwright\_impl\_sync_base.py", line 115, in _sync
    return task.result()
           ~~~~~~~~~~~^^
  File "E:\github\wk_python\chaoxing_auto\.venv\Lib\site-packages\playwright\_impl\_page.py", line 560, in goto
    return await self._main_frame.goto(**locals_to_params(locals()))
           ^^^^^^^^^^^^^^^^^^^^^^^^^^^^^^^^^^^^^^^^^^^^^^^^^^^^^^^^^
  File "E:\github\wk_python\chaoxing_auto\.venv\Lib\site-packages\playwright\_impl\_frame.py", line 156, in goto
    await self._channel.send(
        "goto", self._navigation_timeout, locals_to_params(locals())
    )
  File "E:\github\wk_python\chaoxing_auto\.venv\Lib\site-packages\playwright\_impl\_connection.py", line 69, in send
    return await self._connection.wrap_api_call(
           ^^^^^^^^^^^^^^^^^^^^^^^^^^^^^^^^^^^^^
    ...<3 lines>...
    )
    ^
  File "E:\github\wk_python\chaoxing_auto\.venv\Lib\site-packages\playwright\_impl\_connection.py", line 563, in wrap_api_call
    raise rewrite_error(error, f"{parsed_st['apiName']}: {error}") from None
playwright._impl._errors.TargetClosedError: Page.goto: Target page, context or browser has been closed
2026-07-08 16:33:08 ERROR 保存截图失败: Page.screenshot: Target page, context or browser has been closed
Traceback (most recent call last):
  File "E:\github\wk_python\chaoxing_auto\utils\helper.py", line 63, in save_screenshot
    page.screenshot(path=str(path), full_page=True)
    ~~~~~~~~~~~~~~~^^^^^^^^^^^^^^^^^^^^^^^^^^^^^^^^
  File "E:\github\wk_python\chaoxing_auto\.venv\Lib\site-packages\playwright\sync_api\_generated.py", line 10754, in screenshot
    self._sync(
    ~~~~~~~~~~^
        self._impl_obj.screenshot(
        ^^^^^^^^^^^^^^^^^^^^^^^^^^
    ...<13 lines>...
        )
        ^
    )
    ^
  File "E:\github\wk_python\chaoxing_auto\.venv\Lib\site-packages\playwright\_impl\_sync_base.py", line 115, in _sync
    return task.result()
           ~~~~~~~~~~~^^
  File "E:\github\wk_python\chaoxing_auto\.venv\Lib\site-packages\playwright\_impl\_page.py", line 828, in screenshot
    encoded_binary = await self._channel.send(
                     ^^^^^^^^^^^^^^^^^^^^^^^^^
        "screenshot", self._timeout_settings.timeout, params
        ^^^^^^^^^^^^^^^^^^^^^^^^^^^^^^^^^^^^^^^^^^^^^^^^^^^^
    )
    ^
  File "E:\github\wk_python\chaoxing_auto\.venv\Lib\site-packages\playwright\_impl\_connection.py", line 69, in send
    return await self._connection.wrap_api_call(
           ^^^^^^^^^^^^^^^^^^^^^^^^^^^^^^^^^^^^^
    ...<3 lines>...
    )
    ^
  File "E:\github\wk_python\chaoxing_auto\.venv\Lib\site-packages\playwright\_impl\_connection.py", line 563, in wrap_api_call
    raise rewrite_error(error, f"{parsed_st['apiName']}: {error}") from None
playwright._impl._errors.TargetClosedError: Page.screenshot: Target page, context or browser has been closed
2026-07-08 16:33:08 ERROR 章节处理失败，继续下一章节: 4.2 第二节 发掘和把握创业机会，错误: Page.goto: Target page, context or browser has been closed
Traceback (most recent call last):
  File "E:\github\wk_python\chaoxing_auto\main.py", line 326, in _learn_open_course
    chapter_manager.open_chapter(chapter)
    ~~~~~~~~~~~~~~~~~~~~~~~~~~~~^^^^^^^^^
  File "E:\github\wk_python\chaoxing_auto\course\chapter.py", line 131, in open_chapter
    self.page.goto(url, wait_until="domcontentloaded", timeout=WAIT_TIME)
    ~~~~~~~~~~~~~~^^^^^^^^^^^^^^^^^^^^^^^^^^^^^^^^^^^^^^^^^^^^^^^^^^^^^^^
  File "E:\github\wk_python\chaoxing_auto\.venv\Lib\site-packages\playwright\sync_api\_generated.py", line 9770, in goto
    self._sync(
    ~~~~~~~~~~^
        self._impl_obj.goto(
        ^^^^^^^^^^^^^^^^^^^^
    ...<4 lines>...
        )
        ^
    )
    ^
  File "E:\github\wk_python\chaoxing_auto\.venv\Lib\site-packages\playwright\_impl\_sync_base.py", line 115, in _sync
    return task.result()
           ~~~~~~~~~~~^^
  File "E:\github\wk_python\chaoxing_auto\.venv\Lib\site-packages\playwright\_impl\_page.py", line 560, in goto
    return await self._main_frame.goto(**locals_to_params(locals()))
           ^^^^^^^^^^^^^^^^^^^^^^^^^^^^^^^^^^^^^^^^^^^^^^^^^^^^^^^^^
  File "E:\github\wk_python\chaoxing_auto\.venv\Lib\site-packages\playwright\_impl\_frame.py", line 156, in goto
    await self._channel.send(
        "goto", self._navigation_timeout, locals_to_params(locals())
    )
  File "E:\github\wk_python\chaoxing_auto\.venv\Lib\site-packages\playwright\_impl\_connection.py", line 69, in send
    return await self._connection.wrap_api_call(
           ^^^^^^^^^^^^^^^^^^^^^^^^^^^^^^^^^^^^^
    ...<3 lines>...
    )
    ^
  File "E:\github\wk_python\chaoxing_auto\.venv\Lib\site-packages\playwright\_impl\_connection.py", line 563, in wrap_api_call
    raise rewrite_error(error, f"{parsed_st['apiName']}: {error}") from None
playwright._impl._errors.TargetClosedError: Page.goto: Target page, context or browser has been closed
2026-07-08 16:33:08 INFO 开始学习章节 [58/74]: 4.3 第三节 创业项目的选择
2026-07-08 16:33:08 INFO 打开章节: 4.3 第三节 创业项目的选择
2026-07-08 16:33:08 ERROR 保存截图失败: Page.screenshot: Target page, context or browser has been closed
Traceback (most recent call last):
  File "E:\github\wk_python\chaoxing_auto\utils\helper.py", line 63, in save_screenshot
    page.screenshot(path=str(path), full_page=True)
    ~~~~~~~~~~~~~~~^^^^^^^^^^^^^^^^^^^^^^^^^^^^^^^^
  File "E:\github\wk_python\chaoxing_auto\.venv\Lib\site-packages\playwright\sync_api\_generated.py", line 10754, in screenshot
    self._sync(
    ~~~~~~~~~~^
        self._impl_obj.screenshot(
        ^^^^^^^^^^^^^^^^^^^^^^^^^^
    ...<13 lines>...
        )
        ^
    )
    ^
  File "E:\github\wk_python\chaoxing_auto\.venv\Lib\site-packages\playwright\_impl\_sync_base.py", line 115, in _sync
    return task.result()
           ~~~~~~~~~~~^^
  File "E:\github\wk_python\chaoxing_auto\.venv\Lib\site-packages\playwright\_impl\_page.py", line 828, in screenshot
    encoded_binary = await self._channel.send(
                     ^^^^^^^^^^^^^^^^^^^^^^^^^
        "screenshot", self._timeout_settings.timeout, params
        ^^^^^^^^^^^^^^^^^^^^^^^^^^^^^^^^^^^^^^^^^^^^^^^^^^^^
    )
    ^
  File "E:\github\wk_python\chaoxing_auto\.venv\Lib\site-packages\playwright\_impl\_connection.py", line 69, in send
    return await self._connection.wrap_api_call(
           ^^^^^^^^^^^^^^^^^^^^^^^^^^^^^^^^^^^^^
    ...<3 lines>...
    )
    ^
  File "E:\github\wk_python\chaoxing_auto\.venv\Lib\site-packages\playwright\_impl\_connection.py", line 563, in wrap_api_call
    raise rewrite_error(error, f"{parsed_st['apiName']}: {error}") from None
playwright._impl._errors.TargetClosedError: Page.screenshot: Target page, context or browser has been closed
2026-07-08 16:33:08 ERROR 打开章节失败: Page.goto: Target page, context or browser has been closed
Traceback (most recent call last):
  File "E:\github\wk_python\chaoxing_auto\course\chapter.py", line 131, in open_chapter
    self.page.goto(url, wait_until="domcontentloaded", timeout=WAIT_TIME)
    ~~~~~~~~~~~~~~^^^^^^^^^^^^^^^^^^^^^^^^^^^^^^^^^^^^^^^^^^^^^^^^^^^^^^^
  File "E:\github\wk_python\chaoxing_auto\.venv\Lib\site-packages\playwright\sync_api\_generated.py", line 9770, in goto
    self._sync(
    ~~~~~~~~~~^
        self._impl_obj.goto(
        ^^^^^^^^^^^^^^^^^^^^
    ...<4 lines>...
        )
        ^
    )
    ^
  File "E:\github\wk_python\chaoxing_auto\.venv\Lib\site-packages\playwright\_impl\_sync_base.py", line 115, in _sync
    return task.result()
           ~~~~~~~~~~~^^
  File "E:\github\wk_python\chaoxing_auto\.venv\Lib\site-packages\playwright\_impl\_page.py", line 560, in goto
    return await self._main_frame.goto(**locals_to_params(locals()))
           ^^^^^^^^^^^^^^^^^^^^^^^^^^^^^^^^^^^^^^^^^^^^^^^^^^^^^^^^^
  File "E:\github\wk_python\chaoxing_auto\.venv\Lib\site-packages\playwright\_impl\_frame.py", line 156, in goto
    await self._channel.send(
        "goto", self._navigation_timeout, locals_to_params(locals())
    )
  File "E:\github\wk_python\chaoxing_auto\.venv\Lib\site-packages\playwright\_impl\_connection.py", line 69, in send
    return await self._connection.wrap_api_call(
           ^^^^^^^^^^^^^^^^^^^^^^^^^^^^^^^^^^^^^
    ...<3 lines>...
    )
    ^
  File "E:\github\wk_python\chaoxing_auto\.venv\Lib\site-packages\playwright\_impl\_connection.py", line 563, in wrap_api_call
    raise rewrite_error(error, f"{parsed_st['apiName']}: {error}") from None
playwright._impl._errors.TargetClosedError: Page.goto: Target page, context or browser has been closed
2026-07-08 16:33:08 ERROR 保存截图失败: Page.screenshot: Target page, context or browser has been closed
Traceback (most recent call last):
  File "E:\github\wk_python\chaoxing_auto\utils\helper.py", line 63, in save_screenshot
    page.screenshot(path=str(path), full_page=True)
    ~~~~~~~~~~~~~~~^^^^^^^^^^^^^^^^^^^^^^^^^^^^^^^^
  File "E:\github\wk_python\chaoxing_auto\.venv\Lib\site-packages\playwright\sync_api\_generated.py", line 10754, in screenshot
    self._sync(
    ~~~~~~~~~~^
        self._impl_obj.screenshot(
        ^^^^^^^^^^^^^^^^^^^^^^^^^^
    ...<13 lines>...
        )
        ^
    )
    ^
  File "E:\github\wk_python\chaoxing_auto\.venv\Lib\site-packages\playwright\_impl\_sync_base.py", line 115, in _sync
    return task.result()
           ~~~~~~~~~~~^^
  File "E:\github\wk_python\chaoxing_auto\.venv\Lib\site-packages\playwright\_impl\_page.py", line 828, in screenshot
    encoded_binary = await self._channel.send(
                     ^^^^^^^^^^^^^^^^^^^^^^^^^
        "screenshot", self._timeout_settings.timeout, params
        ^^^^^^^^^^^^^^^^^^^^^^^^^^^^^^^^^^^^^^^^^^^^^^^^^^^^
    )
    ^
  File "E:\github\wk_python\chaoxing_auto\.venv\Lib\site-packages\playwright\_impl\_connection.py", line 69, in send
    return await self._connection.wrap_api_call(
           ^^^^^^^^^^^^^^^^^^^^^^^^^^^^^^^^^^^^^
    ...<3 lines>...
    )
    ^
  File "E:\github\wk_python\chaoxing_auto\.venv\Lib\site-packages\playwright\_impl\_connection.py", line 563, in wrap_api_call
    raise rewrite_error(error, f"{parsed_st['apiName']}: {error}") from None
playwright._impl._errors.TargetClosedError: Page.screenshot: Target page, context or browser has been closed
2026-07-08 16:33:08 ERROR 章节处理失败，继续下一章节: 4.3 第三节 创业项目的选择，错误: Page.goto: Target page, context or browser has been closed
Traceback (most recent call last):
  File "E:\github\wk_python\chaoxing_auto\main.py", line 326, in _learn_open_course
    chapter_manager.open_chapter(chapter)
    ~~~~~~~~~~~~~~~~~~~~~~~~~~~~^^^^^^^^^
  File "E:\github\wk_python\chaoxing_auto\course\chapter.py", line 131, in open_chapter
    self.page.goto(url, wait_until="domcontentloaded", timeout=WAIT_TIME)
    ~~~~~~~~~~~~~~^^^^^^^^^^^^^^^^^^^^^^^^^^^^^^^^^^^^^^^^^^^^^^^^^^^^^^^
  File "E:\github\wk_python\chaoxing_auto\.venv\Lib\site-packages\playwright\sync_api\_generated.py", line 9770, in goto
    self._sync(
    ~~~~~~~~~~^
        self._impl_obj.goto(
        ^^^^^^^^^^^^^^^^^^^^
    ...<4 lines>...
        )
        ^
    )
    ^
  File "E:\github\wk_python\chaoxing_auto\.venv\Lib\site-packages\playwright\_impl\_sync_base.py", line 115, in _sync
    return task.result()
           ~~~~~~~~~~~^^
  File "E:\github\wk_python\chaoxing_auto\.venv\Lib\site-packages\playwright\_impl\_page.py", line 560, in goto
    return await self._main_frame.goto(**locals_to_params(locals()))
           ^^^^^^^^^^^^^^^^^^^^^^^^^^^^^^^^^^^^^^^^^^^^^^^^^^^^^^^^^
  File "E:\github\wk_python\chaoxing_auto\.venv\Lib\site-packages\playwright\_impl\_frame.py", line 156, in goto
    await self._channel.send(
        "goto", self._navigation_timeout, locals_to_params(locals())
    )
  File "E:\github\wk_python\chaoxing_auto\.venv\Lib\site-packages\playwright\_impl\_connection.py", line 69, in send
    return await self._connection.wrap_api_call(
           ^^^^^^^^^^^^^^^^^^^^^^^^^^^^^^^^^^^^^
    ...<3 lines>...
    )
    ^
  File "E:\github\wk_python\chaoxing_auto\.venv\Lib\site-packages\playwright\_impl\_connection.py", line 563, in wrap_api_call
    raise rewrite_error(error, f"{parsed_st['apiName']}: {error}") from None
playwright._impl._errors.TargetClosedError: Page.goto: Target page, context or browser has been closed
2026-07-08 16:33:08 INFO 开始学习章节 [59/74]: 5.1 第一节 创业机会评估
2026-07-08 16:33:08 INFO 打开章节: 5.1 第一节 创业机会评估
2026-07-08 16:33:08 ERROR 保存截图失败: Page.screenshot: Target page, context or browser has been closed
Traceback (most recent call last):
  File "E:\github\wk_python\chaoxing_auto\utils\helper.py", line 63, in save_screenshot
    page.screenshot(path=str(path), full_page=True)
    ~~~~~~~~~~~~~~~^^^^^^^^^^^^^^^^^^^^^^^^^^^^^^^^
  File "E:\github\wk_python\chaoxing_auto\.venv\Lib\site-packages\playwright\sync_api\_generated.py", line 10754, in screenshot
    self._sync(
    ~~~~~~~~~~^
        self._impl_obj.screenshot(
        ^^^^^^^^^^^^^^^^^^^^^^^^^^
    ...<13 lines>...
        )
        ^
    )
    ^
  File "E:\github\wk_python\chaoxing_auto\.venv\Lib\site-packages\playwright\_impl\_sync_base.py", line 115, in _sync
    return task.result()
           ~~~~~~~~~~~^^
  File "E:\github\wk_python\chaoxing_auto\.venv\Lib\site-packages\playwright\_impl\_page.py", line 828, in screenshot
    encoded_binary = await self._channel.send(
                     ^^^^^^^^^^^^^^^^^^^^^^^^^
        "screenshot", self._timeout_settings.timeout, params
        ^^^^^^^^^^^^^^^^^^^^^^^^^^^^^^^^^^^^^^^^^^^^^^^^^^^^
    )
    ^
  File "E:\github\wk_python\chaoxing_auto\.venv\Lib\site-packages\playwright\_impl\_connection.py", line 69, in send
    return await self._connection.wrap_api_call(
           ^^^^^^^^^^^^^^^^^^^^^^^^^^^^^^^^^^^^^
    ...<3 lines>...
    )
    ^
  File "E:\github\wk_python\chaoxing_auto\.venv\Lib\site-packages\playwright\_impl\_connection.py", line 563, in wrap_api_call
    raise rewrite_error(error, f"{parsed_st['apiName']}: {error}") from None
playwright._impl._errors.TargetClosedError: Page.screenshot: Target page, context or browser has been closed
2026-07-08 16:33:08 ERROR 打开章节失败: Page.goto: Target page, context or browser has been closed
Traceback (most recent call last):
  File "E:\github\wk_python\chaoxing_auto\course\chapter.py", line 131, in open_chapter
    self.page.goto(url, wait_until="domcontentloaded", timeout=WAIT_TIME)
    ~~~~~~~~~~~~~~^^^^^^^^^^^^^^^^^^^^^^^^^^^^^^^^^^^^^^^^^^^^^^^^^^^^^^^
  File "E:\github\wk_python\chaoxing_auto\.venv\Lib\site-packages\playwright\sync_api\_generated.py", line 9770, in goto
    self._sync(
    ~~~~~~~~~~^
        self._impl_obj.goto(
        ^^^^^^^^^^^^^^^^^^^^
    ...<4 lines>...
        )
        ^
    )
    ^
  File "E:\github\wk_python\chaoxing_auto\.venv\Lib\site-packages\playwright\_impl\_sync_base.py", line 115, in _sync
    return task.result()
           ~~~~~~~~~~~^^
  File "E:\github\wk_python\chaoxing_auto\.venv\Lib\site-packages\playwright\_impl\_page.py", line 560, in goto
    return await self._main_frame.goto(**locals_to_params(locals()))
           ^^^^^^^^^^^^^^^^^^^^^^^^^^^^^^^^^^^^^^^^^^^^^^^^^^^^^^^^^
  File "E:\github\wk_python\chaoxing_auto\.venv\Lib\site-packages\playwright\_impl\_frame.py", line 156, in goto
    await self._channel.send(
        "goto", self._navigation_timeout, locals_to_params(locals())
    )
  File "E:\github\wk_python\chaoxing_auto\.venv\Lib\site-packages\playwright\_impl\_connection.py", line 69, in send
    return await self._connection.wrap_api_call(
           ^^^^^^^^^^^^^^^^^^^^^^^^^^^^^^^^^^^^^
    ...<3 lines>...
    )
    ^
  File "E:\github\wk_python\chaoxing_auto\.venv\Lib\site-packages\playwright\_impl\_connection.py", line 563, in wrap_api_call
    raise rewrite_error(error, f"{parsed_st['apiName']}: {error}") from None
playwright._impl._errors.TargetClosedError: Page.goto: Target page, context or browser has been closed
2026-07-08 16:33:08 ERROR 保存截图失败: Page.screenshot: Target page, context or browser has been closed
Traceback (most recent call last):
  File "E:\github\wk_python\chaoxing_auto\utils\helper.py", line 63, in save_screenshot
    page.screenshot(path=str(path), full_page=True)
    ~~~~~~~~~~~~~~~^^^^^^^^^^^^^^^^^^^^^^^^^^^^^^^^
  File "E:\github\wk_python\chaoxing_auto\.venv\Lib\site-packages\playwright\sync_api\_generated.py", line 10754, in screenshot
    self._sync(
    ~~~~~~~~~~^
        self._impl_obj.screenshot(
        ^^^^^^^^^^^^^^^^^^^^^^^^^^
    ...<13 lines>...
        )
        ^
    )
    ^
  File "E:\github\wk_python\chaoxing_auto\.venv\Lib\site-packages\playwright\_impl\_sync_base.py", line 115, in _sync
    return task.result()
           ~~~~~~~~~~~^^
  File "E:\github\wk_python\chaoxing_auto\.venv\Lib\site-packages\playwright\_impl\_page.py", line 828, in screenshot
    encoded_binary = await self._channel.send(
                     ^^^^^^^^^^^^^^^^^^^^^^^^^
        "screenshot", self._timeout_settings.timeout, params
        ^^^^^^^^^^^^^^^^^^^^^^^^^^^^^^^^^^^^^^^^^^^^^^^^^^^^
    )
    ^
  File "E:\github\wk_python\chaoxing_auto\.venv\Lib\site-packages\playwright\_impl\_connection.py", line 69, in send
    return await self._connection.wrap_api_call(
           ^^^^^^^^^^^^^^^^^^^^^^^^^^^^^^^^^^^^^
    ...<3 lines>...
    )
    ^
  File "E:\github\wk_python\chaoxing_auto\.venv\Lib\site-packages\playwright\_impl\_connection.py", line 563, in wrap_api_call
    raise rewrite_error(error, f"{parsed_st['apiName']}: {error}") from None
playwright._impl._errors.TargetClosedError: Page.screenshot: Target page, context or browser has been closed
2026-07-08 16:33:08 ERROR 章节处理失败，继续下一章节: 5.1 第一节 创业机会评估，错误: Page.goto: Target page, context or browser has been closed
Traceback (most recent call last):
  File "E:\github\wk_python\chaoxing_auto\main.py", line 326, in _learn_open_course
    chapter_manager.open_chapter(chapter)
    ~~~~~~~~~~~~~~~~~~~~~~~~~~~~^^^^^^^^^
  File "E:\github\wk_python\chaoxing_auto\course\chapter.py", line 131, in open_chapter
    self.page.goto(url, wait_until="domcontentloaded", timeout=WAIT_TIME)
    ~~~~~~~~~~~~~~^^^^^^^^^^^^^^^^^^^^^^^^^^^^^^^^^^^^^^^^^^^^^^^^^^^^^^^
  File "E:\github\wk_python\chaoxing_auto\.venv\Lib\site-packages\playwright\sync_api\_generated.py", line 9770, in goto
    self._sync(
    ~~~~~~~~~~^
        self._impl_obj.goto(
        ^^^^^^^^^^^^^^^^^^^^
    ...<4 lines>...
        )
        ^
    )
    ^
  File "E:\github\wk_python\chaoxing_auto\.venv\Lib\site-packages\playwright\_impl\_sync_base.py", line 115, in _sync
    return task.result()
           ~~~~~~~~~~~^^
  File "E:\github\wk_python\chaoxing_auto\.venv\Lib\site-packages\playwright\_impl\_page.py", line 560, in goto
    return await self._main_frame.goto(**locals_to_params(locals()))
           ^^^^^^^^^^^^^^^^^^^^^^^^^^^^^^^^^^^^^^^^^^^^^^^^^^^^^^^^^
  File "E:\github\wk_python\chaoxing_auto\.venv\Lib\site-packages\playwright\_impl\_frame.py", line 156, in goto
    await self._channel.send(
        "goto", self._navigation_timeout, locals_to_params(locals())
    )
  File "E:\github\wk_python\chaoxing_auto\.venv\Lib\site-packages\playwright\_impl\_connection.py", line 69, in send
    return await self._connection.wrap_api_call(
           ^^^^^^^^^^^^^^^^^^^^^^^^^^^^^^^^^^^^^
    ...<3 lines>...
    )
    ^
  File "E:\github\wk_python\chaoxing_auto\.venv\Lib\site-packages\playwright\_impl\_connection.py", line 563, in wrap_api_call
    raise rewrite_error(error, f"{parsed_st['apiName']}: {error}") from None
playwright._impl._errors.TargetClosedError: Page.goto: Target page, context or browser has been closed
2026-07-08 16:33:08 INFO 开始学习章节 [60/74]: 5.2 第二节 创业风险防范
2026-07-08 16:33:08 INFO 打开章节: 5.2 第二节 创业风险防范
2026-07-08 16:33:08 ERROR 保存截图失败: Page.screenshot: Target page, context or browser has been closed
Traceback (most recent call last):
  File "E:\github\wk_python\chaoxing_auto\utils\helper.py", line 63, in save_screenshot
    page.screenshot(path=str(path), full_page=True)
    ~~~~~~~~~~~~~~~^^^^^^^^^^^^^^^^^^^^^^^^^^^^^^^^
  File "E:\github\wk_python\chaoxing_auto\.venv\Lib\site-packages\playwright\sync_api\_generated.py", line 10754, in screenshot
    self._sync(
    ~~~~~~~~~~^
        self._impl_obj.screenshot(
        ^^^^^^^^^^^^^^^^^^^^^^^^^^
    ...<13 lines>...
        )
        ^
    )
    ^
  File "E:\github\wk_python\chaoxing_auto\.venv\Lib\site-packages\playwright\_impl\_sync_base.py", line 115, in _sync
    return task.result()
           ~~~~~~~~~~~^^
  File "E:\github\wk_python\chaoxing_auto\.venv\Lib\site-packages\playwright\_impl\_page.py", line 828, in screenshot
    encoded_binary = await self._channel.send(
                     ^^^^^^^^^^^^^^^^^^^^^^^^^
        "screenshot", self._timeout_settings.timeout, params
        ^^^^^^^^^^^^^^^^^^^^^^^^^^^^^^^^^^^^^^^^^^^^^^^^^^^^
    )
    ^
  File "E:\github\wk_python\chaoxing_auto\.venv\Lib\site-packages\playwright\_impl\_connection.py", line 69, in send
    return await self._connection.wrap_api_call(
           ^^^^^^^^^^^^^^^^^^^^^^^^^^^^^^^^^^^^^
    ...<3 lines>...
    )
    ^
  File "E:\github\wk_python\chaoxing_auto\.venv\Lib\site-packages\playwright\_impl\_connection.py", line 563, in wrap_api_call
    raise rewrite_error(error, f"{parsed_st['apiName']}: {error}") from None
playwright._impl._errors.TargetClosedError: Page.screenshot: Target page, context or browser has been closed
2026-07-08 16:33:08 ERROR 打开章节失败: Page.goto: Target page, context or browser has been closed
Traceback (most recent call last):
  File "E:\github\wk_python\chaoxing_auto\course\chapter.py", line 131, in open_chapter
    self.page.goto(url, wait_until="domcontentloaded", timeout=WAIT_TIME)
    ~~~~~~~~~~~~~~^^^^^^^^^^^^^^^^^^^^^^^^^^^^^^^^^^^^^^^^^^^^^^^^^^^^^^^
  File "E:\github\wk_python\chaoxing_auto\.venv\Lib\site-packages\playwright\sync_api\_generated.py", line 9770, in goto
    self._sync(
    ~~~~~~~~~~^
        self._impl_obj.goto(
        ^^^^^^^^^^^^^^^^^^^^
    ...<4 lines>...
        )
        ^
    )
    ^
  File "E:\github\wk_python\chaoxing_auto\.venv\Lib\site-packages\playwright\_impl\_sync_base.py", line 115, in _sync
    return task.result()
           ~~~~~~~~~~~^^
  File "E:\github\wk_python\chaoxing_auto\.venv\Lib\site-packages\playwright\_impl\_page.py", line 560, in goto
    return await self._main_frame.goto(**locals_to_params(locals()))
           ^^^^^^^^^^^^^^^^^^^^^^^^^^^^^^^^^^^^^^^^^^^^^^^^^^^^^^^^^
  File "E:\github\wk_python\chaoxing_auto\.venv\Lib\site-packages\playwright\_impl\_frame.py", line 156, in goto
    await self._channel.send(
        "goto", self._navigation_timeout, locals_to_params(locals())
    )
  File "E:\github\wk_python\chaoxing_auto\.venv\Lib\site-packages\playwright\_impl\_connection.py", line 69, in send
    return await self._connection.wrap_api_call(
           ^^^^^^^^^^^^^^^^^^^^^^^^^^^^^^^^^^^^^
    ...<3 lines>...
    )
    ^
  File "E:\github\wk_python\chaoxing_auto\.venv\Lib\site-packages\playwright\_impl\_connection.py", line 563, in wrap_api_call
    raise rewrite_error(error, f"{parsed_st['apiName']}: {error}") from None
playwright._impl._errors.TargetClosedError: Page.goto: Target page, context or browser has been closed
2026-07-08 16:33:08 ERROR 保存截图失败: Page.screenshot: Target page, context or browser has been closed
Traceback (most recent call last):
  File "E:\github\wk_python\chaoxing_auto\utils\helper.py", line 63, in save_screenshot
    page.screenshot(path=str(path), full_page=True)
    ~~~~~~~~~~~~~~~^^^^^^^^^^^^^^^^^^^^^^^^^^^^^^^^
  File "E:\github\wk_python\chaoxing_auto\.venv\Lib\site-packages\playwright\sync_api\_generated.py", line 10754, in screenshot
    self._sync(
    ~~~~~~~~~~^
        self._impl_obj.screenshot(
        ^^^^^^^^^^^^^^^^^^^^^^^^^^
    ...<13 lines>...
        )
        ^
    )
    ^
  File "E:\github\wk_python\chaoxing_auto\.venv\Lib\site-packages\playwright\_impl\_sync_base.py", line 115, in _sync
    return task.result()
           ~~~~~~~~~~~^^
  File "E:\github\wk_python\chaoxing_auto\.venv\Lib\site-packages\playwright\_impl\_page.py", line 828, in screenshot
    encoded_binary = await self._channel.send(
                     ^^^^^^^^^^^^^^^^^^^^^^^^^
        "screenshot", self._timeout_settings.timeout, params
        ^^^^^^^^^^^^^^^^^^^^^^^^^^^^^^^^^^^^^^^^^^^^^^^^^^^^
    )
    ^
  File "E:\github\wk_python\chaoxing_auto\.venv\Lib\site-packages\playwright\_impl\_connection.py", line 69, in send
    return await self._connection.wrap_api_call(
           ^^^^^^^^^^^^^^^^^^^^^^^^^^^^^^^^^^^^^
    ...<3 lines>...
    )
    ^
  File "E:\github\wk_python\chaoxing_auto\.venv\Lib\site-packages\playwright\_impl\_connection.py", line 563, in wrap_api_call
    raise rewrite_error(error, f"{parsed_st['apiName']}: {error}") from None
playwright._impl._errors.TargetClosedError: Page.screenshot: Target page, context or browser has been closed
2026-07-08 16:33:08 ERROR 章节处理失败，继续下一章节: 5.2 第二节 创业风险防范，错误: Page.goto: Target page, context or browser has been closed
Traceback (most recent call last):
  File "E:\github\wk_python\chaoxing_auto\main.py", line 326, in _learn_open_course
    chapter_manager.open_chapter(chapter)
    ~~~~~~~~~~~~~~~~~~~~~~~~~~~~^^^^^^^^^
  File "E:\github\wk_python\chaoxing_auto\course\chapter.py", line 131, in open_chapter
    self.page.goto(url, wait_until="domcontentloaded", timeout=WAIT_TIME)
    ~~~~~~~~~~~~~~^^^^^^^^^^^^^^^^^^^^^^^^^^^^^^^^^^^^^^^^^^^^^^^^^^^^^^^
  File "E:\github\wk_python\chaoxing_auto\.venv\Lib\site-packages\playwright\sync_api\_generated.py", line 9770, in goto
    self._sync(
    ~~~~~~~~~~^
        self._impl_obj.goto(
        ^^^^^^^^^^^^^^^^^^^^
    ...<4 lines>...
        )
        ^
    )
    ^
  File "E:\github\wk_python\chaoxing_auto\.venv\Lib\site-packages\playwright\_impl\_sync_base.py", line 115, in _sync
    return task.result()
           ~~~~~~~~~~~^^
  File "E:\github\wk_python\chaoxing_auto\.venv\Lib\site-packages\playwright\_impl\_page.py", line 560, in goto
    return await self._main_frame.goto(**locals_to_params(locals()))
           ^^^^^^^^^^^^^^^^^^^^^^^^^^^^^^^^^^^^^^^^^^^^^^^^^^^^^^^^^
  File "E:\github\wk_python\chaoxing_auto\.venv\Lib\site-packages\playwright\_impl\_frame.py", line 156, in goto
    await self._channel.send(
        "goto", self._navigation_timeout, locals_to_params(locals())
    )
  File "E:\github\wk_python\chaoxing_auto\.venv\Lib\site-packages\playwright\_impl\_connection.py", line 69, in send
    return await self._connection.wrap_api_call(
           ^^^^^^^^^^^^^^^^^^^^^^^^^^^^^^^^^^^^^
    ...<3 lines>...
    )
    ^
  File "E:\github\wk_python\chaoxing_auto\.venv\Lib\site-packages\playwright\_impl\_connection.py", line 563, in wrap_api_call
    raise rewrite_error(error, f"{parsed_st['apiName']}: {error}") from None
playwright._impl._errors.TargetClosedError: Page.goto: Target page, context or browser has been closed
2026-07-08 16:33:08 INFO 开始学习章节 [61/74]: 5.3 第三节 创业资源整合
2026-07-08 16:33:08 INFO 打开章节: 5.3 第三节 创业资源整合
2026-07-08 16:33:08 ERROR 保存截图失败: Page.screenshot: Target page, context or browser has been closed
Traceback (most recent call last):
  File "E:\github\wk_python\chaoxing_auto\utils\helper.py", line 63, in save_screenshot
    page.screenshot(path=str(path), full_page=True)
    ~~~~~~~~~~~~~~~^^^^^^^^^^^^^^^^^^^^^^^^^^^^^^^^
  File "E:\github\wk_python\chaoxing_auto\.venv\Lib\site-packages\playwright\sync_api\_generated.py", line 10754, in screenshot
    self._sync(
    ~~~~~~~~~~^
        self._impl_obj.screenshot(
        ^^^^^^^^^^^^^^^^^^^^^^^^^^
    ...<13 lines>...
        )
        ^
    )
    ^
  File "E:\github\wk_python\chaoxing_auto\.venv\Lib\site-packages\playwright\_impl\_sync_base.py", line 115, in _sync
    return task.result()
           ~~~~~~~~~~~^^
  File "E:\github\wk_python\chaoxing_auto\.venv\Lib\site-packages\playwright\_impl\_page.py", line 828, in screenshot
    encoded_binary = await self._channel.send(
                     ^^^^^^^^^^^^^^^^^^^^^^^^^
        "screenshot", self._timeout_settings.timeout, params
        ^^^^^^^^^^^^^^^^^^^^^^^^^^^^^^^^^^^^^^^^^^^^^^^^^^^^
    )
    ^
  File "E:\github\wk_python\chaoxing_auto\.venv\Lib\site-packages\playwright\_impl\_connection.py", line 69, in send
    return await self._connection.wrap_api_call(
           ^^^^^^^^^^^^^^^^^^^^^^^^^^^^^^^^^^^^^
    ...<3 lines>...
    )
    ^
  File "E:\github\wk_python\chaoxing_auto\.venv\Lib\site-packages\playwright\_impl\_connection.py", line 563, in wrap_api_call
    raise rewrite_error(error, f"{parsed_st['apiName']}: {error}") from None
playwright._impl._errors.TargetClosedError: Page.screenshot: Target page, context or browser has been closed
2026-07-08 16:33:08 ERROR 打开章节失败: Page.goto: Target page, context or browser has been closed
Traceback (most recent call last):
  File "E:\github\wk_python\chaoxing_auto\course\chapter.py", line 131, in open_chapter
    self.page.goto(url, wait_until="domcontentloaded", timeout=WAIT_TIME)
    ~~~~~~~~~~~~~~^^^^^^^^^^^^^^^^^^^^^^^^^^^^^^^^^^^^^^^^^^^^^^^^^^^^^^^
  File "E:\github\wk_python\chaoxing_auto\.venv\Lib\site-packages\playwright\sync_api\_generated.py", line 9770, in goto
    self._sync(
    ~~~~~~~~~~^
        self._impl_obj.goto(
        ^^^^^^^^^^^^^^^^^^^^
    ...<4 lines>...
        )
        ^
    )
    ^
  File "E:\github\wk_python\chaoxing_auto\.venv\Lib\site-packages\playwright\_impl\_sync_base.py", line 115, in _sync
    return task.result()
           ~~~~~~~~~~~^^
  File "E:\github\wk_python\chaoxing_auto\.venv\Lib\site-packages\playwright\_impl\_page.py", line 560, in goto
    return await self._main_frame.goto(**locals_to_params(locals()))
           ^^^^^^^^^^^^^^^^^^^^^^^^^^^^^^^^^^^^^^^^^^^^^^^^^^^^^^^^^
  File "E:\github\wk_python\chaoxing_auto\.venv\Lib\site-packages\playwright\_impl\_frame.py", line 156, in goto
    await self._channel.send(
        "goto", self._navigation_timeout, locals_to_params(locals())
    )
  File "E:\github\wk_python\chaoxing_auto\.venv\Lib\site-packages\playwright\_impl\_connection.py", line 69, in send
    return await self._connection.wrap_api_call(
           ^^^^^^^^^^^^^^^^^^^^^^^^^^^^^^^^^^^^^
    ...<3 lines>...
    )
    ^
  File "E:\github\wk_python\chaoxing_auto\.venv\Lib\site-packages\playwright\_impl\_connection.py", line 563, in wrap_api_call
    raise rewrite_error(error, f"{parsed_st['apiName']}: {error}") from None
playwright._impl._errors.TargetClosedError: Page.goto: Target page, context or browser has been closed
2026-07-08 16:33:08 ERROR 保存截图失败: Page.screenshot: Target page, context or browser has been closed
Traceback (most recent call last):
  File "E:\github\wk_python\chaoxing_auto\utils\helper.py", line 63, in save_screenshot
    page.screenshot(path=str(path), full_page=True)
    ~~~~~~~~~~~~~~~^^^^^^^^^^^^^^^^^^^^^^^^^^^^^^^^
  File "E:\github\wk_python\chaoxing_auto\.venv\Lib\site-packages\playwright\sync_api\_generated.py", line 10754, in screenshot
    self._sync(
    ~~~~~~~~~~^
        self._impl_obj.screenshot(
        ^^^^^^^^^^^^^^^^^^^^^^^^^^
    ...<13 lines>...
        )
        ^
    )
    ^
  File "E:\github\wk_python\chaoxing_auto\.venv\Lib\site-packages\playwright\_impl\_sync_base.py", line 115, in _sync
    return task.result()
           ~~~~~~~~~~~^^
  File "E:\github\wk_python\chaoxing_auto\.venv\Lib\site-packages\playwright\_impl\_page.py", line 828, in screenshot
    encoded_binary = await self._channel.send(
                     ^^^^^^^^^^^^^^^^^^^^^^^^^
        "screenshot", self._timeout_settings.timeout, params
        ^^^^^^^^^^^^^^^^^^^^^^^^^^^^^^^^^^^^^^^^^^^^^^^^^^^^
    )
    ^
  File "E:\github\wk_python\chaoxing_auto\.venv\Lib\site-packages\playwright\_impl\_connection.py", line 69, in send
    return await self._connection.wrap_api_call(
           ^^^^^^^^^^^^^^^^^^^^^^^^^^^^^^^^^^^^^
    ...<3 lines>...
    )
    ^
  File "E:\github\wk_python\chaoxing_auto\.venv\Lib\site-packages\playwright\_impl\_connection.py", line 563, in wrap_api_call
    raise rewrite_error(error, f"{parsed_st['apiName']}: {error}") from None
playwright._impl._errors.TargetClosedError: Page.screenshot: Target page, context or browser has been closed
2026-07-08 16:33:08 ERROR 章节处理失败，继续下一章节: 5.3 第三节 创业资源整合，错误: Page.goto: Target page, context or browser has been closed
Traceback (most recent call last):
  File "E:\github\wk_python\chaoxing_auto\main.py", line 326, in _learn_open_course
    chapter_manager.open_chapter(chapter)
    ~~~~~~~~~~~~~~~~~~~~~~~~~~~~^^^^^^^^^
  File "E:\github\wk_python\chaoxing_auto\course\chapter.py", line 131, in open_chapter
    self.page.goto(url, wait_until="domcontentloaded", timeout=WAIT_TIME)
    ~~~~~~~~~~~~~~^^^^^^^^^^^^^^^^^^^^^^^^^^^^^^^^^^^^^^^^^^^^^^^^^^^^^^^
  File "E:\github\wk_python\chaoxing_auto\.venv\Lib\site-packages\playwright\sync_api\_generated.py", line 9770, in goto
    self._sync(
    ~~~~~~~~~~^
        self._impl_obj.goto(
        ^^^^^^^^^^^^^^^^^^^^
    ...<4 lines>...
        )
        ^
    )
    ^
  File "E:\github\wk_python\chaoxing_auto\.venv\Lib\site-packages\playwright\_impl\_sync_base.py", line 115, in _sync
    return task.result()
           ~~~~~~~~~~~^^
  File "E:\github\wk_python\chaoxing_auto\.venv\Lib\site-packages\playwright\_impl\_page.py", line 560, in goto
    return await self._main_frame.goto(**locals_to_params(locals()))
           ^^^^^^^^^^^^^^^^^^^^^^^^^^^^^^^^^^^^^^^^^^^^^^^^^^^^^^^^^
  File "E:\github\wk_python\chaoxing_auto\.venv\Lib\site-packages\playwright\_impl\_frame.py", line 156, in goto
    await self._channel.send(
        "goto", self._navigation_timeout, locals_to_params(locals())
    )
  File "E:\github\wk_python\chaoxing_auto\.venv\Lib\site-packages\playwright\_impl\_connection.py", line 69, in send
    return await self._connection.wrap_api_call(
           ^^^^^^^^^^^^^^^^^^^^^^^^^^^^^^^^^^^^^
    ...<3 lines>...
    )
    ^
  File "E:\github\wk_python\chaoxing_auto\.venv\Lib\site-packages\playwright\_impl\_connection.py", line 563, in wrap_api_call
    raise rewrite_error(error, f"{parsed_st['apiName']}: {error}") from None
playwright._impl._errors.TargetClosedError: Page.goto: Target page, context or browser has been closed
2026-07-08 16:33:08 INFO 开始学习章节 [62/74]: 6.1 第一节 选择一个创业“领袖”
2026-07-08 16:33:08 INFO 打开章节: 6.1 第一节 选择一个创业“领袖”
2026-07-08 16:33:08 ERROR 保存截图失败: Page.screenshot: Target page, context or browser has been closed
Traceback (most recent call last):
  File "E:\github\wk_python\chaoxing_auto\utils\helper.py", line 63, in save_screenshot
    page.screenshot(path=str(path), full_page=True)
    ~~~~~~~~~~~~~~~^^^^^^^^^^^^^^^^^^^^^^^^^^^^^^^^
  File "E:\github\wk_python\chaoxing_auto\.venv\Lib\site-packages\playwright\sync_api\_generated.py", line 10754, in screenshot
    self._sync(
    ~~~~~~~~~~^
        self._impl_obj.screenshot(
        ^^^^^^^^^^^^^^^^^^^^^^^^^^
    ...<13 lines>...
        )
        ^
    )
    ^
  File "E:\github\wk_python\chaoxing_auto\.venv\Lib\site-packages\playwright\_impl\_sync_base.py", line 115, in _sync
    return task.result()
           ~~~~~~~~~~~^^
  File "E:\github\wk_python\chaoxing_auto\.venv\Lib\site-packages\playwright\_impl\_page.py", line 828, in screenshot
    encoded_binary = await self._channel.send(
                     ^^^^^^^^^^^^^^^^^^^^^^^^^
        "screenshot", self._timeout_settings.timeout, params
        ^^^^^^^^^^^^^^^^^^^^^^^^^^^^^^^^^^^^^^^^^^^^^^^^^^^^
    )
    ^
  File "E:\github\wk_python\chaoxing_auto\.venv\Lib\site-packages\playwright\_impl\_connection.py", line 69, in send
    return await self._connection.wrap_api_call(
           ^^^^^^^^^^^^^^^^^^^^^^^^^^^^^^^^^^^^^
    ...<3 lines>...
    )
    ^
  File "E:\github\wk_python\chaoxing_auto\.venv\Lib\site-packages\playwright\_impl\_connection.py", line 563, in wrap_api_call
    raise rewrite_error(error, f"{parsed_st['apiName']}: {error}") from None
playwright._impl._errors.TargetClosedError: Page.screenshot: Target page, context or browser has been closed
2026-07-08 16:33:08 ERROR 打开章节失败: Page.goto: Target page, context or browser has been closed
Traceback (most recent call last):
  File "E:\github\wk_python\chaoxing_auto\course\chapter.py", line 131, in open_chapter
    self.page.goto(url, wait_until="domcontentloaded", timeout=WAIT_TIME)
    ~~~~~~~~~~~~~~^^^^^^^^^^^^^^^^^^^^^^^^^^^^^^^^^^^^^^^^^^^^^^^^^^^^^^^
  File "E:\github\wk_python\chaoxing_auto\.venv\Lib\site-packages\playwright\sync_api\_generated.py", line 9770, in goto
    self._sync(
    ~~~~~~~~~~^
        self._impl_obj.goto(
        ^^^^^^^^^^^^^^^^^^^^
    ...<4 lines>...
        )
        ^
    )
    ^
  File "E:\github\wk_python\chaoxing_auto\.venv\Lib\site-packages\playwright\_impl\_sync_base.py", line 115, in _sync
    return task.result()
           ~~~~~~~~~~~^^
  File "E:\github\wk_python\chaoxing_auto\.venv\Lib\site-packages\playwright\_impl\_page.py", line 560, in goto
    return await self._main_frame.goto(**locals_to_params(locals()))
           ^^^^^^^^^^^^^^^^^^^^^^^^^^^^^^^^^^^^^^^^^^^^^^^^^^^^^^^^^
  File "E:\github\wk_python\chaoxing_auto\.venv\Lib\site-packages\playwright\_impl\_frame.py", line 156, in goto
    await self._channel.send(
        "goto", self._navigation_timeout, locals_to_params(locals())
    )
  File "E:\github\wk_python\chaoxing_auto\.venv\Lib\site-packages\playwright\_impl\_connection.py", line 69, in send
    return await self._connection.wrap_api_call(
           ^^^^^^^^^^^^^^^^^^^^^^^^^^^^^^^^^^^^^
    ...<3 lines>...
    )
    ^
  File "E:\github\wk_python\chaoxing_auto\.venv\Lib\site-packages\playwright\_impl\_connection.py", line 563, in wrap_api_call
    raise rewrite_error(error, f"{parsed_st['apiName']}: {error}") from None
playwright._impl._errors.TargetClosedError: Page.goto: Target page, context or browser has been closed
2026-07-08 16:33:08 ERROR 保存截图失败: Page.screenshot: Target page, context or browser has been closed
Traceback (most recent call last):
  File "E:\github\wk_python\chaoxing_auto\utils\helper.py", line 63, in save_screenshot
    page.screenshot(path=str(path), full_page=True)
    ~~~~~~~~~~~~~~~^^^^^^^^^^^^^^^^^^^^^^^^^^^^^^^^
  File "E:\github\wk_python\chaoxing_auto\.venv\Lib\site-packages\playwright\sync_api\_generated.py", line 10754, in screenshot
    self._sync(
    ~~~~~~~~~~^
        self._impl_obj.screenshot(
        ^^^^^^^^^^^^^^^^^^^^^^^^^^
    ...<13 lines>...
        )
        ^
    )
    ^
  File "E:\github\wk_python\chaoxing_auto\.venv\Lib\site-packages\playwright\_impl\_sync_base.py", line 115, in _sync
    return task.result()
           ~~~~~~~~~~~^^
  File "E:\github\wk_python\chaoxing_auto\.venv\Lib\site-packages\playwright\_impl\_page.py", line 828, in screenshot
    encoded_binary = await self._channel.send(
                     ^^^^^^^^^^^^^^^^^^^^^^^^^
        "screenshot", self._timeout_settings.timeout, params
        ^^^^^^^^^^^^^^^^^^^^^^^^^^^^^^^^^^^^^^^^^^^^^^^^^^^^
    )
    ^
  File "E:\github\wk_python\chaoxing_auto\.venv\Lib\site-packages\playwright\_impl\_connection.py", line 69, in send
    return await self._connection.wrap_api_call(
           ^^^^^^^^^^^^^^^^^^^^^^^^^^^^^^^^^^^^^
    ...<3 lines>...
    )
    ^
  File "E:\github\wk_python\chaoxing_auto\.venv\Lib\site-packages\playwright\_impl\_connection.py", line 563, in wrap_api_call
    raise rewrite_error(error, f"{parsed_st['apiName']}: {error}") from None
playwright._impl._errors.TargetClosedError: Page.screenshot: Target page, context or browser has been closed
2026-07-08 16:33:08 ERROR 章节处理失败，继续下一章节: 6.1 第一节 选择一个创业“领袖”，错误: Page.goto: Target page, context or browser has been closed
Traceback (most recent call last):
  File "E:\github\wk_python\chaoxing_auto\main.py", line 326, in _learn_open_course
    chapter_manager.open_chapter(chapter)
    ~~~~~~~~~~~~~~~~~~~~~~~~~~~~^^^^^^^^^
  File "E:\github\wk_python\chaoxing_auto\course\chapter.py", line 131, in open_chapter
    self.page.goto(url, wait_until="domcontentloaded", timeout=WAIT_TIME)
    ~~~~~~~~~~~~~~^^^^^^^^^^^^^^^^^^^^^^^^^^^^^^^^^^^^^^^^^^^^^^^^^^^^^^^
  File "E:\github\wk_python\chaoxing_auto\.venv\Lib\site-packages\playwright\sync_api\_generated.py", line 9770, in goto
    self._sync(
    ~~~~~~~~~~^
        self._impl_obj.goto(
        ^^^^^^^^^^^^^^^^^^^^
    ...<4 lines>...
        )
        ^
    )
    ^
  File "E:\github\wk_python\chaoxing_auto\.venv\Lib\site-packages\playwright\_impl\_sync_base.py", line 115, in _sync
    return task.result()
           ~~~~~~~~~~~^^
  File "E:\github\wk_python\chaoxing_auto\.venv\Lib\site-packages\playwright\_impl\_page.py", line 560, in goto
    return await self._main_frame.goto(**locals_to_params(locals()))
           ^^^^^^^^^^^^^^^^^^^^^^^^^^^^^^^^^^^^^^^^^^^^^^^^^^^^^^^^^
  File "E:\github\wk_python\chaoxing_auto\.venv\Lib\site-packages\playwright\_impl\_frame.py", line 156, in goto
    await self._channel.send(
        "goto", self._navigation_timeout, locals_to_params(locals())
    )
  File "E:\github\wk_python\chaoxing_auto\.venv\Lib\site-packages\playwright\_impl\_connection.py", line 69, in send
    return await self._connection.wrap_api_call(
           ^^^^^^^^^^^^^^^^^^^^^^^^^^^^^^^^^^^^^
    ...<3 lines>...
    )
    ^
  File "E:\github\wk_python\chaoxing_auto\.venv\Lib\site-packages\playwright\_impl\_connection.py", line 563, in wrap_api_call
    raise rewrite_error(error, f"{parsed_st['apiName']}: {error}") from None
playwright._impl._errors.TargetClosedError: Page.goto: Target page, context or browser has been closed
2026-07-08 16:33:08 INFO 开始学习章节 [63/74]: 6.2 第二节 组建一支高效的创业团队
2026-07-08 16:33:08 INFO 打开章节: 6.2 第二节 组建一支高效的创业团队
2026-07-08 16:33:08 ERROR 保存截图失败: Page.screenshot: Target page, context or browser has been closed
Traceback (most recent call last):
  File "E:\github\wk_python\chaoxing_auto\utils\helper.py", line 63, in save_screenshot
    page.screenshot(path=str(path), full_page=True)
    ~~~~~~~~~~~~~~~^^^^^^^^^^^^^^^^^^^^^^^^^^^^^^^^
  File "E:\github\wk_python\chaoxing_auto\.venv\Lib\site-packages\playwright\sync_api\_generated.py", line 10754, in screenshot
    self._sync(
    ~~~~~~~~~~^
        self._impl_obj.screenshot(
        ^^^^^^^^^^^^^^^^^^^^^^^^^^
    ...<13 lines>...
        )
        ^
    )
    ^
  File "E:\github\wk_python\chaoxing_auto\.venv\Lib\site-packages\playwright\_impl\_sync_base.py", line 115, in _sync
    return task.result()
           ~~~~~~~~~~~^^
  File "E:\github\wk_python\chaoxing_auto\.venv\Lib\site-packages\playwright\_impl\_page.py", line 828, in screenshot
    encoded_binary = await self._channel.send(
                     ^^^^^^^^^^^^^^^^^^^^^^^^^
        "screenshot", self._timeout_settings.timeout, params
        ^^^^^^^^^^^^^^^^^^^^^^^^^^^^^^^^^^^^^^^^^^^^^^^^^^^^
    )
    ^
  File "E:\github\wk_python\chaoxing_auto\.venv\Lib\site-packages\playwright\_impl\_connection.py", line 69, in send
    return await self._connection.wrap_api_call(
           ^^^^^^^^^^^^^^^^^^^^^^^^^^^^^^^^^^^^^
    ...<3 lines>...
    )
    ^
  File "E:\github\wk_python\chaoxing_auto\.venv\Lib\site-packages\playwright\_impl\_connection.py", line 563, in wrap_api_call
    raise rewrite_error(error, f"{parsed_st['apiName']}: {error}") from None
playwright._impl._errors.TargetClosedError: Page.screenshot: Target page, context or browser has been closed
2026-07-08 16:33:08 ERROR 打开章节失败: Page.goto: Target page, context or browser has been closed
Traceback (most recent call last):
  File "E:\github\wk_python\chaoxing_auto\course\chapter.py", line 131, in open_chapter
    self.page.goto(url, wait_until="domcontentloaded", timeout=WAIT_TIME)
    ~~~~~~~~~~~~~~^^^^^^^^^^^^^^^^^^^^^^^^^^^^^^^^^^^^^^^^^^^^^^^^^^^^^^^
  File "E:\github\wk_python\chaoxing_auto\.venv\Lib\site-packages\playwright\sync_api\_generated.py", line 9770, in goto
    self._sync(
    ~~~~~~~~~~^
        self._impl_obj.goto(
        ^^^^^^^^^^^^^^^^^^^^
    ...<4 lines>...
        )
        ^
    )
    ^
  File "E:\github\wk_python\chaoxing_auto\.venv\Lib\site-packages\playwright\_impl\_sync_base.py", line 115, in _sync
    return task.result()
           ~~~~~~~~~~~^^
  File "E:\github\wk_python\chaoxing_auto\.venv\Lib\site-packages\playwright\_impl\_page.py", line 560, in goto
    return await self._main_frame.goto(**locals_to_params(locals()))
           ^^^^^^^^^^^^^^^^^^^^^^^^^^^^^^^^^^^^^^^^^^^^^^^^^^^^^^^^^
  File "E:\github\wk_python\chaoxing_auto\.venv\Lib\site-packages\playwright\_impl\_frame.py", line 156, in goto
    await self._channel.send(
        "goto", self._navigation_timeout, locals_to_params(locals())
    )
  File "E:\github\wk_python\chaoxing_auto\.venv\Lib\site-packages\playwright\_impl\_connection.py", line 69, in send
    return await self._connection.wrap_api_call(
           ^^^^^^^^^^^^^^^^^^^^^^^^^^^^^^^^^^^^^
    ...<3 lines>...
    )
    ^
  File "E:\github\wk_python\chaoxing_auto\.venv\Lib\site-packages\playwright\_impl\_connection.py", line 563, in wrap_api_call
    raise rewrite_error(error, f"{parsed_st['apiName']}: {error}") from None
playwright._impl._errors.TargetClosedError: Page.goto: Target page, context or browser has been closed
2026-07-08 16:33:08 ERROR 保存截图失败: Page.screenshot: Target page, context or browser has been closed
Traceback (most recent call last):
  File "E:\github\wk_python\chaoxing_auto\utils\helper.py", line 63, in save_screenshot
    page.screenshot(path=str(path), full_page=True)
    ~~~~~~~~~~~~~~~^^^^^^^^^^^^^^^^^^^^^^^^^^^^^^^^
  File "E:\github\wk_python\chaoxing_auto\.venv\Lib\site-packages\playwright\sync_api\_generated.py", line 10754, in screenshot
    self._sync(
    ~~~~~~~~~~^
        self._impl_obj.screenshot(
        ^^^^^^^^^^^^^^^^^^^^^^^^^^
    ...<13 lines>...
        )
        ^
    )
    ^
  File "E:\github\wk_python\chaoxing_auto\.venv\Lib\site-packages\playwright\_impl\_sync_base.py", line 115, in _sync
    return task.result()
           ~~~~~~~~~~~^^
  File "E:\github\wk_python\chaoxing_auto\.venv\Lib\site-packages\playwright\_impl\_page.py", line 828, in screenshot
    encoded_binary = await self._channel.send(
                     ^^^^^^^^^^^^^^^^^^^^^^^^^
        "screenshot", self._timeout_settings.timeout, params
        ^^^^^^^^^^^^^^^^^^^^^^^^^^^^^^^^^^^^^^^^^^^^^^^^^^^^
    )
    ^
  File "E:\github\wk_python\chaoxing_auto\.venv\Lib\site-packages\playwright\_impl\_connection.py", line 69, in send
    return await self._connection.wrap_api_call(
           ^^^^^^^^^^^^^^^^^^^^^^^^^^^^^^^^^^^^^
    ...<3 lines>...
    )
    ^
  File "E:\github\wk_python\chaoxing_auto\.venv\Lib\site-packages\playwright\_impl\_connection.py", line 563, in wrap_api_call
    raise rewrite_error(error, f"{parsed_st['apiName']}: {error}") from None
playwright._impl._errors.TargetClosedError: Page.screenshot: Target page, context or browser has been closed
2026-07-08 16:33:08 ERROR 章节处理失败，继续下一章节: 6.2 第二节 组建一支高效的创业团队，错误: Page.goto: Target page, context or browser has been closed
Traceback (most recent call last):
  File "E:\github\wk_python\chaoxing_auto\main.py", line 326, in _learn_open_course
    chapter_manager.open_chapter(chapter)
    ~~~~~~~~~~~~~~~~~~~~~~~~~~~~^^^^^^^^^
  File "E:\github\wk_python\chaoxing_auto\course\chapter.py", line 131, in open_chapter
    self.page.goto(url, wait_until="domcontentloaded", timeout=WAIT_TIME)
    ~~~~~~~~~~~~~~^^^^^^^^^^^^^^^^^^^^^^^^^^^^^^^^^^^^^^^^^^^^^^^^^^^^^^^
  File "E:\github\wk_python\chaoxing_auto\.venv\Lib\site-packages\playwright\sync_api\_generated.py", line 9770, in goto
    self._sync(
    ~~~~~~~~~~^
        self._impl_obj.goto(
        ^^^^^^^^^^^^^^^^^^^^
    ...<4 lines>...
        )
        ^
    )
    ^
  File "E:\github\wk_python\chaoxing_auto\.venv\Lib\site-packages\playwright\_impl\_sync_base.py", line 115, in _sync
    return task.result()
           ~~~~~~~~~~~^^
  File "E:\github\wk_python\chaoxing_auto\.venv\Lib\site-packages\playwright\_impl\_page.py", line 560, in goto
    return await self._main_frame.goto(**locals_to_params(locals()))
           ^^^^^^^^^^^^^^^^^^^^^^^^^^^^^^^^^^^^^^^^^^^^^^^^^^^^^^^^^
  File "E:\github\wk_python\chaoxing_auto\.venv\Lib\site-packages\playwright\_impl\_frame.py", line 156, in goto
    await self._channel.send(
        "goto", self._navigation_timeout, locals_to_params(locals())
    )
  File "E:\github\wk_python\chaoxing_auto\.venv\Lib\site-packages\playwright\_impl\_connection.py", line 69, in send
    return await self._connection.wrap_api_call(
           ^^^^^^^^^^^^^^^^^^^^^^^^^^^^^^^^^^^^^
    ...<3 lines>...
    )
    ^
  File "E:\github\wk_python\chaoxing_auto\.venv\Lib\site-packages\playwright\_impl\_connection.py", line 563, in wrap_api_call
    raise rewrite_error(error, f"{parsed_st['apiName']}: {error}") from None
playwright._impl._errors.TargetClosedError: Page.goto: Target page, context or browser has been closed
2026-07-08 16:33:08 INFO 开始学习章节 [64/74]: 6.3 第三节 创业团队股权设计与分配
2026-07-08 16:33:08 INFO 打开章节: 6.3 第三节 创业团队股权设计与分配
2026-07-08 16:33:08 ERROR 保存截图失败: Page.screenshot: Target page, context or browser has been closed
Traceback (most recent call last):
  File "E:\github\wk_python\chaoxing_auto\utils\helper.py", line 63, in save_screenshot
    page.screenshot(path=str(path), full_page=True)
    ~~~~~~~~~~~~~~~^^^^^^^^^^^^^^^^^^^^^^^^^^^^^^^^
  File "E:\github\wk_python\chaoxing_auto\.venv\Lib\site-packages\playwright\sync_api\_generated.py", line 10754, in screenshot
    self._sync(
    ~~~~~~~~~~^
        self._impl_obj.screenshot(
        ^^^^^^^^^^^^^^^^^^^^^^^^^^
    ...<13 lines>...
        )
        ^
    )
    ^
  File "E:\github\wk_python\chaoxing_auto\.venv\Lib\site-packages\playwright\_impl\_sync_base.py", line 115, in _sync
    return task.result()
           ~~~~~~~~~~~^^
  File "E:\github\wk_python\chaoxing_auto\.venv\Lib\site-packages\playwright\_impl\_page.py", line 828, in screenshot
    encoded_binary = await self._channel.send(
                     ^^^^^^^^^^^^^^^^^^^^^^^^^
        "screenshot", self._timeout_settings.timeout, params
        ^^^^^^^^^^^^^^^^^^^^^^^^^^^^^^^^^^^^^^^^^^^^^^^^^^^^
    )
    ^
  File "E:\github\wk_python\chaoxing_auto\.venv\Lib\site-packages\playwright\_impl\_connection.py", line 69, in send
    return await self._connection.wrap_api_call(
           ^^^^^^^^^^^^^^^^^^^^^^^^^^^^^^^^^^^^^
    ...<3 lines>...
    )
    ^
  File "E:\github\wk_python\chaoxing_auto\.venv\Lib\site-packages\playwright\_impl\_connection.py", line 563, in wrap_api_call
    raise rewrite_error(error, f"{parsed_st['apiName']}: {error}") from None
playwright._impl._errors.TargetClosedError: Page.screenshot: Target page, context or browser has been closed
2026-07-08 16:33:08 ERROR 打开章节失败: Page.goto: Target page, context or browser has been closed
Traceback (most recent call last):
  File "E:\github\wk_python\chaoxing_auto\course\chapter.py", line 131, in open_chapter
    self.page.goto(url, wait_until="domcontentloaded", timeout=WAIT_TIME)
    ~~~~~~~~~~~~~~^^^^^^^^^^^^^^^^^^^^^^^^^^^^^^^^^^^^^^^^^^^^^^^^^^^^^^^
  File "E:\github\wk_python\chaoxing_auto\.venv\Lib\site-packages\playwright\sync_api\_generated.py", line 9770, in goto
    self._sync(
    ~~~~~~~~~~^
        self._impl_obj.goto(
        ^^^^^^^^^^^^^^^^^^^^
    ...<4 lines>...
        )
        ^
    )
    ^
  File "E:\github\wk_python\chaoxing_auto\.venv\Lib\site-packages\playwright\_impl\_sync_base.py", line 115, in _sync
    return task.result()
           ~~~~~~~~~~~^^
  File "E:\github\wk_python\chaoxing_auto\.venv\Lib\site-packages\playwright\_impl\_page.py", line 560, in goto
    return await self._main_frame.goto(**locals_to_params(locals()))
           ^^^^^^^^^^^^^^^^^^^^^^^^^^^^^^^^^^^^^^^^^^^^^^^^^^^^^^^^^
  File "E:\github\wk_python\chaoxing_auto\.venv\Lib\site-packages\playwright\_impl\_frame.py", line 156, in goto
    await self._channel.send(
        "goto", self._navigation_timeout, locals_to_params(locals())
    )
  File "E:\github\wk_python\chaoxing_auto\.venv\Lib\site-packages\playwright\_impl\_connection.py", line 69, in send
    return await self._connection.wrap_api_call(
           ^^^^^^^^^^^^^^^^^^^^^^^^^^^^^^^^^^^^^
    ...<3 lines>...
    )
    ^
  File "E:\github\wk_python\chaoxing_auto\.venv\Lib\site-packages\playwright\_impl\_connection.py", line 563, in wrap_api_call
    raise rewrite_error(error, f"{parsed_st['apiName']}: {error}") from None
playwright._impl._errors.TargetClosedError: Page.goto: Target page, context or browser has been closed
2026-07-08 16:33:08 ERROR 保存截图失败: Page.screenshot: Target page, context or browser has been closed
Traceback (most recent call last):
  File "E:\github\wk_python\chaoxing_auto\utils\helper.py", line 63, in save_screenshot
    page.screenshot(path=str(path), full_page=True)
    ~~~~~~~~~~~~~~~^^^^^^^^^^^^^^^^^^^^^^^^^^^^^^^^
  File "E:\github\wk_python\chaoxing_auto\.venv\Lib\site-packages\playwright\sync_api\_generated.py", line 10754, in screenshot
    self._sync(
    ~~~~~~~~~~^
        self._impl_obj.screenshot(
        ^^^^^^^^^^^^^^^^^^^^^^^^^^
    ...<13 lines>...
        )
        ^
    )
    ^
  File "E:\github\wk_python\chaoxing_auto\.venv\Lib\site-packages\playwright\_impl\_sync_base.py", line 115, in _sync
    return task.result()
           ~~~~~~~~~~~^^
  File "E:\github\wk_python\chaoxing_auto\.venv\Lib\site-packages\playwright\_impl\_page.py", line 828, in screenshot
    encoded_binary = await self._channel.send(
                     ^^^^^^^^^^^^^^^^^^^^^^^^^
        "screenshot", self._timeout_settings.timeout, params
        ^^^^^^^^^^^^^^^^^^^^^^^^^^^^^^^^^^^^^^^^^^^^^^^^^^^^
    )
    ^
  File "E:\github\wk_python\chaoxing_auto\.venv\Lib\site-packages\playwright\_impl\_connection.py", line 69, in send
    return await self._connection.wrap_api_call(
           ^^^^^^^^^^^^^^^^^^^^^^^^^^^^^^^^^^^^^
    ...<3 lines>...
    )
    ^
  File "E:\github\wk_python\chaoxing_auto\.venv\Lib\site-packages\playwright\_impl\_connection.py", line 563, in wrap_api_call
    raise rewrite_error(error, f"{parsed_st['apiName']}: {error}") from None
playwright._impl._errors.TargetClosedError: Page.screenshot: Target page, context or browser has been closed
2026-07-08 16:33:08 ERROR 章节处理失败，继续下一章节: 6.3 第三节 创业团队股权设计与分配，错误: Page.goto: Target page, context or browser has been closed
Traceback (most recent call last):
  File "E:\github\wk_python\chaoxing_auto\main.py", line 326, in _learn_open_course
    chapter_manager.open_chapter(chapter)
    ~~~~~~~~~~~~~~~~~~~~~~~~~~~~^^^^^^^^^
  File "E:\github\wk_python\chaoxing_auto\course\chapter.py", line 131, in open_chapter
    self.page.goto(url, wait_until="domcontentloaded", timeout=WAIT_TIME)
    ~~~~~~~~~~~~~~^^^^^^^^^^^^^^^^^^^^^^^^^^^^^^^^^^^^^^^^^^^^^^^^^^^^^^^
  File "E:\github\wk_python\chaoxing_auto\.venv\Lib\site-packages\playwright\sync_api\_generated.py", line 9770, in goto
    self._sync(
    ~~~~~~~~~~^
        self._impl_obj.goto(
        ^^^^^^^^^^^^^^^^^^^^
    ...<4 lines>...
        )
        ^
    )
    ^
  File "E:\github\wk_python\chaoxing_auto\.venv\Lib\site-packages\playwright\_impl\_sync_base.py", line 115, in _sync
    return task.result()
           ~~~~~~~~~~~^^
  File "E:\github\wk_python\chaoxing_auto\.venv\Lib\site-packages\playwright\_impl\_page.py", line 560, in goto
    return await self._main_frame.goto(**locals_to_params(locals()))
           ^^^^^^^^^^^^^^^^^^^^^^^^^^^^^^^^^^^^^^^^^^^^^^^^^^^^^^^^^
  File "E:\github\wk_python\chaoxing_auto\.venv\Lib\site-packages\playwright\_impl\_frame.py", line 156, in goto
    await self._channel.send(
        "goto", self._navigation_timeout, locals_to_params(locals())
    )
  File "E:\github\wk_python\chaoxing_auto\.venv\Lib\site-packages\playwright\_impl\_connection.py", line 69, in send
    return await self._connection.wrap_api_call(
           ^^^^^^^^^^^^^^^^^^^^^^^^^^^^^^^^^^^^^
    ...<3 lines>...
    )
    ^
  File "E:\github\wk_python\chaoxing_auto\.venv\Lib\site-packages\playwright\_impl\_connection.py", line 563, in wrap_api_call
    raise rewrite_error(error, f"{parsed_st['apiName']}: {error}") from None
playwright._impl._errors.TargetClosedError: Page.goto: Target page, context or browser has been closed
2026-07-08 16:33:08 INFO 开始学习章节 [65/74]: 7.1 第一节 开发最小可行产品
2026-07-08 16:33:08 INFO 打开章节: 7.1 第一节 开发最小可行产品
2026-07-08 16:33:08 ERROR 保存截图失败: Page.screenshot: Target page, context or browser has been closed
Traceback (most recent call last):
  File "E:\github\wk_python\chaoxing_auto\utils\helper.py", line 63, in save_screenshot
    page.screenshot(path=str(path), full_page=True)
    ~~~~~~~~~~~~~~~^^^^^^^^^^^^^^^^^^^^^^^^^^^^^^^^
  File "E:\github\wk_python\chaoxing_auto\.venv\Lib\site-packages\playwright\sync_api\_generated.py", line 10754, in screenshot
    self._sync(
    ~~~~~~~~~~^
        self._impl_obj.screenshot(
        ^^^^^^^^^^^^^^^^^^^^^^^^^^
    ...<13 lines>...
        )
        ^
    )
    ^
  File "E:\github\wk_python\chaoxing_auto\.venv\Lib\site-packages\playwright\_impl\_sync_base.py", line 115, in _sync
    return task.result()
           ~~~~~~~~~~~^^
  File "E:\github\wk_python\chaoxing_auto\.venv\Lib\site-packages\playwright\_impl\_page.py", line 828, in screenshot
    encoded_binary = await self._channel.send(
                     ^^^^^^^^^^^^^^^^^^^^^^^^^
        "screenshot", self._timeout_settings.timeout, params
        ^^^^^^^^^^^^^^^^^^^^^^^^^^^^^^^^^^^^^^^^^^^^^^^^^^^^
    )
    ^
  File "E:\github\wk_python\chaoxing_auto\.venv\Lib\site-packages\playwright\_impl\_connection.py", line 69, in send
    return await self._connection.wrap_api_call(
           ^^^^^^^^^^^^^^^^^^^^^^^^^^^^^^^^^^^^^
    ...<3 lines>...
    )
    ^
  File "E:\github\wk_python\chaoxing_auto\.venv\Lib\site-packages\playwright\_impl\_connection.py", line 563, in wrap_api_call
    raise rewrite_error(error, f"{parsed_st['apiName']}: {error}") from None
playwright._impl._errors.TargetClosedError: Page.screenshot: Target page, context or browser has been closed
2026-07-08 16:33:08 ERROR 打开章节失败: Page.goto: Target page, context or browser has been closed
Traceback (most recent call last):
  File "E:\github\wk_python\chaoxing_auto\course\chapter.py", line 131, in open_chapter
    self.page.goto(url, wait_until="domcontentloaded", timeout=WAIT_TIME)
    ~~~~~~~~~~~~~~^^^^^^^^^^^^^^^^^^^^^^^^^^^^^^^^^^^^^^^^^^^^^^^^^^^^^^^
  File "E:\github\wk_python\chaoxing_auto\.venv\Lib\site-packages\playwright\sync_api\_generated.py", line 9770, in goto
    self._sync(
    ~~~~~~~~~~^
        self._impl_obj.goto(
        ^^^^^^^^^^^^^^^^^^^^
    ...<4 lines>...
        )
        ^
    )
    ^
  File "E:\github\wk_python\chaoxing_auto\.venv\Lib\site-packages\playwright\_impl\_sync_base.py", line 115, in _sync
    return task.result()
           ~~~~~~~~~~~^^
  File "E:\github\wk_python\chaoxing_auto\.venv\Lib\site-packages\playwright\_impl\_page.py", line 560, in goto
    return await self._main_frame.goto(**locals_to_params(locals()))
           ^^^^^^^^^^^^^^^^^^^^^^^^^^^^^^^^^^^^^^^^^^^^^^^^^^^^^^^^^
  File "E:\github\wk_python\chaoxing_auto\.venv\Lib\site-packages\playwright\_impl\_frame.py", line 156, in goto
    await self._channel.send(
        "goto", self._navigation_timeout, locals_to_params(locals())
    )
  File "E:\github\wk_python\chaoxing_auto\.venv\Lib\site-packages\playwright\_impl\_connection.py", line 69, in send
    return await self._connection.wrap_api_call(
           ^^^^^^^^^^^^^^^^^^^^^^^^^^^^^^^^^^^^^
    ...<3 lines>...
    )
    ^
  File "E:\github\wk_python\chaoxing_auto\.venv\Lib\site-packages\playwright\_impl\_connection.py", line 563, in wrap_api_call
    raise rewrite_error(error, f"{parsed_st['apiName']}: {error}") from None
playwright._impl._errors.TargetClosedError: Page.goto: Target page, context or browser has been closed
2026-07-08 16:33:08 ERROR 保存截图失败: Page.screenshot: Target page, context or browser has been closed
Traceback (most recent call last):
  File "E:\github\wk_python\chaoxing_auto\utils\helper.py", line 63, in save_screenshot
    page.screenshot(path=str(path), full_page=True)
    ~~~~~~~~~~~~~~~^^^^^^^^^^^^^^^^^^^^^^^^^^^^^^^^
  File "E:\github\wk_python\chaoxing_auto\.venv\Lib\site-packages\playwright\sync_api\_generated.py", line 10754, in screenshot
    self._sync(
    ~~~~~~~~~~^
        self._impl_obj.screenshot(
        ^^^^^^^^^^^^^^^^^^^^^^^^^^
    ...<13 lines>...
        )
        ^
    )
    ^
  File "E:\github\wk_python\chaoxing_auto\.venv\Lib\site-packages\playwright\_impl\_sync_base.py", line 115, in _sync
    return task.result()
           ~~~~~~~~~~~^^
  File "E:\github\wk_python\chaoxing_auto\.venv\Lib\site-packages\playwright\_impl\_page.py", line 828, in screenshot
    encoded_binary = await self._channel.send(
                     ^^^^^^^^^^^^^^^^^^^^^^^^^
        "screenshot", self._timeout_settings.timeout, params
        ^^^^^^^^^^^^^^^^^^^^^^^^^^^^^^^^^^^^^^^^^^^^^^^^^^^^
    )
    ^
  File "E:\github\wk_python\chaoxing_auto\.venv\Lib\site-packages\playwright\_impl\_connection.py", line 69, in send
    return await self._connection.wrap_api_call(
           ^^^^^^^^^^^^^^^^^^^^^^^^^^^^^^^^^^^^^
    ...<3 lines>...
    )
    ^
  File "E:\github\wk_python\chaoxing_auto\.venv\Lib\site-packages\playwright\_impl\_connection.py", line 563, in wrap_api_call
    raise rewrite_error(error, f"{parsed_st['apiName']}: {error}") from None
playwright._impl._errors.TargetClosedError: Page.screenshot: Target page, context or browser has been closed
2026-07-08 16:33:08 ERROR 章节处理失败，继续下一章节: 7.1 第一节 开发最小可行产品，错误: Page.goto: Target page, context or browser has been closed
Traceback (most recent call last):
  File "E:\github\wk_python\chaoxing_auto\main.py", line 326, in _learn_open_course
    chapter_manager.open_chapter(chapter)
    ~~~~~~~~~~~~~~~~~~~~~~~~~~~~^^^^^^^^^
  File "E:\github\wk_python\chaoxing_auto\course\chapter.py", line 131, in open_chapter
    self.page.goto(url, wait_until="domcontentloaded", timeout=WAIT_TIME)
    ~~~~~~~~~~~~~~^^^^^^^^^^^^^^^^^^^^^^^^^^^^^^^^^^^^^^^^^^^^^^^^^^^^^^^
  File "E:\github\wk_python\chaoxing_auto\.venv\Lib\site-packages\playwright\sync_api\_generated.py", line 9770, in goto
    self._sync(
    ~~~~~~~~~~^
        self._impl_obj.goto(
        ^^^^^^^^^^^^^^^^^^^^
    ...<4 lines>...
        )
        ^
    )
    ^
  File "E:\github\wk_python\chaoxing_auto\.venv\Lib\site-packages\playwright\_impl\_sync_base.py", line 115, in _sync
    return task.result()
           ~~~~~~~~~~~^^
  File "E:\github\wk_python\chaoxing_auto\.venv\Lib\site-packages\playwright\_impl\_page.py", line 560, in goto
    return await self._main_frame.goto(**locals_to_params(locals()))
           ^^^^^^^^^^^^^^^^^^^^^^^^^^^^^^^^^^^^^^^^^^^^^^^^^^^^^^^^^
  File "E:\github\wk_python\chaoxing_auto\.venv\Lib\site-packages\playwright\_impl\_frame.py", line 156, in goto
    await self._channel.send(
        "goto", self._navigation_timeout, locals_to_params(locals())
    )
  File "E:\github\wk_python\chaoxing_auto\.venv\Lib\site-packages\playwright\_impl\_connection.py", line 69, in send
    return await self._connection.wrap_api_call(
           ^^^^^^^^^^^^^^^^^^^^^^^^^^^^^^^^^^^^^
    ...<3 lines>...
    )
    ^
  File "E:\github\wk_python\chaoxing_auto\.venv\Lib\site-packages\playwright\_impl\_connection.py", line 563, in wrap_api_call
    raise rewrite_error(error, f"{parsed_st['apiName']}: {error}") from None
playwright._impl._errors.TargetClosedError: Page.goto: Target page, context or browser has been closed
2026-07-08 16:33:08 INFO 开始学习章节 [66/74]: 7.2 第二节 用户体验测试
2026-07-08 16:33:08 INFO 打开章节: 7.2 第二节 用户体验测试
2026-07-08 16:33:08 ERROR 保存截图失败: Page.screenshot: Target page, context or browser has been closed
Traceback (most recent call last):
  File "E:\github\wk_python\chaoxing_auto\utils\helper.py", line 63, in save_screenshot
    page.screenshot(path=str(path), full_page=True)
    ~~~~~~~~~~~~~~~^^^^^^^^^^^^^^^^^^^^^^^^^^^^^^^^
  File "E:\github\wk_python\chaoxing_auto\.venv\Lib\site-packages\playwright\sync_api\_generated.py", line 10754, in screenshot
    self._sync(
    ~~~~~~~~~~^
        self._impl_obj.screenshot(
        ^^^^^^^^^^^^^^^^^^^^^^^^^^
    ...<13 lines>...
        )
        ^
    )
    ^
  File "E:\github\wk_python\chaoxing_auto\.venv\Lib\site-packages\playwright\_impl\_sync_base.py", line 115, in _sync
    return task.result()
           ~~~~~~~~~~~^^
  File "E:\github\wk_python\chaoxing_auto\.venv\Lib\site-packages\playwright\_impl\_page.py", line 828, in screenshot
    encoded_binary = await self._channel.send(
                     ^^^^^^^^^^^^^^^^^^^^^^^^^
        "screenshot", self._timeout_settings.timeout, params
        ^^^^^^^^^^^^^^^^^^^^^^^^^^^^^^^^^^^^^^^^^^^^^^^^^^^^
    )
    ^
  File "E:\github\wk_python\chaoxing_auto\.venv\Lib\site-packages\playwright\_impl\_connection.py", line 69, in send
    return await self._connection.wrap_api_call(
           ^^^^^^^^^^^^^^^^^^^^^^^^^^^^^^^^^^^^^
    ...<3 lines>...
    )
    ^
  File "E:\github\wk_python\chaoxing_auto\.venv\Lib\site-packages\playwright\_impl\_connection.py", line 563, in wrap_api_call
    raise rewrite_error(error, f"{parsed_st['apiName']}: {error}") from None
playwright._impl._errors.TargetClosedError: Page.screenshot: Target page, context or browser has been closed
2026-07-08 16:33:08 ERROR 打开章节失败: Page.goto: Target page, context or browser has been closed
Traceback (most recent call last):
  File "E:\github\wk_python\chaoxing_auto\course\chapter.py", line 131, in open_chapter
    self.page.goto(url, wait_until="domcontentloaded", timeout=WAIT_TIME)
    ~~~~~~~~~~~~~~^^^^^^^^^^^^^^^^^^^^^^^^^^^^^^^^^^^^^^^^^^^^^^^^^^^^^^^
  File "E:\github\wk_python\chaoxing_auto\.venv\Lib\site-packages\playwright\sync_api\_generated.py", line 9770, in goto
    self._sync(
    ~~~~~~~~~~^
        self._impl_obj.goto(
        ^^^^^^^^^^^^^^^^^^^^
    ...<4 lines>...
        )
        ^
    )
    ^
  File "E:\github\wk_python\chaoxing_auto\.venv\Lib\site-packages\playwright\_impl\_sync_base.py", line 115, in _sync
    return task.result()
           ~~~~~~~~~~~^^
  File "E:\github\wk_python\chaoxing_auto\.venv\Lib\site-packages\playwright\_impl\_page.py", line 560, in goto
    return await self._main_frame.goto(**locals_to_params(locals()))
           ^^^^^^^^^^^^^^^^^^^^^^^^^^^^^^^^^^^^^^^^^^^^^^^^^^^^^^^^^
  File "E:\github\wk_python\chaoxing_auto\.venv\Lib\site-packages\playwright\_impl\_frame.py", line 156, in goto
    await self._channel.send(
        "goto", self._navigation_timeout, locals_to_params(locals())
    )
  File "E:\github\wk_python\chaoxing_auto\.venv\Lib\site-packages\playwright\_impl\_connection.py", line 69, in send
    return await self._connection.wrap_api_call(
           ^^^^^^^^^^^^^^^^^^^^^^^^^^^^^^^^^^^^^
    ...<3 lines>...
    )
    ^
  File "E:\github\wk_python\chaoxing_auto\.venv\Lib\site-packages\playwright\_impl\_connection.py", line 563, in wrap_api_call
    raise rewrite_error(error, f"{parsed_st['apiName']}: {error}") from None
playwright._impl._errors.TargetClosedError: Page.goto: Target page, context or browser has been closed
2026-07-08 16:33:08 ERROR 保存截图失败: Page.screenshot: Target page, context or browser has been closed
Traceback (most recent call last):
  File "E:\github\wk_python\chaoxing_auto\utils\helper.py", line 63, in save_screenshot
    page.screenshot(path=str(path), full_page=True)
    ~~~~~~~~~~~~~~~^^^^^^^^^^^^^^^^^^^^^^^^^^^^^^^^
  File "E:\github\wk_python\chaoxing_auto\.venv\Lib\site-packages\playwright\sync_api\_generated.py", line 10754, in screenshot
    self._sync(
    ~~~~~~~~~~^
        self._impl_obj.screenshot(
        ^^^^^^^^^^^^^^^^^^^^^^^^^^
    ...<13 lines>...
        )
        ^
    )
    ^
  File "E:\github\wk_python\chaoxing_auto\.venv\Lib\site-packages\playwright\_impl\_sync_base.py", line 115, in _sync
    return task.result()
           ~~~~~~~~~~~^^
  File "E:\github\wk_python\chaoxing_auto\.venv\Lib\site-packages\playwright\_impl\_page.py", line 828, in screenshot
    encoded_binary = await self._channel.send(
                     ^^^^^^^^^^^^^^^^^^^^^^^^^
        "screenshot", self._timeout_settings.timeout, params
        ^^^^^^^^^^^^^^^^^^^^^^^^^^^^^^^^^^^^^^^^^^^^^^^^^^^^
    )
    ^
  File "E:\github\wk_python\chaoxing_auto\.venv\Lib\site-packages\playwright\_impl\_connection.py", line 69, in send
    return await self._connection.wrap_api_call(
           ^^^^^^^^^^^^^^^^^^^^^^^^^^^^^^^^^^^^^
    ...<3 lines>...
    )
    ^
  File "E:\github\wk_python\chaoxing_auto\.venv\Lib\site-packages\playwright\_impl\_connection.py", line 563, in wrap_api_call
    raise rewrite_error(error, f"{parsed_st['apiName']}: {error}") from None
playwright._impl._errors.TargetClosedError: Page.screenshot: Target page, context or browser has been closed
2026-07-08 16:33:08 ERROR 章节处理失败，继续下一章节: 7.2 第二节 用户体验测试，错误: Page.goto: Target page, context or browser has been closed
Traceback (most recent call last):
  File "E:\github\wk_python\chaoxing_auto\main.py", line 326, in _learn_open_course
    chapter_manager.open_chapter(chapter)
    ~~~~~~~~~~~~~~~~~~~~~~~~~~~~^^^^^^^^^
  File "E:\github\wk_python\chaoxing_auto\course\chapter.py", line 131, in open_chapter
    self.page.goto(url, wait_until="domcontentloaded", timeout=WAIT_TIME)
    ~~~~~~~~~~~~~~^^^^^^^^^^^^^^^^^^^^^^^^^^^^^^^^^^^^^^^^^^^^^^^^^^^^^^^
  File "E:\github\wk_python\chaoxing_auto\.venv\Lib\site-packages\playwright\sync_api\_generated.py", line 9770, in goto
    self._sync(
    ~~~~~~~~~~^
        self._impl_obj.goto(
        ^^^^^^^^^^^^^^^^^^^^
    ...<4 lines>...
        )
        ^
    )
    ^
  File "E:\github\wk_python\chaoxing_auto\.venv\Lib\site-packages\playwright\_impl\_sync_base.py", line 115, in _sync
    return task.result()
           ~~~~~~~~~~~^^
  File "E:\github\wk_python\chaoxing_auto\.venv\Lib\site-packages\playwright\_impl\_page.py", line 560, in goto
    return await self._main_frame.goto(**locals_to_params(locals()))
           ^^^^^^^^^^^^^^^^^^^^^^^^^^^^^^^^^^^^^^^^^^^^^^^^^^^^^^^^^
  File "E:\github\wk_python\chaoxing_auto\.venv\Lib\site-packages\playwright\_impl\_frame.py", line 156, in goto
    await self._channel.send(
        "goto", self._navigation_timeout, locals_to_params(locals())
    )
  File "E:\github\wk_python\chaoxing_auto\.venv\Lib\site-packages\playwright\_impl\_connection.py", line 69, in send
    return await self._connection.wrap_api_call(
           ^^^^^^^^^^^^^^^^^^^^^^^^^^^^^^^^^^^^^
    ...<3 lines>...
    )
    ^
  File "E:\github\wk_python\chaoxing_auto\.venv\Lib\site-packages\playwright\_impl\_connection.py", line 563, in wrap_api_call
    raise rewrite_error(error, f"{parsed_st['apiName']}: {error}") from None
playwright._impl._errors.TargetClosedError: Page.goto: Target page, context or browser has been closed
2026-07-08 16:33:08 INFO 开始学习章节 [67/74]: 7.3 第三节 知识产权保护
2026-07-08 16:33:08 INFO 打开章节: 7.3 第三节 知识产权保护
2026-07-08 16:33:08 ERROR 保存截图失败: Page.screenshot: Target page, context or browser has been closed
Traceback (most recent call last):
  File "E:\github\wk_python\chaoxing_auto\utils\helper.py", line 63, in save_screenshot
    page.screenshot(path=str(path), full_page=True)
    ~~~~~~~~~~~~~~~^^^^^^^^^^^^^^^^^^^^^^^^^^^^^^^^
  File "E:\github\wk_python\chaoxing_auto\.venv\Lib\site-packages\playwright\sync_api\_generated.py", line 10754, in screenshot
    self._sync(
    ~~~~~~~~~~^
        self._impl_obj.screenshot(
        ^^^^^^^^^^^^^^^^^^^^^^^^^^
    ...<13 lines>...
        )
        ^
    )
    ^
  File "E:\github\wk_python\chaoxing_auto\.venv\Lib\site-packages\playwright\_impl\_sync_base.py", line 115, in _sync
    return task.result()
           ~~~~~~~~~~~^^
  File "E:\github\wk_python\chaoxing_auto\.venv\Lib\site-packages\playwright\_impl\_page.py", line 828, in screenshot
    encoded_binary = await self._channel.send(
                     ^^^^^^^^^^^^^^^^^^^^^^^^^
        "screenshot", self._timeout_settings.timeout, params
        ^^^^^^^^^^^^^^^^^^^^^^^^^^^^^^^^^^^^^^^^^^^^^^^^^^^^
    )
    ^
  File "E:\github\wk_python\chaoxing_auto\.venv\Lib\site-packages\playwright\_impl\_connection.py", line 69, in send
    return await self._connection.wrap_api_call(
           ^^^^^^^^^^^^^^^^^^^^^^^^^^^^^^^^^^^^^
    ...<3 lines>...
    )
    ^
  File "E:\github\wk_python\chaoxing_auto\.venv\Lib\site-packages\playwright\_impl\_connection.py", line 563, in wrap_api_call
    raise rewrite_error(error, f"{parsed_st['apiName']}: {error}") from None
playwright._impl._errors.TargetClosedError: Page.screenshot: Target page, context or browser has been closed
2026-07-08 16:33:08 ERROR 打开章节失败: Page.goto: Target page, context or browser has been closed
Traceback (most recent call last):
  File "E:\github\wk_python\chaoxing_auto\course\chapter.py", line 131, in open_chapter
    self.page.goto(url, wait_until="domcontentloaded", timeout=WAIT_TIME)
    ~~~~~~~~~~~~~~^^^^^^^^^^^^^^^^^^^^^^^^^^^^^^^^^^^^^^^^^^^^^^^^^^^^^^^
  File "E:\github\wk_python\chaoxing_auto\.venv\Lib\site-packages\playwright\sync_api\_generated.py", line 9770, in goto
    self._sync(
    ~~~~~~~~~~^
        self._impl_obj.goto(
        ^^^^^^^^^^^^^^^^^^^^
    ...<4 lines>...
        )
        ^
    )
    ^
  File "E:\github\wk_python\chaoxing_auto\.venv\Lib\site-packages\playwright\_impl\_sync_base.py", line 115, in _sync
    return task.result()
           ~~~~~~~~~~~^^
  File "E:\github\wk_python\chaoxing_auto\.venv\Lib\site-packages\playwright\_impl\_page.py", line 560, in goto
    return await self._main_frame.goto(**locals_to_params(locals()))
           ^^^^^^^^^^^^^^^^^^^^^^^^^^^^^^^^^^^^^^^^^^^^^^^^^^^^^^^^^
  File "E:\github\wk_python\chaoxing_auto\.venv\Lib\site-packages\playwright\_impl\_frame.py", line 156, in goto
    await self._channel.send(
        "goto", self._navigation_timeout, locals_to_params(locals())
    )
  File "E:\github\wk_python\chaoxing_auto\.venv\Lib\site-packages\playwright\_impl\_connection.py", line 69, in send
    return await self._connection.wrap_api_call(
           ^^^^^^^^^^^^^^^^^^^^^^^^^^^^^^^^^^^^^
    ...<3 lines>...
    )
    ^
  File "E:\github\wk_python\chaoxing_auto\.venv\Lib\site-packages\playwright\_impl\_connection.py", line 563, in wrap_api_call
    raise rewrite_error(error, f"{parsed_st['apiName']}: {error}") from None
playwright._impl._errors.TargetClosedError: Page.goto: Target page, context or browser has been closed
2026-07-08 16:33:08 ERROR 保存截图失败: Page.screenshot: Target page, context or browser has been closed
Traceback (most recent call last):
  File "E:\github\wk_python\chaoxing_auto\utils\helper.py", line 63, in save_screenshot
    page.screenshot(path=str(path), full_page=True)
    ~~~~~~~~~~~~~~~^^^^^^^^^^^^^^^^^^^^^^^^^^^^^^^^
  File "E:\github\wk_python\chaoxing_auto\.venv\Lib\site-packages\playwright\sync_api\_generated.py", line 10754, in screenshot
    self._sync(
    ~~~~~~~~~~^
        self._impl_obj.screenshot(
        ^^^^^^^^^^^^^^^^^^^^^^^^^^
    ...<13 lines>...
        )
        ^
    )
    ^
  File "E:\github\wk_python\chaoxing_auto\.venv\Lib\site-packages\playwright\_impl\_sync_base.py", line 115, in _sync
    return task.result()
           ~~~~~~~~~~~^^
  File "E:\github\wk_python\chaoxing_auto\.venv\Lib\site-packages\playwright\_impl\_page.py", line 828, in screenshot
    encoded_binary = await self._channel.send(
                     ^^^^^^^^^^^^^^^^^^^^^^^^^
        "screenshot", self._timeout_settings.timeout, params
        ^^^^^^^^^^^^^^^^^^^^^^^^^^^^^^^^^^^^^^^^^^^^^^^^^^^^
    )
    ^
  File "E:\github\wk_python\chaoxing_auto\.venv\Lib\site-packages\playwright\_impl\_connection.py", line 69, in send
    return await self._connection.wrap_api_call(
           ^^^^^^^^^^^^^^^^^^^^^^^^^^^^^^^^^^^^^
    ...<3 lines>...
    )
    ^
  File "E:\github\wk_python\chaoxing_auto\.venv\Lib\site-packages\playwright\_impl\_connection.py", line 563, in wrap_api_call
    raise rewrite_error(error, f"{parsed_st['apiName']}: {error}") from None
playwright._impl._errors.TargetClosedError: Page.screenshot: Target page, context or browser has been closed
2026-07-08 16:33:08 ERROR 章节处理失败，继续下一章节: 7.3 第三节 知识产权保护，错误: Page.goto: Target page, context or browser has been closed
Traceback (most recent call last):
  File "E:\github\wk_python\chaoxing_auto\main.py", line 326, in _learn_open_course
    chapter_manager.open_chapter(chapter)
    ~~~~~~~~~~~~~~~~~~~~~~~~~~~~^^^^^^^^^
  File "E:\github\wk_python\chaoxing_auto\course\chapter.py", line 131, in open_chapter
    self.page.goto(url, wait_until="domcontentloaded", timeout=WAIT_TIME)
    ~~~~~~~~~~~~~~^^^^^^^^^^^^^^^^^^^^^^^^^^^^^^^^^^^^^^^^^^^^^^^^^^^^^^^
  File "E:\github\wk_python\chaoxing_auto\.venv\Lib\site-packages\playwright\sync_api\_generated.py", line 9770, in goto
    self._sync(
    ~~~~~~~~~~^
        self._impl_obj.goto(
        ^^^^^^^^^^^^^^^^^^^^
    ...<4 lines>...
        )
        ^
    )
    ^
  File "E:\github\wk_python\chaoxing_auto\.venv\Lib\site-packages\playwright\_impl\_sync_base.py", line 115, in _sync
    return task.result()
           ~~~~~~~~~~~^^
  File "E:\github\wk_python\chaoxing_auto\.venv\Lib\site-packages\playwright\_impl\_page.py", line 560, in goto
    return await self._main_frame.goto(**locals_to_params(locals()))
           ^^^^^^^^^^^^^^^^^^^^^^^^^^^^^^^^^^^^^^^^^^^^^^^^^^^^^^^^^
  File "E:\github\wk_python\chaoxing_auto\.venv\Lib\site-packages\playwright\_impl\_frame.py", line 156, in goto
    await self._channel.send(
        "goto", self._navigation_timeout, locals_to_params(locals())
    )
  File "E:\github\wk_python\chaoxing_auto\.venv\Lib\site-packages\playwright\_impl\_connection.py", line 69, in send
    return await self._connection.wrap_api_call(
           ^^^^^^^^^^^^^^^^^^^^^^^^^^^^^^^^^^^^^
    ...<3 lines>...
    )
    ^
  File "E:\github\wk_python\chaoxing_auto\.venv\Lib\site-packages\playwright\_impl\_connection.py", line 563, in wrap_api_call
    raise rewrite_error(error, f"{parsed_st['apiName']}: {error}") from None
playwright._impl._errors.TargetClosedError: Page.goto: Target page, context or browser has been closed
2026-07-08 16:33:08 INFO 开始学习章节 [68/74]: 8.1 第一节 什么是商业模式
2026-07-08 16:33:08 INFO 打开章节: 8.1 第一节 什么是商业模式
2026-07-08 16:33:08 ERROR 保存截图失败: Page.screenshot: Target page, context or browser has been closed
Traceback (most recent call last):
  File "E:\github\wk_python\chaoxing_auto\utils\helper.py", line 63, in save_screenshot
    page.screenshot(path=str(path), full_page=True)
    ~~~~~~~~~~~~~~~^^^^^^^^^^^^^^^^^^^^^^^^^^^^^^^^
  File "E:\github\wk_python\chaoxing_auto\.venv\Lib\site-packages\playwright\sync_api\_generated.py", line 10754, in screenshot
    self._sync(
    ~~~~~~~~~~^
        self._impl_obj.screenshot(
        ^^^^^^^^^^^^^^^^^^^^^^^^^^
    ...<13 lines>...
        )
        ^
    )
    ^
  File "E:\github\wk_python\chaoxing_auto\.venv\Lib\site-packages\playwright\_impl\_sync_base.py", line 115, in _sync
    return task.result()
           ~~~~~~~~~~~^^
  File "E:\github\wk_python\chaoxing_auto\.venv\Lib\site-packages\playwright\_impl\_page.py", line 828, in screenshot
    encoded_binary = await self._channel.send(
                     ^^^^^^^^^^^^^^^^^^^^^^^^^
        "screenshot", self._timeout_settings.timeout, params
        ^^^^^^^^^^^^^^^^^^^^^^^^^^^^^^^^^^^^^^^^^^^^^^^^^^^^
    )
    ^
  File "E:\github\wk_python\chaoxing_auto\.venv\Lib\site-packages\playwright\_impl\_connection.py", line 69, in send
    return await self._connection.wrap_api_call(
           ^^^^^^^^^^^^^^^^^^^^^^^^^^^^^^^^^^^^^
    ...<3 lines>...
    )
    ^
  File "E:\github\wk_python\chaoxing_auto\.venv\Lib\site-packages\playwright\_impl\_connection.py", line 563, in wrap_api_call
    raise rewrite_error(error, f"{parsed_st['apiName']}: {error}") from None
playwright._impl._errors.TargetClosedError: Page.screenshot: Target page, context or browser has been closed
2026-07-08 16:33:08 ERROR 打开章节失败: Page.goto: Target page, context or browser has been closed
Traceback (most recent call last):
  File "E:\github\wk_python\chaoxing_auto\course\chapter.py", line 131, in open_chapter
    self.page.goto(url, wait_until="domcontentloaded", timeout=WAIT_TIME)
    ~~~~~~~~~~~~~~^^^^^^^^^^^^^^^^^^^^^^^^^^^^^^^^^^^^^^^^^^^^^^^^^^^^^^^
  File "E:\github\wk_python\chaoxing_auto\.venv\Lib\site-packages\playwright\sync_api\_generated.py", line 9770, in goto
    self._sync(
    ~~~~~~~~~~^
        self._impl_obj.goto(
        ^^^^^^^^^^^^^^^^^^^^
    ...<4 lines>...
        )
        ^
    )
    ^
  File "E:\github\wk_python\chaoxing_auto\.venv\Lib\site-packages\playwright\_impl\_sync_base.py", line 115, in _sync
    return task.result()
           ~~~~~~~~~~~^^
  File "E:\github\wk_python\chaoxing_auto\.venv\Lib\site-packages\playwright\_impl\_page.py", line 560, in goto
    return await self._main_frame.goto(**locals_to_params(locals()))
           ^^^^^^^^^^^^^^^^^^^^^^^^^^^^^^^^^^^^^^^^^^^^^^^^^^^^^^^^^
  File "E:\github\wk_python\chaoxing_auto\.venv\Lib\site-packages\playwright\_impl\_frame.py", line 156, in goto
    await self._channel.send(
        "goto", self._navigation_timeout, locals_to_params(locals())
    )
  File "E:\github\wk_python\chaoxing_auto\.venv\Lib\site-packages\playwright\_impl\_connection.py", line 69, in send
    return await self._connection.wrap_api_call(
           ^^^^^^^^^^^^^^^^^^^^^^^^^^^^^^^^^^^^^
    ...<3 lines>...
    )
    ^
  File "E:\github\wk_python\chaoxing_auto\.venv\Lib\site-packages\playwright\_impl\_connection.py", line 563, in wrap_api_call
    raise rewrite_error(error, f"{parsed_st['apiName']}: {error}") from None
playwright._impl._errors.TargetClosedError: Page.goto: Target page, context or browser has been closed
2026-07-08 16:33:08 ERROR 保存截图失败: Page.screenshot: Target page, context or browser has been closed
Traceback (most recent call last):
  File "E:\github\wk_python\chaoxing_auto\utils\helper.py", line 63, in save_screenshot
    page.screenshot(path=str(path), full_page=True)
    ~~~~~~~~~~~~~~~^^^^^^^^^^^^^^^^^^^^^^^^^^^^^^^^
  File "E:\github\wk_python\chaoxing_auto\.venv\Lib\site-packages\playwright\sync_api\_generated.py", line 10754, in screenshot
    self._sync(
    ~~~~~~~~~~^
        self._impl_obj.screenshot(
        ^^^^^^^^^^^^^^^^^^^^^^^^^^
    ...<13 lines>...
        )
        ^
    )
    ^
  File "E:\github\wk_python\chaoxing_auto\.venv\Lib\site-packages\playwright\_impl\_sync_base.py", line 115, in _sync
    return task.result()
           ~~~~~~~~~~~^^
  File "E:\github\wk_python\chaoxing_auto\.venv\Lib\site-packages\playwright\_impl\_page.py", line 828, in screenshot
    encoded_binary = await self._channel.send(
                     ^^^^^^^^^^^^^^^^^^^^^^^^^
        "screenshot", self._timeout_settings.timeout, params
        ^^^^^^^^^^^^^^^^^^^^^^^^^^^^^^^^^^^^^^^^^^^^^^^^^^^^
    )
    ^
  File "E:\github\wk_python\chaoxing_auto\.venv\Lib\site-packages\playwright\_impl\_connection.py", line 69, in send
    return await self._connection.wrap_api_call(
           ^^^^^^^^^^^^^^^^^^^^^^^^^^^^^^^^^^^^^
    ...<3 lines>...
    )
    ^
  File "E:\github\wk_python\chaoxing_auto\.venv\Lib\site-packages\playwright\_impl\_connection.py", line 563, in wrap_api_call
    raise rewrite_error(error, f"{parsed_st['apiName']}: {error}") from None
playwright._impl._errors.TargetClosedError: Page.screenshot: Target page, context or browser has been closed
2026-07-08 16:33:08 ERROR 章节处理失败，继续下一章节: 8.1 第一节 什么是商业模式，错误: Page.goto: Target page, context or browser has been closed
Traceback (most recent call last):
  File "E:\github\wk_python\chaoxing_auto\main.py", line 326, in _learn_open_course
    chapter_manager.open_chapter(chapter)
    ~~~~~~~~~~~~~~~~~~~~~~~~~~~~^^^^^^^^^
  File "E:\github\wk_python\chaoxing_auto\course\chapter.py", line 131, in open_chapter
    self.page.goto(url, wait_until="domcontentloaded", timeout=WAIT_TIME)
    ~~~~~~~~~~~~~~^^^^^^^^^^^^^^^^^^^^^^^^^^^^^^^^^^^^^^^^^^^^^^^^^^^^^^^
  File "E:\github\wk_python\chaoxing_auto\.venv\Lib\site-packages\playwright\sync_api\_generated.py", line 9770, in goto
    self._sync(
    ~~~~~~~~~~^
        self._impl_obj.goto(
        ^^^^^^^^^^^^^^^^^^^^
    ...<4 lines>...
        )
        ^
    )
    ^
  File "E:\github\wk_python\chaoxing_auto\.venv\Lib\site-packages\playwright\_impl\_sync_base.py", line 115, in _sync
    return task.result()
           ~~~~~~~~~~~^^
  File "E:\github\wk_python\chaoxing_auto\.venv\Lib\site-packages\playwright\_impl\_page.py", line 560, in goto
    return await self._main_frame.goto(**locals_to_params(locals()))
           ^^^^^^^^^^^^^^^^^^^^^^^^^^^^^^^^^^^^^^^^^^^^^^^^^^^^^^^^^
  File "E:\github\wk_python\chaoxing_auto\.venv\Lib\site-packages\playwright\_impl\_frame.py", line 156, in goto
    await self._channel.send(
        "goto", self._navigation_timeout, locals_to_params(locals())
    )
  File "E:\github\wk_python\chaoxing_auto\.venv\Lib\site-packages\playwright\_impl\_connection.py", line 69, in send
    return await self._connection.wrap_api_call(
           ^^^^^^^^^^^^^^^^^^^^^^^^^^^^^^^^^^^^^
    ...<3 lines>...
    )
    ^
  File "E:\github\wk_python\chaoxing_auto\.venv\Lib\site-packages\playwright\_impl\_connection.py", line 563, in wrap_api_call
    raise rewrite_error(error, f"{parsed_st['apiName']}: {error}") from None
playwright._impl._errors.TargetClosedError: Page.goto: Target page, context or browser has been closed
2026-07-08 16:33:08 INFO 开始学习章节 [69/74]: 8.2 第二节 商业模式画布及其应用
2026-07-08 16:33:08 INFO 打开章节: 8.2 第二节 商业模式画布及其应用
2026-07-08 16:33:08 ERROR 保存截图失败: Page.screenshot: Target page, context or browser has been closed
Traceback (most recent call last):
  File "E:\github\wk_python\chaoxing_auto\utils\helper.py", line 63, in save_screenshot
    page.screenshot(path=str(path), full_page=True)
    ~~~~~~~~~~~~~~~^^^^^^^^^^^^^^^^^^^^^^^^^^^^^^^^
  File "E:\github\wk_python\chaoxing_auto\.venv\Lib\site-packages\playwright\sync_api\_generated.py", line 10754, in screenshot
    self._sync(
    ~~~~~~~~~~^
        self._impl_obj.screenshot(
        ^^^^^^^^^^^^^^^^^^^^^^^^^^
    ...<13 lines>...
        )
        ^
    )
    ^
  File "E:\github\wk_python\chaoxing_auto\.venv\Lib\site-packages\playwright\_impl\_sync_base.py", line 115, in _sync
    return task.result()
           ~~~~~~~~~~~^^
  File "E:\github\wk_python\chaoxing_auto\.venv\Lib\site-packages\playwright\_impl\_page.py", line 828, in screenshot
    encoded_binary = await self._channel.send(
                     ^^^^^^^^^^^^^^^^^^^^^^^^^
        "screenshot", self._timeout_settings.timeout, params
        ^^^^^^^^^^^^^^^^^^^^^^^^^^^^^^^^^^^^^^^^^^^^^^^^^^^^
    )
    ^
  File "E:\github\wk_python\chaoxing_auto\.venv\Lib\site-packages\playwright\_impl\_connection.py", line 69, in send
    return await self._connection.wrap_api_call(
           ^^^^^^^^^^^^^^^^^^^^^^^^^^^^^^^^^^^^^
    ...<3 lines>...
    )
    ^
  File "E:\github\wk_python\chaoxing_auto\.venv\Lib\site-packages\playwright\_impl\_connection.py", line 563, in wrap_api_call
    raise rewrite_error(error, f"{parsed_st['apiName']}: {error}") from None
playwright._impl._errors.TargetClosedError: Page.screenshot: Target page, context or browser has been closed
2026-07-08 16:33:08 ERROR 打开章节失败: Page.goto: Target page, context or browser has been closed
Traceback (most recent call last):
  File "E:\github\wk_python\chaoxing_auto\course\chapter.py", line 131, in open_chapter
    self.page.goto(url, wait_until="domcontentloaded", timeout=WAIT_TIME)
    ~~~~~~~~~~~~~~^^^^^^^^^^^^^^^^^^^^^^^^^^^^^^^^^^^^^^^^^^^^^^^^^^^^^^^
  File "E:\github\wk_python\chaoxing_auto\.venv\Lib\site-packages\playwright\sync_api\_generated.py", line 9770, in goto
    self._sync(
    ~~~~~~~~~~^
        self._impl_obj.goto(
        ^^^^^^^^^^^^^^^^^^^^
    ...<4 lines>...
        )
        ^
    )
    ^
  File "E:\github\wk_python\chaoxing_auto\.venv\Lib\site-packages\playwright\_impl\_sync_base.py", line 115, in _sync
    return task.result()
           ~~~~~~~~~~~^^
  File "E:\github\wk_python\chaoxing_auto\.venv\Lib\site-packages\playwright\_impl\_page.py", line 560, in goto
    return await self._main_frame.goto(**locals_to_params(locals()))
           ^^^^^^^^^^^^^^^^^^^^^^^^^^^^^^^^^^^^^^^^^^^^^^^^^^^^^^^^^
  File "E:\github\wk_python\chaoxing_auto\.venv\Lib\site-packages\playwright\_impl\_frame.py", line 156, in goto
    await self._channel.send(
        "goto", self._navigation_timeout, locals_to_params(locals())
    )
  File "E:\github\wk_python\chaoxing_auto\.venv\Lib\site-packages\playwright\_impl\_connection.py", line 69, in send
    return await self._connection.wrap_api_call(
           ^^^^^^^^^^^^^^^^^^^^^^^^^^^^^^^^^^^^^
    ...<3 lines>...
    )
    ^
  File "E:\github\wk_python\chaoxing_auto\.venv\Lib\site-packages\playwright\_impl\_connection.py", line 563, in wrap_api_call
    raise rewrite_error(error, f"{parsed_st['apiName']}: {error}") from None
playwright._impl._errors.TargetClosedError: Page.goto: Target page, context or browser has been closed
2026-07-08 16:33:08 ERROR 保存截图失败: Page.screenshot: Target page, context or browser has been closed
Traceback (most recent call last):
  File "E:\github\wk_python\chaoxing_auto\utils\helper.py", line 63, in save_screenshot
    page.screenshot(path=str(path), full_page=True)
    ~~~~~~~~~~~~~~~^^^^^^^^^^^^^^^^^^^^^^^^^^^^^^^^
  File "E:\github\wk_python\chaoxing_auto\.venv\Lib\site-packages\playwright\sync_api\_generated.py", line 10754, in screenshot
    self._sync(
    ~~~~~~~~~~^
        self._impl_obj.screenshot(
        ^^^^^^^^^^^^^^^^^^^^^^^^^^
    ...<13 lines>...
        )
        ^
    )
    ^
  File "E:\github\wk_python\chaoxing_auto\.venv\Lib\site-packages\playwright\_impl\_sync_base.py", line 115, in _sync
    return task.result()
           ~~~~~~~~~~~^^
  File "E:\github\wk_python\chaoxing_auto\.venv\Lib\site-packages\playwright\_impl\_page.py", line 828, in screenshot
    encoded_binary = await self._channel.send(
                     ^^^^^^^^^^^^^^^^^^^^^^^^^
        "screenshot", self._timeout_settings.timeout, params
        ^^^^^^^^^^^^^^^^^^^^^^^^^^^^^^^^^^^^^^^^^^^^^^^^^^^^
    )
    ^
  File "E:\github\wk_python\chaoxing_auto\.venv\Lib\site-packages\playwright\_impl\_connection.py", line 69, in send
    return await self._connection.wrap_api_call(
           ^^^^^^^^^^^^^^^^^^^^^^^^^^^^^^^^^^^^^
    ...<3 lines>...
    )
    ^
  File "E:\github\wk_python\chaoxing_auto\.venv\Lib\site-packages\playwright\_impl\_connection.py", line 563, in wrap_api_call
    raise rewrite_error(error, f"{parsed_st['apiName']}: {error}") from None
playwright._impl._errors.TargetClosedError: Page.screenshot: Target page, context or browser has been closed
2026-07-08 16:33:08 ERROR 章节处理失败，继续下一章节: 8.2 第二节 商业模式画布及其应用，错误: Page.goto: Target page, context or browser has been closed
Traceback (most recent call last):
  File "E:\github\wk_python\chaoxing_auto\main.py", line 326, in _learn_open_course
    chapter_manager.open_chapter(chapter)
    ~~~~~~~~~~~~~~~~~~~~~~~~~~~~^^^^^^^^^
  File "E:\github\wk_python\chaoxing_auto\course\chapter.py", line 131, in open_chapter
    self.page.goto(url, wait_until="domcontentloaded", timeout=WAIT_TIME)
    ~~~~~~~~~~~~~~^^^^^^^^^^^^^^^^^^^^^^^^^^^^^^^^^^^^^^^^^^^^^^^^^^^^^^^
  File "E:\github\wk_python\chaoxing_auto\.venv\Lib\site-packages\playwright\sync_api\_generated.py", line 9770, in goto
    self._sync(
    ~~~~~~~~~~^
        self._impl_obj.goto(
        ^^^^^^^^^^^^^^^^^^^^
    ...<4 lines>...
        )
        ^
    )
    ^
  File "E:\github\wk_python\chaoxing_auto\.venv\Lib\site-packages\playwright\_impl\_sync_base.py", line 115, in _sync
    return task.result()
           ~~~~~~~~~~~^^
  File "E:\github\wk_python\chaoxing_auto\.venv\Lib\site-packages\playwright\_impl\_page.py", line 560, in goto
    return await self._main_frame.goto(**locals_to_params(locals()))
           ^^^^^^^^^^^^^^^^^^^^^^^^^^^^^^^^^^^^^^^^^^^^^^^^^^^^^^^^^
  File "E:\github\wk_python\chaoxing_auto\.venv\Lib\site-packages\playwright\_impl\_frame.py", line 156, in goto
    await self._channel.send(
        "goto", self._navigation_timeout, locals_to_params(locals())
    )
  File "E:\github\wk_python\chaoxing_auto\.venv\Lib\site-packages\playwright\_impl\_connection.py", line 69, in send
    return await self._connection.wrap_api_call(
           ^^^^^^^^^^^^^^^^^^^^^^^^^^^^^^^^^^^^^
    ...<3 lines>...
    )
    ^
  File "E:\github\wk_python\chaoxing_auto\.venv\Lib\site-packages\playwright\_impl\_connection.py", line 563, in wrap_api_call
    raise rewrite_error(error, f"{parsed_st['apiName']}: {error}") from None
playwright._impl._errors.TargetClosedError: Page.goto: Target page, context or browser has been closed
2026-07-08 16:33:08 INFO 开始学习章节 [70/74]: 8.3 第三节 商业模式设计
2026-07-08 16:33:08 INFO 打开章节: 8.3 第三节 商业模式设计
2026-07-08 16:33:08 ERROR 保存截图失败: Page.screenshot: Target page, context or browser has been closed
Traceback (most recent call last):
  File "E:\github\wk_python\chaoxing_auto\utils\helper.py", line 63, in save_screenshot
    page.screenshot(path=str(path), full_page=True)
    ~~~~~~~~~~~~~~~^^^^^^^^^^^^^^^^^^^^^^^^^^^^^^^^
  File "E:\github\wk_python\chaoxing_auto\.venv\Lib\site-packages\playwright\sync_api\_generated.py", line 10754, in screenshot
    self._sync(
    ~~~~~~~~~~^
        self._impl_obj.screenshot(
        ^^^^^^^^^^^^^^^^^^^^^^^^^^
    ...<13 lines>...
        )
        ^
    )
    ^
  File "E:\github\wk_python\chaoxing_auto\.venv\Lib\site-packages\playwright\_impl\_sync_base.py", line 115, in _sync
    return task.result()
           ~~~~~~~~~~~^^
  File "E:\github\wk_python\chaoxing_auto\.venv\Lib\site-packages\playwright\_impl\_page.py", line 828, in screenshot
    encoded_binary = await self._channel.send(
                     ^^^^^^^^^^^^^^^^^^^^^^^^^
        "screenshot", self._timeout_settings.timeout, params
        ^^^^^^^^^^^^^^^^^^^^^^^^^^^^^^^^^^^^^^^^^^^^^^^^^^^^
    )
    ^
  File "E:\github\wk_python\chaoxing_auto\.venv\Lib\site-packages\playwright\_impl\_connection.py", line 69, in send
    return await self._connection.wrap_api_call(
           ^^^^^^^^^^^^^^^^^^^^^^^^^^^^^^^^^^^^^
    ...<3 lines>...
    )
    ^
  File "E:\github\wk_python\chaoxing_auto\.venv\Lib\site-packages\playwright\_impl\_connection.py", line 563, in wrap_api_call
    raise rewrite_error(error, f"{parsed_st['apiName']}: {error}") from None
playwright._impl._errors.TargetClosedError: Page.screenshot: Target page, context or browser has been closed
2026-07-08 16:33:08 ERROR 打开章节失败: Page.goto: Target page, context or browser has been closed
Traceback (most recent call last):
  File "E:\github\wk_python\chaoxing_auto\course\chapter.py", line 131, in open_chapter
    self.page.goto(url, wait_until="domcontentloaded", timeout=WAIT_TIME)
    ~~~~~~~~~~~~~~^^^^^^^^^^^^^^^^^^^^^^^^^^^^^^^^^^^^^^^^^^^^^^^^^^^^^^^
  File "E:\github\wk_python\chaoxing_auto\.venv\Lib\site-packages\playwright\sync_api\_generated.py", line 9770, in goto
    self._sync(
    ~~~~~~~~~~^
        self._impl_obj.goto(
        ^^^^^^^^^^^^^^^^^^^^
    ...<4 lines>...
        )
        ^
    )
    ^
  File "E:\github\wk_python\chaoxing_auto\.venv\Lib\site-packages\playwright\_impl\_sync_base.py", line 115, in _sync
    return task.result()
           ~~~~~~~~~~~^^
  File "E:\github\wk_python\chaoxing_auto\.venv\Lib\site-packages\playwright\_impl\_page.py", line 560, in goto
    return await self._main_frame.goto(**locals_to_params(locals()))
           ^^^^^^^^^^^^^^^^^^^^^^^^^^^^^^^^^^^^^^^^^^^^^^^^^^^^^^^^^
  File "E:\github\wk_python\chaoxing_auto\.venv\Lib\site-packages\playwright\_impl\_frame.py", line 156, in goto
    await self._channel.send(
        "goto", self._navigation_timeout, locals_to_params(locals())
    )
  File "E:\github\wk_python\chaoxing_auto\.venv\Lib\site-packages\playwright\_impl\_connection.py", line 69, in send
    return await self._connection.wrap_api_call(
           ^^^^^^^^^^^^^^^^^^^^^^^^^^^^^^^^^^^^^
    ...<3 lines>...
    )
    ^
  File "E:\github\wk_python\chaoxing_auto\.venv\Lib\site-packages\playwright\_impl\_connection.py", line 563, in wrap_api_call
    raise rewrite_error(error, f"{parsed_st['apiName']}: {error}") from None
playwright._impl._errors.TargetClosedError: Page.goto: Target page, context or browser has been closed
2026-07-08 16:33:08 ERROR 保存截图失败: Page.screenshot: Target page, context or browser has been closed
Traceback (most recent call last):
  File "E:\github\wk_python\chaoxing_auto\utils\helper.py", line 63, in save_screenshot
    page.screenshot(path=str(path), full_page=True)
    ~~~~~~~~~~~~~~~^^^^^^^^^^^^^^^^^^^^^^^^^^^^^^^^
  File "E:\github\wk_python\chaoxing_auto\.venv\Lib\site-packages\playwright\sync_api\_generated.py", line 10754, in screenshot
    self._sync(
    ~~~~~~~~~~^
        self._impl_obj.screenshot(
        ^^^^^^^^^^^^^^^^^^^^^^^^^^
    ...<13 lines>...
        )
        ^
    )
    ^
  File "E:\github\wk_python\chaoxing_auto\.venv\Lib\site-packages\playwright\_impl\_sync_base.py", line 115, in _sync
    return task.result()
           ~~~~~~~~~~~^^
  File "E:\github\wk_python\chaoxing_auto\.venv\Lib\site-packages\playwright\_impl\_page.py", line 828, in screenshot
    encoded_binary = await self._channel.send(
                     ^^^^^^^^^^^^^^^^^^^^^^^^^
        "screenshot", self._timeout_settings.timeout, params
        ^^^^^^^^^^^^^^^^^^^^^^^^^^^^^^^^^^^^^^^^^^^^^^^^^^^^
    )
    ^
  File "E:\github\wk_python\chaoxing_auto\.venv\Lib\site-packages\playwright\_impl\_connection.py", line 69, in send
    return await self._connection.wrap_api_call(
           ^^^^^^^^^^^^^^^^^^^^^^^^^^^^^^^^^^^^^
    ...<3 lines>...
    )
    ^
  File "E:\github\wk_python\chaoxing_auto\.venv\Lib\site-packages\playwright\_impl\_connection.py", line 563, in wrap_api_call
    raise rewrite_error(error, f"{parsed_st['apiName']}: {error}") from None
playwright._impl._errors.TargetClosedError: Page.screenshot: Target page, context or browser has been closed
2026-07-08 16:33:08 ERROR 章节处理失败，继续下一章节: 8.3 第三节 商业模式设计，错误: Page.goto: Target page, context or browser has been closed
Traceback (most recent call last):
  File "E:\github\wk_python\chaoxing_auto\main.py", line 326, in _learn_open_course
    chapter_manager.open_chapter(chapter)
    ~~~~~~~~~~~~~~~~~~~~~~~~~~~~^^^^^^^^^
  File "E:\github\wk_python\chaoxing_auto\course\chapter.py", line 131, in open_chapter
    self.page.goto(url, wait_until="domcontentloaded", timeout=WAIT_TIME)
    ~~~~~~~~~~~~~~^^^^^^^^^^^^^^^^^^^^^^^^^^^^^^^^^^^^^^^^^^^^^^^^^^^^^^^
  File "E:\github\wk_python\chaoxing_auto\.venv\Lib\site-packages\playwright\sync_api\_generated.py", line 9770, in goto
    self._sync(
    ~~~~~~~~~~^
        self._impl_obj.goto(
        ^^^^^^^^^^^^^^^^^^^^
    ...<4 lines>...
        )
        ^
    )
    ^
  File "E:\github\wk_python\chaoxing_auto\.venv\Lib\site-packages\playwright\_impl\_sync_base.py", line 115, in _sync
    return task.result()
           ~~~~~~~~~~~^^
  File "E:\github\wk_python\chaoxing_auto\.venv\Lib\site-packages\playwright\_impl\_page.py", line 560, in goto
    return await self._main_frame.goto(**locals_to_params(locals()))
           ^^^^^^^^^^^^^^^^^^^^^^^^^^^^^^^^^^^^^^^^^^^^^^^^^^^^^^^^^
  File "E:\github\wk_python\chaoxing_auto\.venv\Lib\site-packages\playwright\_impl\_frame.py", line 156, in goto
    await self._channel.send(
        "goto", self._navigation_timeout, locals_to_params(locals())
    )
  File "E:\github\wk_python\chaoxing_auto\.venv\Lib\site-packages\playwright\_impl\_connection.py", line 69, in send
    return await self._connection.wrap_api_call(
           ^^^^^^^^^^^^^^^^^^^^^^^^^^^^^^^^^^^^^
    ...<3 lines>...
    )
    ^
  File "E:\github\wk_python\chaoxing_auto\.venv\Lib\site-packages\playwright\_impl\_connection.py", line 563, in wrap_api_call
    raise rewrite_error(error, f"{parsed_st['apiName']}: {error}") from None
playwright._impl._errors.TargetClosedError: Page.goto: Target page, context or browser has been closed
2026-07-08 16:33:08 INFO 开始学习章节 [71/74]: 9.1 第一节 商业计划书及其撰写
2026-07-08 16:33:08 INFO 打开章节: 9.1 第一节 商业计划书及其撰写
2026-07-08 16:33:08 ERROR 保存截图失败: Page.screenshot: Target page, context or browser has been closed
Traceback (most recent call last):
  File "E:\github\wk_python\chaoxing_auto\utils\helper.py", line 63, in save_screenshot
    page.screenshot(path=str(path), full_page=True)
    ~~~~~~~~~~~~~~~^^^^^^^^^^^^^^^^^^^^^^^^^^^^^^^^
  File "E:\github\wk_python\chaoxing_auto\.venv\Lib\site-packages\playwright\sync_api\_generated.py", line 10754, in screenshot
    self._sync(
    ~~~~~~~~~~^
        self._impl_obj.screenshot(
        ^^^^^^^^^^^^^^^^^^^^^^^^^^
    ...<13 lines>...
        )
        ^
    )
    ^
  File "E:\github\wk_python\chaoxing_auto\.venv\Lib\site-packages\playwright\_impl\_sync_base.py", line 115, in _sync
    return task.result()
           ~~~~~~~~~~~^^
  File "E:\github\wk_python\chaoxing_auto\.venv\Lib\site-packages\playwright\_impl\_page.py", line 828, in screenshot
    encoded_binary = await self._channel.send(
                     ^^^^^^^^^^^^^^^^^^^^^^^^^
        "screenshot", self._timeout_settings.timeout, params
        ^^^^^^^^^^^^^^^^^^^^^^^^^^^^^^^^^^^^^^^^^^^^^^^^^^^^
    )
    ^
  File "E:\github\wk_python\chaoxing_auto\.venv\Lib\site-packages\playwright\_impl\_connection.py", line 69, in send
    return await self._connection.wrap_api_call(
           ^^^^^^^^^^^^^^^^^^^^^^^^^^^^^^^^^^^^^
    ...<3 lines>...
    )
    ^
  File "E:\github\wk_python\chaoxing_auto\.venv\Lib\site-packages\playwright\_impl\_connection.py", line 563, in wrap_api_call
    raise rewrite_error(error, f"{parsed_st['apiName']}: {error}") from None
playwright._impl._errors.TargetClosedError: Page.screenshot: Target page, context or browser has been closed
2026-07-08 16:33:08 ERROR 打开章节失败: Page.goto: Target page, context or browser has been closed
Traceback (most recent call last):
  File "E:\github\wk_python\chaoxing_auto\course\chapter.py", line 131, in open_chapter
    self.page.goto(url, wait_until="domcontentloaded", timeout=WAIT_TIME)
    ~~~~~~~~~~~~~~^^^^^^^^^^^^^^^^^^^^^^^^^^^^^^^^^^^^^^^^^^^^^^^^^^^^^^^
  File "E:\github\wk_python\chaoxing_auto\.venv\Lib\site-packages\playwright\sync_api\_generated.py", line 9770, in goto
    self._sync(
    ~~~~~~~~~~^
        self._impl_obj.goto(
        ^^^^^^^^^^^^^^^^^^^^
    ...<4 lines>...
        )
        ^
    )
    ^
  File "E:\github\wk_python\chaoxing_auto\.venv\Lib\site-packages\playwright\_impl\_sync_base.py", line 115, in _sync
    return task.result()
           ~~~~~~~~~~~^^
  File "E:\github\wk_python\chaoxing_auto\.venv\Lib\site-packages\playwright\_impl\_page.py", line 560, in goto
    return await self._main_frame.goto(**locals_to_params(locals()))
           ^^^^^^^^^^^^^^^^^^^^^^^^^^^^^^^^^^^^^^^^^^^^^^^^^^^^^^^^^
  File "E:\github\wk_python\chaoxing_auto\.venv\Lib\site-packages\playwright\_impl\_frame.py", line 156, in goto
    await self._channel.send(
        "goto", self._navigation_timeout, locals_to_params(locals())
    )
  File "E:\github\wk_python\chaoxing_auto\.venv\Lib\site-packages\playwright\_impl\_connection.py", line 69, in send
    return await self._connection.wrap_api_call(
           ^^^^^^^^^^^^^^^^^^^^^^^^^^^^^^^^^^^^^
    ...<3 lines>...
    )
    ^
  File "E:\github\wk_python\chaoxing_auto\.venv\Lib\site-packages\playwright\_impl\_connection.py", line 563, in wrap_api_call
    raise rewrite_error(error, f"{parsed_st['apiName']}: {error}") from None
playwright._impl._errors.TargetClosedError: Page.goto: Target page, context or browser has been closed
2026-07-08 16:33:08 ERROR 保存截图失败: Page.screenshot: Target page, context or browser has been closed
Traceback (most recent call last):
  File "E:\github\wk_python\chaoxing_auto\utils\helper.py", line 63, in save_screenshot
    page.screenshot(path=str(path), full_page=True)
    ~~~~~~~~~~~~~~~^^^^^^^^^^^^^^^^^^^^^^^^^^^^^^^^
  File "E:\github\wk_python\chaoxing_auto\.venv\Lib\site-packages\playwright\sync_api\_generated.py", line 10754, in screenshot
    self._sync(
    ~~~~~~~~~~^
        self._impl_obj.screenshot(
        ^^^^^^^^^^^^^^^^^^^^^^^^^^
    ...<13 lines>...
        )
        ^
    )
    ^
  File "E:\github\wk_python\chaoxing_auto\.venv\Lib\site-packages\playwright\_impl\_sync_base.py", line 115, in _sync
    return task.result()
           ~~~~~~~~~~~^^
  File "E:\github\wk_python\chaoxing_auto\.venv\Lib\site-packages\playwright\_impl\_page.py", line 828, in screenshot
    encoded_binary = await self._channel.send(
                     ^^^^^^^^^^^^^^^^^^^^^^^^^
        "screenshot", self._timeout_settings.timeout, params
        ^^^^^^^^^^^^^^^^^^^^^^^^^^^^^^^^^^^^^^^^^^^^^^^^^^^^
    )
    ^
  File "E:\github\wk_python\chaoxing_auto\.venv\Lib\site-packages\playwright\_impl\_connection.py", line 69, in send
    return await self._connection.wrap_api_call(
           ^^^^^^^^^^^^^^^^^^^^^^^^^^^^^^^^^^^^^
    ...<3 lines>...
    )
    ^
  File "E:\github\wk_python\chaoxing_auto\.venv\Lib\site-packages\playwright\_impl\_connection.py", line 563, in wrap_api_call
    raise rewrite_error(error, f"{parsed_st['apiName']}: {error}") from None
playwright._impl._errors.TargetClosedError: Page.screenshot: Target page, context or browser has been closed
2026-07-08 16:33:08 ERROR 章节处理失败，继续下一章节: 9.1 第一节 商业计划书及其撰写，错误: Page.goto: Target page, context or browser has been closed
Traceback (most recent call last):
  File "E:\github\wk_python\chaoxing_auto\main.py", line 326, in _learn_open_course
    chapter_manager.open_chapter(chapter)
    ~~~~~~~~~~~~~~~~~~~~~~~~~~~~^^^^^^^^^
  File "E:\github\wk_python\chaoxing_auto\course\chapter.py", line 131, in open_chapter
    self.page.goto(url, wait_until="domcontentloaded", timeout=WAIT_TIME)
    ~~~~~~~~~~~~~~^^^^^^^^^^^^^^^^^^^^^^^^^^^^^^^^^^^^^^^^^^^^^^^^^^^^^^^
  File "E:\github\wk_python\chaoxing_auto\.venv\Lib\site-packages\playwright\sync_api\_generated.py", line 9770, in goto
    self._sync(
    ~~~~~~~~~~^
        self._impl_obj.goto(
        ^^^^^^^^^^^^^^^^^^^^
    ...<4 lines>...
        )
        ^
    )
    ^
  File "E:\github\wk_python\chaoxing_auto\.venv\Lib\site-packages\playwright\_impl\_sync_base.py", line 115, in _sync
    return task.result()
           ~~~~~~~~~~~^^
  File "E:\github\wk_python\chaoxing_auto\.venv\Lib\site-packages\playwright\_impl\_page.py", line 560, in goto
    return await self._main_frame.goto(**locals_to_params(locals()))
           ^^^^^^^^^^^^^^^^^^^^^^^^^^^^^^^^^^^^^^^^^^^^^^^^^^^^^^^^^
  File "E:\github\wk_python\chaoxing_auto\.venv\Lib\site-packages\playwright\_impl\_frame.py", line 156, in goto
    await self._channel.send(
        "goto", self._navigation_timeout, locals_to_params(locals())
    )
  File "E:\github\wk_python\chaoxing_auto\.venv\Lib\site-packages\playwright\_impl\_connection.py", line 69, in send
    return await self._connection.wrap_api_call(
           ^^^^^^^^^^^^^^^^^^^^^^^^^^^^^^^^^^^^^
    ...<3 lines>...
    )
    ^
  File "E:\github\wk_python\chaoxing_auto\.venv\Lib\site-packages\playwright\_impl\_connection.py", line 563, in wrap_api_call
    raise rewrite_error(error, f"{parsed_st['apiName']}: {error}") from None
playwright._impl._errors.TargetClosedError: Page.goto: Target page, context or browser has been closed
2026-07-08 16:33:08 INFO 开始学习章节 [72/74]: 10.1 第一节 积极参与创新创业大赛
2026-07-08 16:33:08 INFO 打开章节: 10.1 第一节 积极参与创新创业大赛
2026-07-08 16:33:08 ERROR 保存截图失败: Page.screenshot: Target page, context or browser has been closed
Traceback (most recent call last):
  File "E:\github\wk_python\chaoxing_auto\utils\helper.py", line 63, in save_screenshot
    page.screenshot(path=str(path), full_page=True)
    ~~~~~~~~~~~~~~~^^^^^^^^^^^^^^^^^^^^^^^^^^^^^^^^
  File "E:\github\wk_python\chaoxing_auto\.venv\Lib\site-packages\playwright\sync_api\_generated.py", line 10754, in screenshot
    self._sync(
    ~~~~~~~~~~^
        self._impl_obj.screenshot(
        ^^^^^^^^^^^^^^^^^^^^^^^^^^
    ...<13 lines>...
        )
        ^
    )
    ^
  File "E:\github\wk_python\chaoxing_auto\.venv\Lib\site-packages\playwright\_impl\_sync_base.py", line 115, in _sync
    return task.result()
           ~~~~~~~~~~~^^
  File "E:\github\wk_python\chaoxing_auto\.venv\Lib\site-packages\playwright\_impl\_page.py", line 828, in screenshot
    encoded_binary = await self._channel.send(
                     ^^^^^^^^^^^^^^^^^^^^^^^^^
        "screenshot", self._timeout_settings.timeout, params
        ^^^^^^^^^^^^^^^^^^^^^^^^^^^^^^^^^^^^^^^^^^^^^^^^^^^^
    )
    ^
  File "E:\github\wk_python\chaoxing_auto\.venv\Lib\site-packages\playwright\_impl\_connection.py", line 69, in send
    return await self._connection.wrap_api_call(
           ^^^^^^^^^^^^^^^^^^^^^^^^^^^^^^^^^^^^^
    ...<3 lines>...
    )
    ^
  File "E:\github\wk_python\chaoxing_auto\.venv\Lib\site-packages\playwright\_impl\_connection.py", line 563, in wrap_api_call
    raise rewrite_error(error, f"{parsed_st['apiName']}: {error}") from None
playwright._impl._errors.TargetClosedError: Page.screenshot: Target page, context or browser has been closed
2026-07-08 16:33:08 ERROR 打开章节失败: Page.goto: Target page, context or browser has been closed
Traceback (most recent call last):
  File "E:\github\wk_python\chaoxing_auto\course\chapter.py", line 131, in open_chapter
    self.page.goto(url, wait_until="domcontentloaded", timeout=WAIT_TIME)
    ~~~~~~~~~~~~~~^^^^^^^^^^^^^^^^^^^^^^^^^^^^^^^^^^^^^^^^^^^^^^^^^^^^^^^
  File "E:\github\wk_python\chaoxing_auto\.venv\Lib\site-packages\playwright\sync_api\_generated.py", line 9770, in goto
    self._sync(
    ~~~~~~~~~~^
        self._impl_obj.goto(
        ^^^^^^^^^^^^^^^^^^^^
    ...<4 lines>...
        )
        ^
    )
    ^
  File "E:\github\wk_python\chaoxing_auto\.venv\Lib\site-packages\playwright\_impl\_sync_base.py", line 115, in _sync
    return task.result()
           ~~~~~~~~~~~^^
  File "E:\github\wk_python\chaoxing_auto\.venv\Lib\site-packages\playwright\_impl\_page.py", line 560, in goto
    return await self._main_frame.goto(**locals_to_params(locals()))
           ^^^^^^^^^^^^^^^^^^^^^^^^^^^^^^^^^^^^^^^^^^^^^^^^^^^^^^^^^
  File "E:\github\wk_python\chaoxing_auto\.venv\Lib\site-packages\playwright\_impl\_frame.py", line 156, in goto
    await self._channel.send(
        "goto", self._navigation_timeout, locals_to_params(locals())
    )
  File "E:\github\wk_python\chaoxing_auto\.venv\Lib\site-packages\playwright\_impl\_connection.py", line 69, in send
    return await self._connection.wrap_api_call(
           ^^^^^^^^^^^^^^^^^^^^^^^^^^^^^^^^^^^^^
    ...<3 lines>...
    )
    ^
  File "E:\github\wk_python\chaoxing_auto\.venv\Lib\site-packages\playwright\_impl\_connection.py", line 563, in wrap_api_call
    raise rewrite_error(error, f"{parsed_st['apiName']}: {error}") from None
playwright._impl._errors.TargetClosedError: Page.goto: Target page, context or browser has been closed
2026-07-08 16:33:08 ERROR 保存截图失败: Page.screenshot: Target page, context or browser has been closed
Traceback (most recent call last):
  File "E:\github\wk_python\chaoxing_auto\utils\helper.py", line 63, in save_screenshot
    page.screenshot(path=str(path), full_page=True)
    ~~~~~~~~~~~~~~~^^^^^^^^^^^^^^^^^^^^^^^^^^^^^^^^
  File "E:\github\wk_python\chaoxing_auto\.venv\Lib\site-packages\playwright\sync_api\_generated.py", line 10754, in screenshot
    self._sync(
    ~~~~~~~~~~^
        self._impl_obj.screenshot(
        ^^^^^^^^^^^^^^^^^^^^^^^^^^
    ...<13 lines>...
        )
        ^
    )
    ^
  File "E:\github\wk_python\chaoxing_auto\.venv\Lib\site-packages\playwright\_impl\_sync_base.py", line 115, in _sync
    return task.result()
           ~~~~~~~~~~~^^
  File "E:\github\wk_python\chaoxing_auto\.venv\Lib\site-packages\playwright\_impl\_page.py", line 828, in screenshot
    encoded_binary = await self._channel.send(
                     ^^^^^^^^^^^^^^^^^^^^^^^^^
        "screenshot", self._timeout_settings.timeout, params
        ^^^^^^^^^^^^^^^^^^^^^^^^^^^^^^^^^^^^^^^^^^^^^^^^^^^^
    )
    ^
  File "E:\github\wk_python\chaoxing_auto\.venv\Lib\site-packages\playwright\_impl\_connection.py", line 69, in send
    return await self._connection.wrap_api_call(
           ^^^^^^^^^^^^^^^^^^^^^^^^^^^^^^^^^^^^^
    ...<3 lines>...
    )
    ^
  File "E:\github\wk_python\chaoxing_auto\.venv\Lib\site-packages\playwright\_impl\_connection.py", line 563, in wrap_api_call
    raise rewrite_error(error, f"{parsed_st['apiName']}: {error}") from None
playwright._impl._errors.TargetClosedError: Page.screenshot: Target page, context or browser has been closed
2026-07-08 16:33:08 ERROR 章节处理失败，继续下一章节: 10.1 第一节 积极参与创新创业大赛，错误: Page.goto: Target page, context or browser has been closed
Traceback (most recent call last):
  File "E:\github\wk_python\chaoxing_auto\main.py", line 326, in _learn_open_course
    chapter_manager.open_chapter(chapter)
    ~~~~~~~~~~~~~~~~~~~~~~~~~~~~^^^^^^^^^
  File "E:\github\wk_python\chaoxing_auto\course\chapter.py", line 131, in open_chapter
    self.page.goto(url, wait_until="domcontentloaded", timeout=WAIT_TIME)
    ~~~~~~~~~~~~~~^^^^^^^^^^^^^^^^^^^^^^^^^^^^^^^^^^^^^^^^^^^^^^^^^^^^^^^
  File "E:\github\wk_python\chaoxing_auto\.venv\Lib\site-packages\playwright\sync_api\_generated.py", line 9770, in goto
    self._sync(
    ~~~~~~~~~~^
        self._impl_obj.goto(
        ^^^^^^^^^^^^^^^^^^^^
    ...<4 lines>...
        )
        ^
    )
    ^
  File "E:\github\wk_python\chaoxing_auto\.venv\Lib\site-packages\playwright\_impl\_sync_base.py", line 115, in _sync
    return task.result()
           ~~~~~~~~~~~^^
  File "E:\github\wk_python\chaoxing_auto\.venv\Lib\site-packages\playwright\_impl\_page.py", line 560, in goto
    return await self._main_frame.goto(**locals_to_params(locals()))
           ^^^^^^^^^^^^^^^^^^^^^^^^^^^^^^^^^^^^^^^^^^^^^^^^^^^^^^^^^
  File "E:\github\wk_python\chaoxing_auto\.venv\Lib\site-packages\playwright\_impl\_frame.py", line 156, in goto
    await self._channel.send(
        "goto", self._navigation_timeout, locals_to_params(locals())
    )
  File "E:\github\wk_python\chaoxing_auto\.venv\Lib\site-packages\playwright\_impl\_connection.py", line 69, in send
    return await self._connection.wrap_api_call(
           ^^^^^^^^^^^^^^^^^^^^^^^^^^^^^^^^^^^^^
    ...<3 lines>...
    )
    ^
  File "E:\github\wk_python\chaoxing_auto\.venv\Lib\site-packages\playwright\_impl\_connection.py", line 563, in wrap_api_call
    raise rewrite_error(error, f"{parsed_st['apiName']}: {error}") from None
playwright._impl._errors.TargetClosedError: Page.goto: Target page, context or browser has been closed
2026-07-08 16:33:08 INFO 开始学习章节 [73/74]: 12.1 第一节 创业孵化器及其优惠政策
2026-07-08 16:33:08 INFO 打开章节: 12.1 第一节 创业孵化器及其优惠政策
2026-07-08 16:33:08 ERROR 保存截图失败: Page.screenshot: Target page, context or browser has been closed
Traceback (most recent call last):
  File "E:\github\wk_python\chaoxing_auto\utils\helper.py", line 63, in save_screenshot
    page.screenshot(path=str(path), full_page=True)
    ~~~~~~~~~~~~~~~^^^^^^^^^^^^^^^^^^^^^^^^^^^^^^^^
  File "E:\github\wk_python\chaoxing_auto\.venv\Lib\site-packages\playwright\sync_api\_generated.py", line 10754, in screenshot
    self._sync(
    ~~~~~~~~~~^
        self._impl_obj.screenshot(
        ^^^^^^^^^^^^^^^^^^^^^^^^^^
    ...<13 lines>...
        )
        ^
    )
    ^
  File "E:\github\wk_python\chaoxing_auto\.venv\Lib\site-packages\playwright\_impl\_sync_base.py", line 115, in _sync
    return task.result()
           ~~~~~~~~~~~^^
  File "E:\github\wk_python\chaoxing_auto\.venv\Lib\site-packages\playwright\_impl\_page.py", line 828, in screenshot
    encoded_binary = await self._channel.send(
                     ^^^^^^^^^^^^^^^^^^^^^^^^^
        "screenshot", self._timeout_settings.timeout, params
        ^^^^^^^^^^^^^^^^^^^^^^^^^^^^^^^^^^^^^^^^^^^^^^^^^^^^
    )
    ^
  File "E:\github\wk_python\chaoxing_auto\.venv\Lib\site-packages\playwright\_impl\_connection.py", line 69, in send
    return await self._connection.wrap_api_call(
           ^^^^^^^^^^^^^^^^^^^^^^^^^^^^^^^^^^^^^
    ...<3 lines>...
    )
    ^
  File "E:\github\wk_python\chaoxing_auto\.venv\Lib\site-packages\playwright\_impl\_connection.py", line 563, in wrap_api_call
    raise rewrite_error(error, f"{parsed_st['apiName']}: {error}") from None
playwright._impl._errors.TargetClosedError: Page.screenshot: Target page, context or browser has been closed
2026-07-08 16:33:08 ERROR 打开章节失败: Page.goto: Target page, context or browser has been closed
Traceback (most recent call last):
  File "E:\github\wk_python\chaoxing_auto\course\chapter.py", line 131, in open_chapter
    self.page.goto(url, wait_until="domcontentloaded", timeout=WAIT_TIME)
    ~~~~~~~~~~~~~~^^^^^^^^^^^^^^^^^^^^^^^^^^^^^^^^^^^^^^^^^^^^^^^^^^^^^^^
  File "E:\github\wk_python\chaoxing_auto\.venv\Lib\site-packages\playwright\sync_api\_generated.py", line 9770, in goto
    self._sync(
    ~~~~~~~~~~^
        self._impl_obj.goto(
        ^^^^^^^^^^^^^^^^^^^^
    ...<4 lines>...
        )
        ^
    )
    ^
  File "E:\github\wk_python\chaoxing_auto\.venv\Lib\site-packages\playwright\_impl\_sync_base.py", line 115, in _sync
    return task.result()
           ~~~~~~~~~~~^^
  File "E:\github\wk_python\chaoxing_auto\.venv\Lib\site-packages\playwright\_impl\_page.py", line 560, in goto
    return await self._main_frame.goto(**locals_to_params(locals()))
           ^^^^^^^^^^^^^^^^^^^^^^^^^^^^^^^^^^^^^^^^^^^^^^^^^^^^^^^^^
  File "E:\github\wk_python\chaoxing_auto\.venv\Lib\site-packages\playwright\_impl\_frame.py", line 156, in goto
    await self._channel.send(
        "goto", self._navigation_timeout, locals_to_params(locals())
    )
  File "E:\github\wk_python\chaoxing_auto\.venv\Lib\site-packages\playwright\_impl\_connection.py", line 69, in send
    return await self._connection.wrap_api_call(
           ^^^^^^^^^^^^^^^^^^^^^^^^^^^^^^^^^^^^^
    ...<3 lines>...
    )
    ^
  File "E:\github\wk_python\chaoxing_auto\.venv\Lib\site-packages\playwright\_impl\_connection.py", line 563, in wrap_api_call
    raise rewrite_error(error, f"{parsed_st['apiName']}: {error}") from None
playwright._impl._errors.TargetClosedError: Page.goto: Target page, context or browser has been closed
2026-07-08 16:33:08 ERROR 保存截图失败: Page.screenshot: Target page, context or browser has been closed
Traceback (most recent call last):
  File "E:\github\wk_python\chaoxing_auto\utils\helper.py", line 63, in save_screenshot
    page.screenshot(path=str(path), full_page=True)
    ~~~~~~~~~~~~~~~^^^^^^^^^^^^^^^^^^^^^^^^^^^^^^^^
  File "E:\github\wk_python\chaoxing_auto\.venv\Lib\site-packages\playwright\sync_api\_generated.py", line 10754, in screenshot
    self._sync(
    ~~~~~~~~~~^
        self._impl_obj.screenshot(
        ^^^^^^^^^^^^^^^^^^^^^^^^^^
    ...<13 lines>...
        )
        ^
    )
    ^
  File "E:\github\wk_python\chaoxing_auto\.venv\Lib\site-packages\playwright\_impl\_sync_base.py", line 115, in _sync
    return task.result()
           ~~~~~~~~~~~^^
  File "E:\github\wk_python\chaoxing_auto\.venv\Lib\site-packages\playwright\_impl\_page.py", line 828, in screenshot
    encoded_binary = await self._channel.send(
                     ^^^^^^^^^^^^^^^^^^^^^^^^^
        "screenshot", self._timeout_settings.timeout, params
        ^^^^^^^^^^^^^^^^^^^^^^^^^^^^^^^^^^^^^^^^^^^^^^^^^^^^
    )
    ^
  File "E:\github\wk_python\chaoxing_auto\.venv\Lib\site-packages\playwright\_impl\_connection.py", line 69, in send
    return await self._connection.wrap_api_call(
           ^^^^^^^^^^^^^^^^^^^^^^^^^^^^^^^^^^^^^
    ...<3 lines>...
    )
    ^
  File "E:\github\wk_python\chaoxing_auto\.venv\Lib\site-packages\playwright\_impl\_connection.py", line 563, in wrap_api_call
    raise rewrite_error(error, f"{parsed_st['apiName']}: {error}") from None
playwright._impl._errors.TargetClosedError: Page.screenshot: Target page, context or browser has been closed
2026-07-08 16:33:08 ERROR 章节处理失败，继续下一章节: 12.1 第一节 创业孵化器及其优惠政策，错误: Page.goto: Target page, context or browser has been closed
Traceback (most recent call last):
  File "E:\github\wk_python\chaoxing_auto\main.py", line 326, in _learn_open_course
    chapter_manager.open_chapter(chapter)
    ~~~~~~~~~~~~~~~~~~~~~~~~~~~~^^^^^^^^^
  File "E:\github\wk_python\chaoxing_auto\course\chapter.py", line 131, in open_chapter
    self.page.goto(url, wait_until="domcontentloaded", timeout=WAIT_TIME)
    ~~~~~~~~~~~~~~^^^^^^^^^^^^^^^^^^^^^^^^^^^^^^^^^^^^^^^^^^^^^^^^^^^^^^^
  File "E:\github\wk_python\chaoxing_auto\.venv\Lib\site-packages\playwright\sync_api\_generated.py", line 9770, in goto
    self._sync(
    ~~~~~~~~~~^
        self._impl_obj.goto(
        ^^^^^^^^^^^^^^^^^^^^
    ...<4 lines>...
        )
        ^
    )
    ^
  File "E:\github\wk_python\chaoxing_auto\.venv\Lib\site-packages\playwright\_impl\_sync_base.py", line 115, in _sync
    return task.result()
           ~~~~~~~~~~~^^
  File "E:\github\wk_python\chaoxing_auto\.venv\Lib\site-packages\playwright\_impl\_page.py", line 560, in goto
    return await self._main_frame.goto(**locals_to_params(locals()))
           ^^^^^^^^^^^^^^^^^^^^^^^^^^^^^^^^^^^^^^^^^^^^^^^^^^^^^^^^^
  File "E:\github\wk_python\chaoxing_auto\.venv\Lib\site-packages\playwright\_impl\_frame.py", line 156, in goto
    await self._channel.send(
        "goto", self._navigation_timeout, locals_to_params(locals())
    )
  File "E:\github\wk_python\chaoxing_auto\.venv\Lib\site-packages\playwright\_impl\_connection.py", line 69, in send
    return await self._connection.wrap_api_call(
           ^^^^^^^^^^^^^^^^^^^^^^^^^^^^^^^^^^^^^
    ...<3 lines>...
    )
    ^
  File "E:\github\wk_python\chaoxing_auto\.venv\Lib\site-packages\playwright\_impl\_connection.py", line 563, in wrap_api_call
    raise rewrite_error(error, f"{parsed_st['apiName']}: {error}") from None
playwright._impl._errors.TargetClosedError: Page.goto: Target page, context or browser has been closed
2026-07-08 16:33:08 INFO 开始学习章节 [74/74]: 12.3 第三节 高校大学生创新创业基地
2026-07-08 16:33:08 INFO 打开章节: 12.3 第三节 高校大学生创新创业基地
2026-07-08 16:33:08 ERROR 保存截图失败: Page.screenshot: Target page, context or browser has been closed
Traceback (most recent call last):
  File "E:\github\wk_python\chaoxing_auto\utils\helper.py", line 63, in save_screenshot
    page.screenshot(path=str(path), full_page=True)
    ~~~~~~~~~~~~~~~^^^^^^^^^^^^^^^^^^^^^^^^^^^^^^^^
  File "E:\github\wk_python\chaoxing_auto\.venv\Lib\site-packages\playwright\sync_api\_generated.py", line 10754, in screenshot
    self._sync(
    ~~~~~~~~~~^
        self._impl_obj.screenshot(
        ^^^^^^^^^^^^^^^^^^^^^^^^^^
    ...<13 lines>...
        )
        ^
    )
    ^
  File "E:\github\wk_python\chaoxing_auto\.venv\Lib\site-packages\playwright\_impl\_sync_base.py", line 115, in _sync
    return task.result()
           ~~~~~~~~~~~^^
  File "E:\github\wk_python\chaoxing_auto\.venv\Lib\site-packages\playwright\_impl\_page.py", line 828, in screenshot
    encoded_binary = await self._channel.send(
                     ^^^^^^^^^^^^^^^^^^^^^^^^^
        "screenshot", self._timeout_settings.timeout, params
        ^^^^^^^^^^^^^^^^^^^^^^^^^^^^^^^^^^^^^^^^^^^^^^^^^^^^
    )
    ^
  File "E:\github\wk_python\chaoxing_auto\.venv\Lib\site-packages\playwright\_impl\_connection.py", line 69, in send
    return await self._connection.wrap_api_call(
           ^^^^^^^^^^^^^^^^^^^^^^^^^^^^^^^^^^^^^
    ...<3 lines>...
    )
    ^
  File "E:\github\wk_python\chaoxing_auto\.venv\Lib\site-packages\playwright\_impl\_connection.py", line 563, in wrap_api_call
    raise rewrite_error(error, f"{parsed_st['apiName']}: {error}") from None
playwright._impl._errors.TargetClosedError: Page.screenshot: Target page, context or browser has been closed
2026-07-08 16:33:08 ERROR 打开章节失败: Page.goto: Target page, context or browser has been closed
Traceback (most recent call last):
  File "E:\github\wk_python\chaoxing_auto\course\chapter.py", line 131, in open_chapter
    self.page.goto(url, wait_until="domcontentloaded", timeout=WAIT_TIME)
    ~~~~~~~~~~~~~~^^^^^^^^^^^^^^^^^^^^^^^^^^^^^^^^^^^^^^^^^^^^^^^^^^^^^^^
  File "E:\github\wk_python\chaoxing_auto\.venv\Lib\site-packages\playwright\sync_api\_generated.py", line 9770, in goto
    self._sync(
    ~~~~~~~~~~^
        self._impl_obj.goto(
        ^^^^^^^^^^^^^^^^^^^^
    ...<4 lines>...
        )
        ^
    )
    ^
  File "E:\github\wk_python\chaoxing_auto\.venv\Lib\site-packages\playwright\_impl\_sync_base.py", line 115, in _sync
    return task.result()
           ~~~~~~~~~~~^^
  File "E:\github\wk_python\chaoxing_auto\.venv\Lib\site-packages\playwright\_impl\_page.py", line 560, in goto
    return await self._main_frame.goto(**locals_to_params(locals()))
           ^^^^^^^^^^^^^^^^^^^^^^^^^^^^^^^^^^^^^^^^^^^^^^^^^^^^^^^^^
  File "E:\github\wk_python\chaoxing_auto\.venv\Lib\site-packages\playwright\_impl\_frame.py", line 156, in goto
    await self._channel.send(
        "goto", self._navigation_timeout, locals_to_params(locals())
    )
  File "E:\github\wk_python\chaoxing_auto\.venv\Lib\site-packages\playwright\_impl\_connection.py", line 69, in send
    return await self._connection.wrap_api_call(
           ^^^^^^^^^^^^^^^^^^^^^^^^^^^^^^^^^^^^^
    ...<3 lines>...
    )
    ^
  File "E:\github\wk_python\chaoxing_auto\.venv\Lib\site-packages\playwright\_impl\_connection.py", line 563, in wrap_api_call
    raise rewrite_error(error, f"{parsed_st['apiName']}: {error}") from None
playwright._impl._errors.TargetClosedError: Page.goto: Target page, context or browser has been closed
2026-07-08 16:33:08 ERROR 保存截图失败: Page.screenshot: Target page, context or browser has been closed
Traceback (most recent call last):
  File "E:\github\wk_python\chaoxing_auto\utils\helper.py", line 63, in save_screenshot
    page.screenshot(path=str(path), full_page=True)
    ~~~~~~~~~~~~~~~^^^^^^^^^^^^^^^^^^^^^^^^^^^^^^^^
  File "E:\github\wk_python\chaoxing_auto\.venv\Lib\site-packages\playwright\sync_api\_generated.py", line 10754, in screenshot
    self._sync(
    ~~~~~~~~~~^
        self._impl_obj.screenshot(
        ^^^^^^^^^^^^^^^^^^^^^^^^^^
    ...<13 lines>...
        )
        ^
    )
    ^
  File "E:\github\wk_python\chaoxing_auto\.venv\Lib\site-packages\playwright\_impl\_sync_base.py", line 115, in _sync
    return task.result()
           ~~~~~~~~~~~^^
  File "E:\github\wk_python\chaoxing_auto\.venv\Lib\site-packages\playwright\_impl\_page.py", line 828, in screenshot
    encoded_binary = await self._channel.send(
                     ^^^^^^^^^^^^^^^^^^^^^^^^^
        "screenshot", self._timeout_settings.timeout, params
        ^^^^^^^^^^^^^^^^^^^^^^^^^^^^^^^^^^^^^^^^^^^^^^^^^^^^
    )
    ^
  File "E:\github\wk_python\chaoxing_auto\.venv\Lib\site-packages\playwright\_impl\_connection.py", line 69, in send
    return await self._connection.wrap_api_call(
           ^^^^^^^^^^^^^^^^^^^^^^^^^^^^^^^^^^^^^
    ...<3 lines>...
    )
    ^
  File "E:\github\wk_python\chaoxing_auto\.venv\Lib\site-packages\playwright\_impl\_connection.py", line 563, in wrap_api_call
    raise rewrite_error(error, f"{parsed_st['apiName']}: {error}") from None
playwright._impl._errors.TargetClosedError: Page.screenshot: Target page, context or browser has been closed
2026-07-08 16:33:08 ERROR 章节处理失败，继续下一章节: 12.3 第三节 高校大学生创新创业基地，错误: Page.goto: Target page, context or browser has been closed
Traceback (most recent call last):
  File "E:\github\wk_python\chaoxing_auto\main.py", line 326, in _learn_open_course
    chapter_manager.open_chapter(chapter)
    ~~~~~~~~~~~~~~~~~~~~~~~~~~~~^^^^^^^^^
  File "E:\github\wk_python\chaoxing_auto\course\chapter.py", line 131, in open_chapter
    self.page.goto(url, wait_until="domcontentloaded", timeout=WAIT_TIME)
    ~~~~~~~~~~~~~~^^^^^^^^^^^^^^^^^^^^^^^^^^^^^^^^^^^^^^^^^^^^^^^^^^^^^^^
  File "E:\github\wk_python\chaoxing_auto\.venv\Lib\site-packages\playwright\sync_api\_generated.py", line 9770, in goto
    self._sync(
    ~~~~~~~~~~^
        self._impl_obj.goto(
        ^^^^^^^^^^^^^^^^^^^^
    ...<4 lines>...
        )
        ^
    )
    ^
  File "E:\github\wk_python\chaoxing_auto\.venv\Lib\site-packages\playwright\_impl\_sync_base.py", line 115, in _sync
    return task.result()
           ~~~~~~~~~~~^^
  File "E:\github\wk_python\chaoxing_auto\.venv\Lib\site-packages\playwright\_impl\_page.py", line 560, in goto
    return await self._main_frame.goto(**locals_to_params(locals()))
           ^^^^^^^^^^^^^^^^^^^^^^^^^^^^^^^^^^^^^^^^^^^^^^^^^^^^^^^^^
  File "E:\github\wk_python\chaoxing_auto\.venv\Lib\site-packages\playwright\_impl\_frame.py", line 156, in goto
    await self._channel.send(
        "goto", self._navigation_timeout, locals_to_params(locals())
    )
  File "E:\github\wk_python\chaoxing_auto\.venv\Lib\site-packages\playwright\_impl\_connection.py", line 69, in send
    return await self._connection.wrap_api_call(
           ^^^^^^^^^^^^^^^^^^^^^^^^^^^^^^^^^^^^^
    ...<3 lines>...
    )
    ^
  File "E:\github\wk_python\chaoxing_auto\.venv\Lib\site-packages\playwright\_impl\_connection.py", line 563, in wrap_api_call
    raise rewrite_error(error, f"{parsed_st['apiName']}: {error}") from None
playwright._impl._errors.TargetClosedError: Page.goto: Target page, context or browser has been closed
2026-07-08 16:33:08 INFO 自动学习流程结束
2026-07-08 16:33:08 INFO 关闭浏览器资源
2026-07-08 16:33:15 INFO 启动浏览器，headless=False
2026-07-08 16:33:15 INFO 加载登录状态: E:\github\wk_python\chaoxing_auto\auth.json
2026-07-08 16:33:16 INFO 已创建新页面
2026-07-08 16:33:16 INFO 打开登录页: https://passport2.chaoxing.com/login
2026-07-08 16:33:24 INFO 已输入用户名
2026-07-08 16:33:24 INFO 已输入密码
2026-07-08 16:33:24 INFO 点击登录按钮
2026-07-08 16:33:30 INFO 登录成功
2026-07-08 16:33:30 INFO 登录状态已保存: E:\github\wk_python\chaoxing_auto\auth.json
2026-07-08 16:33:30 INFO 打开课程列表页: https://mooc1-1.chaoxing.com/visit/courses
2026-07-08 16:33:33 INFO 获取课程数量: 59
2026-07-08 16:33:33 INFO 课程: （专科）劳动教育理论专题2 | courseId=261372040 开始=未显示 截止=未显示 考试=未显示 考试开始=未显示 任务=未显示 -> https://mooc1-1.chaoxing.com/visit/stucoursemiddle?courseid=261372040&clazzid=149898881&vc=1&cpi=499280377
2026-07-08 16:33:33 INFO 课程: 25专形势与政策 | courseId=264714884 开始=未显示 截止=未显示 考试=未显示 考试开始=未显示 任务=未显示 -> https://mooc1-1.chaoxing.com/visit/stucoursemiddle?courseid=264714884&clazzid=149133116&vc=1&cpi=499280377
2026-07-08 16:33:33 INFO 课程: 26年春季学期2025级专... | courseId=264331818 开始=未显示 截止=未显示 考试=未显示 考试开始=未显示 任务=未显示 -> https://mooc1-1.chaoxing.com/visit/stucoursemiddle?courseid=264331818&clazzid=148346198&vc=1&cpi=499280377
2026-07-08 16:33:33 INFO 课程: 西门子S7-1200/1500 PLC项目化编程 第13期 | courseId=261132991 开始=未显示 截止=未显示 考试=未显示 考试开始=未显示 任务=未显示 -> https://mooc1-1.chaoxing.com/visit/stucoursemiddle?courseid=261132991&clazzid=146353128&vc=1&cpi=499280377
2026-07-08 16:33:33 INFO 课程: 思想政治理论课实践 | courseId=263363971 开始=2026年04月27日 截止=2026年04月27日 考试=未显示 考试开始=未显示 任务=未显示 -> https://mooc1-1.chaoxing.com/visit/stucoursemiddle?courseid=263363971&clazzid=146117167&vc=1&cpi=499280377
2026-07-08 16:33:33 INFO 课程: 工业机器人基础操作与编程 | courseId=244621915 开始=未显示 截止=未显示 考试=未显示 考试开始=未显示 任务=未显示 -> https://mooc1-1.chaoxing.com/visit/stucoursemiddle?courseid=244621915&clazzid=145923448&vc=1&cpi=499280377
2026-07-08 16:33:33 INFO 课程: 智能工程学院2026年春季学期反诈知识测试（1） | courseId=262289788 开始=未显示 截止=未显示 考试=未显示 考试开始=未显示 任务=未显示 -> https://mooc1-1.chaoxing.com/visit/stucoursemiddle?courseid=262289788&clazzid=143963957&vc=1&cpi=499280377
2026-07-08 16:33:33 INFO 课程: 大学生心理健康教育 | courseId=262194081 开始=2024-08-20 截止=2024-08-20 考试=未显示 考试开始=未显示 任务=未显示 -> https://mooc1-1.chaoxing.com/visit/stucoursemiddle?courseid=262194081&clazzid=143619998&vc=1&cpi=499280377
2026-07-08 16:33:33 INFO 课程: 西门子S7-1200/1500 PLC项目化编程 第11期 | courseId=250700884 开始=未显示 截止=未显示 考试=未显示 考试开始=未显示 任务=未显示 -> https://mooc1-1.chaoxing.com/visit/stucoursemiddle?courseid=250700884&clazzid=143607551&vc=1&cpi=499280377
2026-07-08 16:33:33 INFO 课程: 机械设计基础 | courseId=262076514 开始=未显示 截止=未显示 考试=未显示 考试开始=未显示 任务=未显示 -> https://mooc1-1.chaoxing.com/visit/stucoursemiddle?courseid=262076514&clazzid=143364421&vc=1&cpi=499280377
2026-07-08 16:33:33 INFO 课程: 八桂文化 | courseId=261241647 开始=未显示 截止=未显示 考试=未显示 考试开始=未显示 任务=未显示 -> https://mooc1-1.chaoxing.com/visit/stucoursemiddle?courseid=261241647&clazzid=143226255&vc=1&cpi=499280377
2026-07-08 16:33:33 INFO 课程: 走进东盟——国家在线精品课程 | courseId=261788024 开始=未显示 截止=未显示 考试=未显示 考试开始=未显示 任务=未显示 -> https://mooc1-1.chaoxing.com/visit/stucoursemiddle?courseid=261788024&clazzid=142686103&vc=1&cpi=499280377
2026-07-08 16:33:33 INFO 课程: 2026春季学期《习近平新时代中国特色社会主义思想概论》 | courseId=261160493 开始=未显示 截止=未显示 考试=未显示 考试开始=未显示 任务=未显示 -> https://mooc1-1.chaoxing.com/visit/stucoursemiddle?courseid=261160493&clazzid=140979681&vc=1&cpi=499280377
2026-07-08 16:33:33 INFO 课程: AIGC生成式人工智能 | courseId=261231738 开始=未显示 截止=未显示 考试=未显示 考试开始=未显示 任务=未显示 -> https://mooc1-1.chaoxing.com/visit/stucoursemiddle?courseid=261231738&clazzid=142146475&vc=1&cpi=499280377
2026-07-08 16:33:33 INFO 课程: 大学生创新创业基础 | courseId=241589943 开始=未显示 截止=未显示 考试=未显示 考试开始=未显示 任务=未显示 -> https://mooc1-1.chaoxing.com/visit/stucoursemiddle?courseid=241589943&clazzid=141899649&vc=1&cpi=499280377
2026-07-08 16:33:33 INFO 课程: 2025-2026学年第2学期 高职英语2 A2 | courseId=260915153 开始=未显示 截止=未显示 考试=未显示 考试开始=未显示 任务=未显示 -> https://mooc1-1.chaoxing.com/visit/stucoursemiddle?courseid=260915153&clazzid=140633181&vc=1&cpi=499280377
2026-07-08 16:33:33 INFO 课程: （专科）劳动教育理论专题2 | courseId=261372040 开始=未显示 截止=未显示 考试=未显示 考试开始=未显示 任务=未显示 -> https://mooc1-1.chaoxing.com/visit/stucoursemiddle?courseid=261372040&clazzid=141609571&vc=1&cpi=499280377
2026-07-08 16:33:33 INFO 课程: 广西地方史 | courseId=261308517 开始=2026年03月08日 截止=2026年03月08日 考试=未显示 考试开始=未显示 任务=未显示 -> https://mooc1-1.chaoxing.com/visit/stucoursemiddle?courseid=261308517&clazzid=141412909&vc=1&cpi=499280377
2026-07-08 16:33:33 INFO 课程: 电机及电气控制技术 | courseId=261046587 开始=未显示 截止=未显示 考试=未显示 考试开始=未显示 任务=未显示 -> https://mooc1-1.chaoxing.com/visit/stucoursemiddle?courseid=261046587&clazzid=140664612&vc=1&cpi=499280377
2026-07-08 16:33:33 INFO 课程: 25年秋《思想道德与法... | courseId=259922885 开始=未显示 截止=未显示 考试=未显示 考试开始=未显示 任务=未显示 -> https://mooc1-1.chaoxing.com/visit/stucoursemiddle?courseid=259922885&clazzid=138236842&vc=1&cpi=499280377
2026-07-08 16:33:33 INFO 课程: 形势与政策（2025年秋季学期） | courseId=256566674 开始=未显示 截止=未显示 考试=未显示 考试开始=未显示 任务=未显示 -> https://mooc1-1.chaoxing.com/visit/stucoursemiddle?courseid=256566674&clazzid=137759477&vc=1&cpi=499280377
2026-07-08 16:33:33 INFO 课程: 2025年秋季学期考试平台 | courseId=258892264 开始=未显示 截止=未显示 考试=有考试 考试开始=未显示 任务=未显示 -> https://mooc1-1.chaoxing.com/visit/stucoursemiddle?courseid=258892264&clazzid=137482065&vc=1&cpi=499280377
2026-07-08 16:33:33 INFO 课程: 工程自动算量软件应用（广联达GTJ版） | courseId=258391259 开始=未显示 截止=未显示 考试=未显示 考试开始=未显示 任务=未显示 -> https://mooc1-1.chaoxing.com/visit/stucoursemiddle?courseid=258391259&clazzid=134755702&vc=1&cpi=499280377
2026-07-08 16:33:33 INFO 课程: 国家安全教育（2025秋） | courseId=255569896 开始=未显示 截止=未显示 考试=未显示 考试开始=未显示 任务=未显示 -> https://mooc1-1.chaoxing.com/visit/stucoursemiddle?courseid=255569896&clazzid=135931133&vc=1&cpi=499280377
2026-07-08 16:33:33 INFO 课程: 应用数学 | courseId=258241155 开始=未显示 截止=未显示 考试=未显示 考试开始=未显示 任务=未显示 -> https://mooc1-1.chaoxing.com/visit/stucoursemiddle?courseid=258241155&clazzid=135508649&vc=1&cpi=499280377
2026-07-08 16:33:33 INFO 课程: 信息技术应用基础 | courseId=215823414 开始=未显示 截止=未显示 考试=未显示 考试开始=未显示 任务=未显示 -> https://mooc1-1.chaoxing.com/visit/stucoursemiddle?courseid=215823414&clazzid=134070780&vc=1&cpi=499280377
2026-07-08 16:33:33 INFO 课程: 25级-公共卫生安全教育（基地实操） | courseId=255929700 开始=未显示 截止=未显示 考试=未显示 考试开始=未显示 任务=未显示 -> https://mooc1-1.chaoxing.com/visit/stucoursemiddle?courseid=255929700&clazzid=131781469&vc=1&cpi=499280377
2026-07-08 16:33:33 INFO 课程: 普通电工技术 | courseId=214618155 开始=未显示 截止=未显示 考试=未显示 考试开始=未显示 任务=未显示 -> https://mooc1-1.chaoxing.com/visit/stucoursemiddle?courseid=214618155&clazzid=131773196&vc=1&cpi=499280377
2026-07-08 16:33:33 INFO 课程: 【开学第一课】--2025年秋季学期 | courseId=256458596 开始=未显示 截止=未显示 考试=未显示 考试开始=未显示 任务=未显示 -> https://mooc1-1.chaoxing.com/visit/stucoursemiddle?courseid=256458596&clazzid=131675408&vc=1&cpi=499280377
2026-07-08 16:33:33 INFO 课程: （兼课）2025级大学生心理健康教育 | courseId=255186706 开始=未显示 截止=未显示 考试=未显示 考试开始=未显示 任务=未显示 -> https://mooc1-1.chaoxing.com/visit/stucoursemiddle?courseid=255186706&clazzid=131246782&vc=1&cpi=499280377
2026-07-08 16:33:33 INFO 课程: 《军事理论》（2025级） | courseId=256649888 开始=未显示 截止=未显示 考试=未显示 考试开始=未显示 任务=未显示 -> https://mooc1-1.chaoxing.com/visit/stucoursemiddle?courseid=256649888&clazzid=131000568&vc=1&cpi=499280377
2026-07-08 16:33:33 INFO 课程: 机械制图 | courseId=255386225 开始=未显示 截止=未显示 考试=未显示 考试开始=未显示 任务=未显示 -> https://mooc1-1.chaoxing.com/visit/stucoursemiddle?courseid=255386225&clazzid=127858461&vc=1&cpi=499280377
2026-07-08 16:33:33 INFO 课程: 新编实用英语1(第五版)-25级上 | courseId=255025290 开始=未显示 截止=未显示 考试=未显示 考试开始=未显示 任务=未显示 -> https://mooc1-1.chaoxing.com/visit/stucoursemiddle?courseid=255025290&clazzid=129327167&vc=1&cpi=499280377
2026-07-08 16:33:33 INFO 课程: 2025秋线下活动 | courseId=255995969 开始=未显示 截止=未显示 考试=未显示 考试开始=未显示 任务=未显示 -> https://mooc1-1.chaoxing.com/visit/stucoursemiddle?courseid=255995969&clazzid=129447325&vc=1&cpi=499280377
2026-07-08 16:33:33 INFO 课程: 国家安全教育（2025秋） | courseId=255569896 开始=未显示 截止=未显示 考试=未显示 考试开始=未显示 任务=未显示 -> https://mooc1-1.chaoxing.com/visit/stucoursemiddle?courseid=255569896&clazzid=129398249&vc=1&cpi=499280377
2026-07-08 16:33:33 INFO 课程: 25级（本科 专科）《公共卫生安全教育》理论（2025秋） | courseId=255569898 开始=未显示 截止=未显示 考试=未显示 考试开始=未显示 任务=未显示 -> https://mooc1-1.chaoxing.com/visit/stucoursemiddle?courseid=255569898&clazzid=129398240&vc=1&cpi=499280377
2026-07-08 16:33:33 INFO 课程: 计算机辅助制图 | courseId=255944571 开始=2025年09月20日 截止=2025年09月20日 考试=未显示 考试开始=未显示 任务=未显示 -> https://mooc1-1.chaoxing.com/visit/stucoursemiddle?courseid=255944571&clazzid=129283469&vc=1&cpi=499280377
2026-07-08 16:33:33 INFO 课程: 25级《毛泽东思想和中国特色社会主义理论体系概论》课程 | courseId=255805119 开始=未显示 截止=未显示 考试=未显示 考试开始=未显示 任务=未显示 -> https://mooc1-1.chaoxing.com/visit/stucoursemiddle?courseid=255805119&clazzid=128935755&vc=1&cpi=499280377
2026-07-08 16:33:33 INFO 课程: 音乐鉴赏 | courseId=255891077 开始=2025年09月19日 截止=2025年09月19日 考试=未显示 考试开始=未显示 任务=未显示 -> https://mooc1-1.chaoxing.com/visit/stucoursemiddle?courseid=255891077&clazzid=129146119&vc=1&cpi=499280377
2026-07-08 16:33:33 INFO 课程: 25专-劳动教育理论专题1 | courseId=255610757 开始=2025年09月18日 截止=2025年09月18日 考试=未显示 考试开始=未显示 任务=未显示 -> https://mooc1-1.chaoxing.com/visit/stucoursemiddle?courseid=255610757&clazzid=128972071&vc=1&cpi=499280377
2026-07-08 16:33:33 INFO 课程: 思想道德与法治 | courseId=255800015 开始=未显示 截止=未显示 考试=未显示 考试开始=未显示 任务=未显示 -> https://mooc1-1.chaoxing.com/visit/stucoursemiddle?courseid=255800015&clazzid=128925401&vc=1&cpi=499280377
2026-07-08 16:33:33 INFO 课程: 已结束的课程 | courseId=未显示 开始=未显示 截止=未显示 考试=未显示 考试开始=未显示 任务=未显示 -> https://mooc1-1.chaoxing.com/mooc-ans/visit/archivecourse/student
2026-07-08 16:33:33 INFO 课程: （专科）劳动教育理论... | courseId=261372040 开始=未显示 截止=未显示 考试=未显示 考试开始=未显示 任务=未显示 -> https://mooc1-1.chaoxing.com/visit/stucoursemiddle?courseid=261372040&clazzid=149898881&vc=1&cpi=499280377
2026-07-08 16:33:33 INFO 课程: 西门子S7-1200/1500 PL... | courseId=261132991 开始=2026-03-06 截止=2026-03-06 考试=未显示 考试开始=未显示 任务=未显示 -> https://mooc1-1.chaoxing.com/visit/stucoursemiddle?courseid=261132991&clazzid=146353128&vc=1&cpi=499280377
2026-07-08 16:33:33 INFO 课程: 智能工程学院2026年春... | courseId=262289788 开始=未显示 截止=未显示 考试=未显示 考试开始=未显示 任务=未显示 -> https://mooc1-1.chaoxing.com/visit/stucoursemiddle?courseid=262289788&clazzid=143963957&vc=1&cpi=499280377
2026-07-08 16:33:33 INFO 课程: 西门子S7-1200/1500 PL... | courseId=250700884 开始=2025-02-28 截止=2025-02-28 考试=未显示 考试开始=未显示 任务=未显示 -> https://mooc1-1.chaoxing.com/visit/stucoursemiddle?courseid=250700884&clazzid=143607551&vc=1&cpi=499280377
2026-07-08 16:33:33 INFO 课程: 走进东盟——国家在线... | courseId=261788024 开始=未显示 截止=未显示 考试=未显示 考试开始=未显示 任务=未显示 -> https://mooc1-1.chaoxing.com/visit/stucoursemiddle?courseid=261788024&clazzid=142686103&vc=1&cpi=499280377
2026-07-08 16:33:33 INFO 课程: 2026春季学期《习近平... | courseId=261160493 开始=未显示 截止=未显示 考试=未显示 考试开始=未显示 任务=未显示 -> https://mooc1-1.chaoxing.com/visit/stucoursemiddle?courseid=261160493&clazzid=140979681&vc=1&cpi=499280377
2026-07-08 16:33:33 INFO 课程: 2025-2026学年第2学期 ... | courseId=260915153 开始=未显示 截止=未显示 考试=未显示 考试开始=未显示 任务=未显示 -> https://mooc1-1.chaoxing.com/visit/stucoursemiddle?courseid=260915153&clazzid=140633181&vc=1&cpi=499280377
2026-07-08 16:33:33 INFO 课程: （专科）劳动教育理论... | courseId=261372040 开始=2026年03月09日 截止=2026年03月09日 考试=未显示 考试开始=未显示 任务=未显示 -> https://mooc1-1.chaoxing.com/visit/stucoursemiddle?courseid=261372040&clazzid=141609571&vc=1&cpi=499280377
2026-07-08 16:33:33 INFO 课程: 形势与政策（2025年秋... | courseId=256566674 开始=未显示 截止=未显示 考试=未显示 考试开始=未显示 任务=未显示 -> https://mooc1-1.chaoxing.com/visit/stucoursemiddle?courseid=256566674&clazzid=137759477&vc=1&cpi=499280377
2026-07-08 16:33:33 INFO 课程: 蒋培培 | courseId=258892264 开始=未显示 截止=未显示 考试=有考试 考试开始=未显示 任务=未显示 -> https://mooc1-1.chaoxing.com/visit/stucoursemiddle?courseid=258892264&clazzid=137482065&vc=1&cpi=499280377
2026-07-08 16:33:33 INFO 课程: 工程自动算量软件应用... | courseId=258391259 开始=未显示 截止=未显示 考试=未显示 考试开始=未显示 任务=未显示 -> https://mooc1-1.chaoxing.com/visit/stucoursemiddle?courseid=258391259&clazzid=134755702&vc=1&cpi=499280377
2026-07-08 16:33:33 INFO 课程: 25级-公共卫生安全教育... | courseId=255929700 开始=未显示 截止=未显示 考试=未显示 考试开始=未显示 任务=未显示 -> https://mooc1-1.chaoxing.com/visit/stucoursemiddle?courseid=255929700&clazzid=131781469&vc=1&cpi=499280377
2026-07-08 16:33:33 INFO 课程: 【开学第一课】--2025... | courseId=256458596 开始=未显示 截止=未显示 考试=未显示 考试开始=未显示 任务=未显示 -> https://mooc1-1.chaoxing.com/visit/stucoursemiddle?courseid=256458596&clazzid=131675408&vc=1&cpi=499280377
2026-07-08 16:33:33 INFO 课程: （兼课）2025级大学生... | courseId=255186706 开始=2024-08-20 截止=2024-08-20 考试=未显示 考试开始=未显示 任务=未显示 -> https://mooc1-1.chaoxing.com/visit/stucoursemiddle?courseid=255186706&clazzid=131246782&vc=1&cpi=499280377
2026-07-08 16:33:33 INFO 课程: 新编实用英语1(第五版)... | courseId=255025290 开始=未显示 截止=未显示 考试=未显示 考试开始=未显示 任务=未显示 -> https://mooc1-1.chaoxing.com/visit/stucoursemiddle?courseid=255025290&clazzid=129327167&vc=1&cpi=499280377
2026-07-08 16:33:33 INFO 课程: 25级（本科 专科）《公... | courseId=255569898 开始=未显示 截止=未显示 考试=未显示 考试开始=未显示 任务=未显示 -> https://mooc1-1.chaoxing.com/visit/stucoursemiddle?courseid=255569898&clazzid=129398240&vc=1&cpi=499280377
2026-07-08 16:33:33 INFO 课程: 25级《毛泽东思想和中... | courseId=255805119 开始=未显示 截止=未显示 考试=未显示 考试开始=未显示 任务=未显示 -> https://mooc1-1.chaoxing.com/visit/stucoursemiddle?courseid=255805119&clazzid=128935755&vc=1&cpi=499280377
2026-07-08 16:33:46 INFO 进入选中课程: 大学生创新创业基础
2026-07-08 16:33:48 INFO 选中课程页面加载完成: https://mooc1-1.chaoxing.com/mooc-ans/mycourse/studentcourse?courseId=241589943&clazzid=141899649&cpi=499280377&enc=3aeed9f8e81745d07ddf01669b6a474d&fromMiddle=1&vc=1
2026-07-08 16:33:48 INFO 当前课程: 大学生创新创业基础
2026-07-08 16:33:48 INFO 开始获取章节列表
2026-07-08 16:33:48 INFO 获取章节数量: 74
2026-07-08 16:33:48 INFO 章节: 1.1 课前导入 2 -> https://mooc1-1.chaoxing.com/mooc-ans/mycourse/studentstudy?chapterId=841243305&courseId=241589943&clazzid=141899649&enc=3aeed9f8e81745d07ddf01669b6a474d
2026-07-08 16:33:48 INFO 章节: 1.2 第一节 什么是创新创业 1 -> https://mooc1-1.chaoxing.com/mooc-ans/mycourse/studentstudy?chapterId=837584680&courseId=241589943&clazzid=141899649&enc=3aeed9f8e81745d07ddf01669b6a474d
2026-07-08 16:33:48 INFO 章节: 1.3 第二节 解密创业者 1 -> https://mooc1-1.chaoxing.com/mooc-ans/mycourse/studentstudy?chapterId=837584692&courseId=241589943&clazzid=141899649&enc=3aeed9f8e81745d07ddf01669b6a474d
2026-07-08 16:33:48 INFO 章节: 1.4 第三节 成为创新创业者：成就不一样的人生 1 -> https://mooc1-1.chaoxing.com/mooc-ans/mycourse/studentstudy?chapterId=837584704&courseId=241589943&clazzid=141899649&enc=3aeed9f8e81745d07ddf01669b6a474d
2026-07-08 16:33:48 INFO 章节: 2.1 第一节 创新思维及其培养 2 -> https://mooc1-1.chaoxing.com/mooc-ans/mycourse/studentstudy?chapterId=962677331&courseId=241589943&clazzid=141899649&enc=3aeed9f8e81745d07ddf01669b6a474d
2026-07-08 16:33:48 INFO 章节: 1 2.1.1 第二节 常见创新思维技法 -> https://mooc1-1.chaoxing.com/mooc-ans/mycourse/studentstudy?chapterId=962677333&courseId=241589943&clazzid=141899649&enc=3aeed9f8e81745d07ddf01669b6a474d
2026-07-08 16:33:48 INFO 章节: 2.1.1.1 第三节创新可行性判别 -> https://mooc1-1.chaoxing.com/mooc-ans/mycourse/studentstudy?chapterId=962677392&courseId=241589943&clazzid=141899649&enc=3aeed9f8e81745d07ddf01669b6a474d
2026-07-08 16:33:48 INFO 章节: 3.1 第一节 认识创业思维 1 -> https://mooc1-1.chaoxing.com/mooc-ans/mycourse/studentstudy?chapterId=837584682&courseId=241589943&clazzid=141899649&enc=3aeed9f8e81745d07ddf01669b6a474d
2026-07-08 16:33:48 INFO 章节: 3.2 第二节 常见创业思维工具 1 -> https://mooc1-1.chaoxing.com/mooc-ans/mycourse/studentstudy?chapterId=837584694&courseId=241589943&clazzid=141899649&enc=3aeed9f8e81745d07ddf01669b6a474d
2026-07-08 16:33:48 INFO 章节: 4.1 第一节 发现问题和需求 1 -> https://mooc1-1.chaoxing.com/mooc-ans/mycourse/studentstudy?chapterId=837584683&courseId=241589943&clazzid=141899649&enc=3aeed9f8e81745d07ddf01669b6a474d
2026-07-08 16:33:48 INFO 章节: 4.2 第二节 发掘和把握创业机会 1 -> https://mooc1-1.chaoxing.com/mooc-ans/mycourse/studentstudy?chapterId=837584695&courseId=241589943&clazzid=141899649&enc=3aeed9f8e81745d07ddf01669b6a474d
2026-07-08 16:33:48 INFO 章节: 4.3 第三节 创业项目的选择 3 -> https://mooc1-1.chaoxing.com/mooc-ans/mycourse/studentstudy?chapterId=837584707&courseId=241589943&clazzid=141899649&enc=3aeed9f8e81745d07ddf01669b6a474d
2026-07-08 16:33:48 INFO 章节: 5.1 第一节 创业机会评估 3 -> https://mooc1-1.chaoxing.com/mooc-ans/mycourse/studentstudy?chapterId=837584684&courseId=241589943&clazzid=141899649&enc=3aeed9f8e81745d07ddf01669b6a474d
2026-07-08 16:33:48 INFO 章节: 5.2 第二节 创业风险防范 3 -> https://mooc1-1.chaoxing.com/mooc-ans/mycourse/studentstudy?chapterId=837584696&courseId=241589943&clazzid=141899649&enc=3aeed9f8e81745d07ddf01669b6a474d
2026-07-08 16:33:48 INFO 章节: 5.3 第三节 创业资源整合 3 -> https://mooc1-1.chaoxing.com/mooc-ans/mycourse/studentstudy?chapterId=837584708&courseId=241589943&clazzid=141899649&enc=3aeed9f8e81745d07ddf01669b6a474d
2026-07-08 16:33:48 INFO 章节: 6.1 第一节 选择一个创业“领袖” 2 -> https://mooc1-1.chaoxing.com/mooc-ans/mycourse/studentstudy?chapterId=837584685&courseId=241589943&clazzid=141899649&enc=3aeed9f8e81745d07ddf01669b6a474d
2026-07-08 16:33:48 INFO 章节: 6.2 第二节 组建一支高效的创业团队 1 -> https://mooc1-1.chaoxing.com/mooc-ans/mycourse/studentstudy?chapterId=837584697&courseId=241589943&clazzid=141899649&enc=3aeed9f8e81745d07ddf01669b6a474d
2026-07-08 16:33:48 INFO 章节: 6.3 第三节 创业团队股权设计与分配 2 -> https://mooc1-1.chaoxing.com/mooc-ans/mycourse/studentstudy?chapterId=837584709&courseId=241589943&clazzid=141899649&enc=3aeed9f8e81745d07ddf01669b6a474d
2026-07-08 16:33:48 INFO 章节: 7.1 第一节 开发最小可行产品 1 -> https://mooc1-1.chaoxing.com/mooc-ans/mycourse/studentstudy?chapterId=837584686&courseId=241589943&clazzid=141899649&enc=3aeed9f8e81745d07ddf01669b6a474d
2026-07-08 16:33:48 INFO 章节: 7.2 第二节 用户体验测试 1 -> https://mooc1-1.chaoxing.com/mooc-ans/mycourse/studentstudy?chapterId=837584698&courseId=241589943&clazzid=141899649&enc=3aeed9f8e81745d07ddf01669b6a474d
2026-07-08 16:33:48 INFO 章节: 7.3 第三节 知识产权保护 1 -> https://mooc1-1.chaoxing.com/mooc-ans/mycourse/studentstudy?chapterId=837584710&courseId=241589943&clazzid=141899649&enc=3aeed9f8e81745d07ddf01669b6a474d
2026-07-08 16:33:48 INFO 章节: 8.1 第一节 什么是商业模式 2 -> https://mooc1-1.chaoxing.com/mooc-ans/mycourse/studentstudy?chapterId=837584687&courseId=241589943&clazzid=141899649&enc=3aeed9f8e81745d07ddf01669b6a474d
2026-07-08 16:33:48 INFO 章节: 8.2 第二节 商业模式画布及其应用 2 -> https://mooc1-1.chaoxing.com/mooc-ans/mycourse/studentstudy?chapterId=837584699&courseId=241589943&clazzid=141899649&enc=3aeed9f8e81745d07ddf01669b6a474d
2026-07-08 16:33:48 INFO 章节: 8.3 第三节 商业模式设计 2 -> https://mooc1-1.chaoxing.com/mooc-ans/mycourse/studentstudy?chapterId=837584711&courseId=241589943&clazzid=141899649&enc=3aeed9f8e81745d07ddf01669b6a474d
2026-07-08 16:33:48 INFO 章节: 9.1 第一节 商业计划书及其撰写 1 -> https://mooc1-1.chaoxing.com/mooc-ans/mycourse/studentstudy?chapterId=837584688&courseId=241589943&clazzid=141899649&enc=3aeed9f8e81745d07ddf01669b6a474d
2026-07-08 16:33:48 INFO 章节: 9.2 第二节 创业项目路演 -> https://mooc1-1.chaoxing.com/mooc-ans/mycourse/studentstudy?chapterId=837584712&courseId=241589943&clazzid=141899649&enc=3aeed9f8e81745d07ddf01669b6a474d
2026-07-08 16:33:48 INFO 章节: 9.3 第三节 创业项目融资 -> https://mooc1-1.chaoxing.com/mooc-ans/mycourse/studentstudy?chapterId=962693989&courseId=241589943&clazzid=141899649&enc=3aeed9f8e81745d07ddf01669b6a474d
2026-07-08 16:33:48 INFO 章节: 10.1 第一节 积极参与创新创业大赛 1 -> https://mooc1-1.chaoxing.com/mooc-ans/mycourse/studentstudy?chapterId=837584689&courseId=241589943&clazzid=141899649&enc=3aeed9f8e81745d07ddf01669b6a474d
2026-07-08 16:33:48 INFO 章节: 10.2 第二节 国内主要创新创业大赛 -> https://mooc1-1.chaoxing.com/mooc-ans/mycourse/studentstudy?chapterId=837584701&courseId=241589943&clazzid=141899649&enc=3aeed9f8e81745d07ddf01669b6a474d
2026-07-08 16:33:48 INFO 章节: 10.3 第三节 融入“大众创业、万众创新”时代浪潮 -> https://mooc1-1.chaoxing.com/mooc-ans/mycourse/studentstudy?chapterId=837584713&courseId=241589943&clazzid=141899649&enc=3aeed9f8e81745d07ddf01669b6a474d
2026-07-08 16:33:48 INFO 章节: 11.1 第一节 创办新企业 -> https://mooc1-1.chaoxing.com/mooc-ans/mycourse/studentstudy?chapterId=837584690&courseId=241589943&clazzid=141899649&enc=3aeed9f8e81745d07ddf01669b6a474d
2026-07-08 16:33:48 INFO 章节: 11.2 第二节 创办企业的法律环境和社会责任 -> https://mooc1-1.chaoxing.com/mooc-ans/mycourse/studentstudy?chapterId=837584702&courseId=241589943&clazzid=141899649&enc=3aeed9f8e81745d07ddf01669b6a474d
2026-07-08 16:33:48 INFO 章节: 11.3 第三节 初创企业管理 -> https://mooc1-1.chaoxing.com/mooc-ans/mycourse/studentstudy?chapterId=837584714&courseId=241589943&clazzid=141899649&enc=3aeed9f8e81745d07ddf01669b6a474d
2026-07-08 16:33:48 INFO 章节: 12.1 第一节 创业孵化器及其优惠政策 1 -> https://mooc1-1.chaoxing.com/mooc-ans/mycourse/studentstudy?chapterId=837584691&courseId=241589943&clazzid=141899649&enc=3aeed9f8e81745d07ddf01669b6a474d
2026-07-08 16:33:48 INFO 章节: 12.2 第二节 广西部分创业孵化基地 -> https://mooc1-1.chaoxing.com/mooc-ans/mycourse/studentstudy?chapterId=837584703&courseId=241589943&clazzid=141899649&enc=3aeed9f8e81745d07ddf01669b6a474d
2026-07-08 16:33:48 INFO 章节: 12.3 第三节 高校大学生创新创业基地 1 -> https://mooc1-1.chaoxing.com/mooc-ans/mycourse/studentstudy?chapterId=837584715&courseId=241589943&clazzid=141899649&enc=3aeed9f8e81745d07ddf01669b6a474d
2026-07-08 16:33:48 INFO 章节: 第1章 第一章 创新精神与创业人生——你想成为创新创业者吗？ -> 
2026-07-08 16:33:48 INFO 章节: 第2章 第二章 创新思维与创新技法——如何挖掘创新潜力？ -> 
2026-07-08 16:33:48 INFO 章节: 第3章 第三章 创业思维与实践工具——如何培养自己的创业思维？ -> 
2026-07-08 16:33:48 INFO 章节: 第4章 第四章 问题发现与机会把握——如何寻找并捕捉创业机会？ -> 
2026-07-08 16:33:48 INFO 章节: 第5章 第五章 机会评估与风险防范——你的创业想法可行吗？ -> 
2026-07-08 16:33:48 INFO 章节: 第6章 第六章 创业团队组建——如何寻找你的创业伙伴？ -> 
2026-07-08 16:33:48 INFO 章节: 第7章 第七章 产品开发与用户测试——如何实现产品落地？ -> 
2026-07-08 16:33:48 INFO 章节: 第8章 第八章 商业模式设计——如何落地你的创业项目？ -> 
2026-07-08 16:33:48 INFO 章节: 第9章 第九章 创业项目路演与融资——如何打动你的投资人？ -> 
2026-07-08 16:33:48 INFO 章节: 第10章 第十章 创新创业大赛参与——如何在大赛舞台展示自己？ -> 
2026-07-08 16:33:48 INFO 章节: 第11章 第十一章 新企业的创办与管理——如何创办企业并运营管理？ -> 
2026-07-08 16:33:48 INFO 章节: 第12章 第十二章 创新创业孵化器进驻——哪里可以快速落地项目？ -> 
2026-07-08 16:33:48 INFO 章节: 1.1 课前导入 -> https://mooc1-1.chaoxing.com/mooc-ans/mycourse/studentstudy?chapterId=841243305&courseId=241589943&clazzid=141899649&enc=3aeed9f8e81745d07ddf01669b6a474d
2026-07-08 16:33:48 INFO 章节: 1.2 第一节 什么是创新创业 -> https://mooc1-1.chaoxing.com/mooc-ans/mycourse/studentstudy?chapterId=837584680&courseId=241589943&clazzid=141899649&enc=3aeed9f8e81745d07ddf01669b6a474d
2026-07-08 16:33:48 INFO 章节: 1.3 第二节 解密创业者 -> https://mooc1-1.chaoxing.com/mooc-ans/mycourse/studentstudy?chapterId=837584692&courseId=241589943&clazzid=141899649&enc=3aeed9f8e81745d07ddf01669b6a474d
2026-07-08 16:33:48 INFO 章节: 1.4 第三节 成为创新创业者：成就不一样的人生 -> https://mooc1-1.chaoxing.com/mooc-ans/mycourse/studentstudy?chapterId=837584704&courseId=241589943&clazzid=141899649&enc=3aeed9f8e81745d07ddf01669b6a474d
2026-07-08 16:33:48 INFO 章节: 2.1 第一节 创新思维及其培养 -> https://mooc1-1.chaoxing.com/mooc-ans/mycourse/studentstudy?chapterId=962677331&courseId=241589943&clazzid=141899649&enc=3aeed9f8e81745d07ddf01669b6a474d
2026-07-08 16:33:48 INFO 章节: 3.1 第一节 认识创业思维 -> https://mooc1-1.chaoxing.com/mooc-ans/mycourse/studentstudy?chapterId=837584682&courseId=241589943&clazzid=141899649&enc=3aeed9f8e81745d07ddf01669b6a474d
2026-07-08 16:33:48 INFO 章节: 3.2 第二节 常见创业思维工具 -> https://mooc1-1.chaoxing.com/mooc-ans/mycourse/studentstudy?chapterId=837584694&courseId=241589943&clazzid=141899649&enc=3aeed9f8e81745d07ddf01669b6a474d
2026-07-08 16:33:48 INFO 章节: 4.1 第一节 发现问题和需求 -> https://mooc1-1.chaoxing.com/mooc-ans/mycourse/studentstudy?chapterId=837584683&courseId=241589943&clazzid=141899649&enc=3aeed9f8e81745d07ddf01669b6a474d
2026-07-08 16:33:48 INFO 章节: 4.2 第二节 发掘和把握创业机会 -> https://mooc1-1.chaoxing.com/mooc-ans/mycourse/studentstudy?chapterId=837584695&courseId=241589943&clazzid=141899649&enc=3aeed9f8e81745d07ddf01669b6a474d
2026-07-08 16:33:48 INFO 章节: 4.3 第三节 创业项目的选择 -> https://mooc1-1.chaoxing.com/mooc-ans/mycourse/studentstudy?chapterId=837584707&courseId=241589943&clazzid=141899649&enc=3aeed9f8e81745d07ddf01669b6a474d
2026-07-08 16:33:48 INFO 章节: 5.1 第一节 创业机会评估 -> https://mooc1-1.chaoxing.com/mooc-ans/mycourse/studentstudy?chapterId=837584684&courseId=241589943&clazzid=141899649&enc=3aeed9f8e81745d07ddf01669b6a474d
2026-07-08 16:33:48 INFO 章节: 5.2 第二节 创业风险防范 -> https://mooc1-1.chaoxing.com/mooc-ans/mycourse/studentstudy?chapterId=837584696&courseId=241589943&clazzid=141899649&enc=3aeed9f8e81745d07ddf01669b6a474d
2026-07-08 16:33:48 INFO 章节: 5.3 第三节 创业资源整合 -> https://mooc1-1.chaoxing.com/mooc-ans/mycourse/studentstudy?chapterId=837584708&courseId=241589943&clazzid=141899649&enc=3aeed9f8e81745d07ddf01669b6a474d
2026-07-08 16:33:48 INFO 章节: 6.1 第一节 选择一个创业“领袖” -> https://mooc1-1.chaoxing.com/mooc-ans/mycourse/studentstudy?chapterId=837584685&courseId=241589943&clazzid=141899649&enc=3aeed9f8e81745d07ddf01669b6a474d
2026-07-08 16:33:48 INFO 章节: 6.2 第二节 组建一支高效的创业团队 -> https://mooc1-1.chaoxing.com/mooc-ans/mycourse/studentstudy?chapterId=837584697&courseId=241589943&clazzid=141899649&enc=3aeed9f8e81745d07ddf01669b6a474d
2026-07-08 16:33:48 INFO 章节: 6.3 第三节 创业团队股权设计与分配 -> https://mooc1-1.chaoxing.com/mooc-ans/mycourse/studentstudy?chapterId=837584709&courseId=241589943&clazzid=141899649&enc=3aeed9f8e81745d07ddf01669b6a474d
2026-07-08 16:33:48 INFO 章节: 7.1 第一节 开发最小可行产品 -> https://mooc1-1.chaoxing.com/mooc-ans/mycourse/studentstudy?chapterId=837584686&courseId=241589943&clazzid=141899649&enc=3aeed9f8e81745d07ddf01669b6a474d
2026-07-08 16:33:48 INFO 章节: 7.2 第二节 用户体验测试 -> https://mooc1-1.chaoxing.com/mooc-ans/mycourse/studentstudy?chapterId=837584698&courseId=241589943&clazzid=141899649&enc=3aeed9f8e81745d07ddf01669b6a474d
2026-07-08 16:33:48 INFO 章节: 7.3 第三节 知识产权保护 -> https://mooc1-1.chaoxing.com/mooc-ans/mycourse/studentstudy?chapterId=837584710&courseId=241589943&clazzid=141899649&enc=3aeed9f8e81745d07ddf01669b6a474d
2026-07-08 16:33:48 INFO 章节: 8.1 第一节 什么是商业模式 -> https://mooc1-1.chaoxing.com/mooc-ans/mycourse/studentstudy?chapterId=837584687&courseId=241589943&clazzid=141899649&enc=3aeed9f8e81745d07ddf01669b6a474d
2026-07-08 16:33:48 INFO 章节: 8.2 第二节 商业模式画布及其应用 -> https://mooc1-1.chaoxing.com/mooc-ans/mycourse/studentstudy?chapterId=837584699&courseId=241589943&clazzid=141899649&enc=3aeed9f8e81745d07ddf01669b6a474d
2026-07-08 16:33:48 INFO 章节: 8.3 第三节 商业模式设计 -> https://mooc1-1.chaoxing.com/mooc-ans/mycourse/studentstudy?chapterId=837584711&courseId=241589943&clazzid=141899649&enc=3aeed9f8e81745d07ddf01669b6a474d
2026-07-08 16:33:48 INFO 章节: 9.1 第一节 商业计划书及其撰写 -> https://mooc1-1.chaoxing.com/mooc-ans/mycourse/studentstudy?chapterId=837584688&courseId=241589943&clazzid=141899649&enc=3aeed9f8e81745d07ddf01669b6a474d
2026-07-08 16:33:48 INFO 章节: 10.1 第一节 积极参与创新创业大赛 -> https://mooc1-1.chaoxing.com/mooc-ans/mycourse/studentstudy?chapterId=837584689&courseId=241589943&clazzid=141899649&enc=3aeed9f8e81745d07ddf01669b6a474d
2026-07-08 16:33:48 INFO 章节: 12.1 第一节 创业孵化器及其优惠政策 -> https://mooc1-1.chaoxing.com/mooc-ans/mycourse/studentstudy?chapterId=837584691&courseId=241589943&clazzid=141899649&enc=3aeed9f8e81745d07ddf01669b6a474d
2026-07-08 16:33:48 INFO 章节: 12.3 第三节 高校大学生创新创业基地 -> https://mooc1-1.chaoxing.com/mooc-ans/mycourse/studentstudy?chapterId=837584715&courseId=241589943&clazzid=141899649&enc=3aeed9f8e81745d07ddf01669b6a474d
2026-07-08 16:33:48 INFO 开始遍历章节，总数: 74
2026-07-08 16:33:48 INFO 开始学习章节 [1/74]: 1.1 课前导入 2
2026-07-08 16:33:48 INFO 打开章节: 1.1 课前导入 2
2026-07-08 16:33:52 INFO 章节页面加载完成: https://mooc1-1.chaoxing.com/mooc-ans/mycourse/studentstudy?chapterId=841243305&courseId=241589943&clazzid=141899649&enc=3aeed9f8e81745d07ddf01669b6a474d
2026-07-08 16:34:24 WARNING 章节未检测到视频，跳过: 1.1 课前导入 2
2026-07-08 16:34:24 INFO 开始学习章节 [2/74]: 1.2 第一节 什么是创新创业 1
2026-07-08 16:34:24 INFO 打开章节: 1.2 第一节 什么是创新创业 1
2026-07-08 16:34:28 INFO 章节页面加载完成: https://mooc1-1.chaoxing.com/mooc-ans/mycourse/studentstudy?chapterId=837584680&courseId=241589943&clazzid=141899649&enc=3aeed9f8e81745d07ddf01669b6a474d
2026-07-08 16:35:01 WARNING 章节未检测到视频，跳过: 1.2 第一节 什么是创新创业 1
2026-07-08 16:35:01 INFO 开始学习章节 [3/74]: 1.3 第二节 解密创业者 1
2026-07-08 16:35:01 INFO 打开章节: 1.3 第二节 解密创业者 1
2026-07-08 16:35:05 INFO 章节页面加载完成: https://mooc1-1.chaoxing.com/mooc-ans/mycourse/studentstudy?chapterId=837584692&courseId=241589943&clazzid=141899649&enc=3aeed9f8e81745d07ddf01669b6a474d
2026-07-08 16:35:38 WARNING 章节未检测到视频，跳过: 1.3 第二节 解密创业者 1
2026-07-08 16:35:38 INFO 开始学习章节 [4/74]: 1.4 第三节 成为创新创业者：成就不一样的人生 1
2026-07-08 16:35:38 INFO 打开章节: 1.4 第三节 成为创新创业者：成就不一样的人生 1
2026-07-08 16:35:40 INFO 章节页面加载完成: https://mooc1-1.chaoxing.com/mooc-ans/mycourse/studentstudy?chapterId=837584704&courseId=241589943&clazzid=141899649&enc=3aeed9f8e81745d07ddf01669b6a474d
2026-07-08 16:35:51 INFO 收到停止任务请求
2026-07-08 16:36:12 WARNING 章节未检测到视频，跳过: 1.4 第三节 成为创新创业者：成就不一样的人生 1
2026-07-08 16:36:12 INFO 任务已停止，退出章节循环
2026-07-08 16:36:12 INFO 自动学习流程结束
2026-07-08 16:36:12 INFO 关闭浏览器资源
2026-07-08 16:36:17 INFO 启动浏览器，headless=False
2026-07-08 16:36:17 INFO 加载登录状态: E:\github\wk_python\chaoxing_auto\auth.json
2026-07-08 16:36:18 INFO 已创建新页面
2026-07-08 16:36:18 INFO 打开登录页: https://passport2.chaoxing.com/login
2026-07-08 16:36:26 INFO 已输入用户名
2026-07-08 16:36:26 INFO 已输入密码
2026-07-08 16:36:26 INFO 点击登录按钮
2026-07-08 16:36:32 INFO 登录成功
2026-07-08 16:36:32 INFO 登录状态已保存: E:\github\wk_python\chaoxing_auto\auth.json
2026-07-08 16:36:32 INFO 打开课程列表页: https://mooc1-1.chaoxing.com/visit/courses
2026-07-08 16:36:34 INFO 获取课程数量: 59
2026-07-08 16:36:34 INFO 课程: （专科）劳动教育理论专题2 | courseId=261372040 开始=未显示 截止=未显示 考试=未显示 考试开始=未显示 任务=未显示 -> https://mooc1-1.chaoxing.com/visit/stucoursemiddle?courseid=261372040&clazzid=149898881&vc=1&cpi=499280377
2026-07-08 16:36:34 INFO 课程: 25专形势与政策 | courseId=264714884 开始=未显示 截止=未显示 考试=未显示 考试开始=未显示 任务=未显示 -> https://mooc1-1.chaoxing.com/visit/stucoursemiddle?courseid=264714884&clazzid=149133116&vc=1&cpi=499280377
2026-07-08 16:36:34 INFO 课程: 26年春季学期2025级专... | courseId=264331818 开始=未显示 截止=未显示 考试=未显示 考试开始=未显示 任务=未显示 -> https://mooc1-1.chaoxing.com/visit/stucoursemiddle?courseid=264331818&clazzid=148346198&vc=1&cpi=499280377
2026-07-08 16:36:34 INFO 课程: 西门子S7-1200/1500 PLC项目化编程 第13期 | courseId=261132991 开始=未显示 截止=未显示 考试=未显示 考试开始=未显示 任务=未显示 -> https://mooc1-1.chaoxing.com/visit/stucoursemiddle?courseid=261132991&clazzid=146353128&vc=1&cpi=499280377
2026-07-08 16:36:34 INFO 课程: 思想政治理论课实践 | courseId=263363971 开始=2026年04月27日 截止=2026年04月27日 考试=未显示 考试开始=未显示 任务=未显示 -> https://mooc1-1.chaoxing.com/visit/stucoursemiddle?courseid=263363971&clazzid=146117167&vc=1&cpi=499280377
2026-07-08 16:36:34 INFO 课程: 工业机器人基础操作与编程 | courseId=244621915 开始=未显示 截止=未显示 考试=未显示 考试开始=未显示 任务=未显示 -> https://mooc1-1.chaoxing.com/visit/stucoursemiddle?courseid=244621915&clazzid=145923448&vc=1&cpi=499280377
2026-07-08 16:36:34 INFO 课程: 智能工程学院2026年春季学期反诈知识测试（1） | courseId=262289788 开始=未显示 截止=未显示 考试=未显示 考试开始=未显示 任务=未显示 -> https://mooc1-1.chaoxing.com/visit/stucoursemiddle?courseid=262289788&clazzid=143963957&vc=1&cpi=499280377
2026-07-08 16:36:34 INFO 课程: 大学生心理健康教育 | courseId=262194081 开始=2024-08-20 截止=2024-08-20 考试=未显示 考试开始=未显示 任务=未显示 -> https://mooc1-1.chaoxing.com/visit/stucoursemiddle?courseid=262194081&clazzid=143619998&vc=1&cpi=499280377
2026-07-08 16:36:34 INFO 课程: 西门子S7-1200/1500 PLC项目化编程 第11期 | courseId=250700884 开始=未显示 截止=未显示 考试=未显示 考试开始=未显示 任务=未显示 -> https://mooc1-1.chaoxing.com/visit/stucoursemiddle?courseid=250700884&clazzid=143607551&vc=1&cpi=499280377
2026-07-08 16:36:34 INFO 课程: 机械设计基础 | courseId=262076514 开始=未显示 截止=未显示 考试=未显示 考试开始=未显示 任务=未显示 -> https://mooc1-1.chaoxing.com/visit/stucoursemiddle?courseid=262076514&clazzid=143364421&vc=1&cpi=499280377
2026-07-08 16:36:34 INFO 课程: 八桂文化 | courseId=261241647 开始=未显示 截止=未显示 考试=未显示 考试开始=未显示 任务=未显示 -> https://mooc1-1.chaoxing.com/visit/stucoursemiddle?courseid=261241647&clazzid=143226255&vc=1&cpi=499280377
2026-07-08 16:36:34 INFO 课程: 走进东盟——国家在线精品课程 | courseId=261788024 开始=未显示 截止=未显示 考试=未显示 考试开始=未显示 任务=未显示 -> https://mooc1-1.chaoxing.com/visit/stucoursemiddle?courseid=261788024&clazzid=142686103&vc=1&cpi=499280377
2026-07-08 16:36:34 INFO 课程: 2026春季学期《习近平新时代中国特色社会主义思想概论》 | courseId=261160493 开始=未显示 截止=未显示 考试=未显示 考试开始=未显示 任务=未显示 -> https://mooc1-1.chaoxing.com/visit/stucoursemiddle?courseid=261160493&clazzid=140979681&vc=1&cpi=499280377
2026-07-08 16:36:34 INFO 课程: AIGC生成式人工智能 | courseId=261231738 开始=未显示 截止=未显示 考试=未显示 考试开始=未显示 任务=未显示 -> https://mooc1-1.chaoxing.com/visit/stucoursemiddle?courseid=261231738&clazzid=142146475&vc=1&cpi=499280377
2026-07-08 16:36:34 INFO 课程: 大学生创新创业基础 | courseId=241589943 开始=未显示 截止=未显示 考试=未显示 考试开始=未显示 任务=未显示 -> https://mooc1-1.chaoxing.com/visit/stucoursemiddle?courseid=241589943&clazzid=141899649&vc=1&cpi=499280377
2026-07-08 16:36:34 INFO 课程: 2025-2026学年第2学期 高职英语2 A2 | courseId=260915153 开始=未显示 截止=未显示 考试=未显示 考试开始=未显示 任务=未显示 -> https://mooc1-1.chaoxing.com/visit/stucoursemiddle?courseid=260915153&clazzid=140633181&vc=1&cpi=499280377
2026-07-08 16:36:34 INFO 课程: （专科）劳动教育理论专题2 | courseId=261372040 开始=未显示 截止=未显示 考试=未显示 考试开始=未显示 任务=未显示 -> https://mooc1-1.chaoxing.com/visit/stucoursemiddle?courseid=261372040&clazzid=141609571&vc=1&cpi=499280377
2026-07-08 16:36:34 INFO 课程: 广西地方史 | courseId=261308517 开始=2026年03月08日 截止=2026年03月08日 考试=未显示 考试开始=未显示 任务=未显示 -> https://mooc1-1.chaoxing.com/visit/stucoursemiddle?courseid=261308517&clazzid=141412909&vc=1&cpi=499280377
2026-07-08 16:36:34 INFO 课程: 电机及电气控制技术 | courseId=261046587 开始=未显示 截止=未显示 考试=未显示 考试开始=未显示 任务=未显示 -> https://mooc1-1.chaoxing.com/visit/stucoursemiddle?courseid=261046587&clazzid=140664612&vc=1&cpi=499280377
2026-07-08 16:36:34 INFO 课程: 25年秋《思想道德与法... | courseId=259922885 开始=未显示 截止=未显示 考试=未显示 考试开始=未显示 任务=未显示 -> https://mooc1-1.chaoxing.com/visit/stucoursemiddle?courseid=259922885&clazzid=138236842&vc=1&cpi=499280377
2026-07-08 16:36:34 INFO 课程: 形势与政策（2025年秋季学期） | courseId=256566674 开始=未显示 截止=未显示 考试=未显示 考试开始=未显示 任务=未显示 -> https://mooc1-1.chaoxing.com/visit/stucoursemiddle?courseid=256566674&clazzid=137759477&vc=1&cpi=499280377
2026-07-08 16:36:34 INFO 课程: 2025年秋季学期考试平台 | courseId=258892264 开始=未显示 截止=未显示 考试=有考试 考试开始=未显示 任务=未显示 -> https://mooc1-1.chaoxing.com/visit/stucoursemiddle?courseid=258892264&clazzid=137482065&vc=1&cpi=499280377
2026-07-08 16:36:34 INFO 课程: 工程自动算量软件应用（广联达GTJ版） | courseId=258391259 开始=未显示 截止=未显示 考试=未显示 考试开始=未显示 任务=未显示 -> https://mooc1-1.chaoxing.com/visit/stucoursemiddle?courseid=258391259&clazzid=134755702&vc=1&cpi=499280377
2026-07-08 16:36:34 INFO 课程: 国家安全教育（2025秋） | courseId=255569896 开始=未显示 截止=未显示 考试=未显示 考试开始=未显示 任务=未显示 -> https://mooc1-1.chaoxing.com/visit/stucoursemiddle?courseid=255569896&clazzid=135931133&vc=1&cpi=499280377
2026-07-08 16:36:34 INFO 课程: 应用数学 | courseId=258241155 开始=未显示 截止=未显示 考试=未显示 考试开始=未显示 任务=未显示 -> https://mooc1-1.chaoxing.com/visit/stucoursemiddle?courseid=258241155&clazzid=135508649&vc=1&cpi=499280377
2026-07-08 16:36:34 INFO 课程: 信息技术应用基础 | courseId=215823414 开始=未显示 截止=未显示 考试=未显示 考试开始=未显示 任务=未显示 -> https://mooc1-1.chaoxing.com/visit/stucoursemiddle?courseid=215823414&clazzid=134070780&vc=1&cpi=499280377
2026-07-08 16:36:34 INFO 课程: 25级-公共卫生安全教育（基地实操） | courseId=255929700 开始=未显示 截止=未显示 考试=未显示 考试开始=未显示 任务=未显示 -> https://mooc1-1.chaoxing.com/visit/stucoursemiddle?courseid=255929700&clazzid=131781469&vc=1&cpi=499280377
2026-07-08 16:36:34 INFO 课程: 普通电工技术 | courseId=214618155 开始=未显示 截止=未显示 考试=未显示 考试开始=未显示 任务=未显示 -> https://mooc1-1.chaoxing.com/visit/stucoursemiddle?courseid=214618155&clazzid=131773196&vc=1&cpi=499280377
2026-07-08 16:36:34 INFO 课程: 【开学第一课】--2025年秋季学期 | courseId=256458596 开始=未显示 截止=未显示 考试=未显示 考试开始=未显示 任务=未显示 -> https://mooc1-1.chaoxing.com/visit/stucoursemiddle?courseid=256458596&clazzid=131675408&vc=1&cpi=499280377
2026-07-08 16:36:34 INFO 课程: （兼课）2025级大学生心理健康教育 | courseId=255186706 开始=未显示 截止=未显示 考试=未显示 考试开始=未显示 任务=未显示 -> https://mooc1-1.chaoxing.com/visit/stucoursemiddle?courseid=255186706&clazzid=131246782&vc=1&cpi=499280377
2026-07-08 16:36:34 INFO 课程: 《军事理论》（2025级） | courseId=256649888 开始=未显示 截止=未显示 考试=未显示 考试开始=未显示 任务=未显示 -> https://mooc1-1.chaoxing.com/visit/stucoursemiddle?courseid=256649888&clazzid=131000568&vc=1&cpi=499280377
2026-07-08 16:36:34 INFO 课程: 机械制图 | courseId=255386225 开始=未显示 截止=未显示 考试=未显示 考试开始=未显示 任务=未显示 -> https://mooc1-1.chaoxing.com/visit/stucoursemiddle?courseid=255386225&clazzid=127858461&vc=1&cpi=499280377
2026-07-08 16:36:34 INFO 课程: 新编实用英语1(第五版)-25级上 | courseId=255025290 开始=未显示 截止=未显示 考试=未显示 考试开始=未显示 任务=未显示 -> https://mooc1-1.chaoxing.com/visit/stucoursemiddle?courseid=255025290&clazzid=129327167&vc=1&cpi=499280377
2026-07-08 16:36:34 INFO 课程: 2025秋线下活动 | courseId=255995969 开始=未显示 截止=未显示 考试=未显示 考试开始=未显示 任务=未显示 -> https://mooc1-1.chaoxing.com/visit/stucoursemiddle?courseid=255995969&clazzid=129447325&vc=1&cpi=499280377
2026-07-08 16:36:34 INFO 课程: 国家安全教育（2025秋） | courseId=255569896 开始=未显示 截止=未显示 考试=未显示 考试开始=未显示 任务=未显示 -> https://mooc1-1.chaoxing.com/visit/stucoursemiddle?courseid=255569896&clazzid=129398249&vc=1&cpi=499280377
2026-07-08 16:36:34 INFO 课程: 25级（本科 专科）《公共卫生安全教育》理论（2025秋） | courseId=255569898 开始=未显示 截止=未显示 考试=未显示 考试开始=未显示 任务=未显示 -> https://mooc1-1.chaoxing.com/visit/stucoursemiddle?courseid=255569898&clazzid=129398240&vc=1&cpi=499280377
2026-07-08 16:36:34 INFO 课程: 计算机辅助制图 | courseId=255944571 开始=2025年09月20日 截止=2025年09月20日 考试=未显示 考试开始=未显示 任务=未显示 -> https://mooc1-1.chaoxing.com/visit/stucoursemiddle?courseid=255944571&clazzid=129283469&vc=1&cpi=499280377
2026-07-08 16:36:34 INFO 课程: 25级《毛泽东思想和中国特色社会主义理论体系概论》课程 | courseId=255805119 开始=未显示 截止=未显示 考试=未显示 考试开始=未显示 任务=未显示 -> https://mooc1-1.chaoxing.com/visit/stucoursemiddle?courseid=255805119&clazzid=128935755&vc=1&cpi=499280377
2026-07-08 16:36:34 INFO 课程: 音乐鉴赏 | courseId=255891077 开始=2025年09月19日 截止=2025年09月19日 考试=未显示 考试开始=未显示 任务=未显示 -> https://mooc1-1.chaoxing.com/visit/stucoursemiddle?courseid=255891077&clazzid=129146119&vc=1&cpi=499280377
2026-07-08 16:36:34 INFO 课程: 25专-劳动教育理论专题1 | courseId=255610757 开始=2025年09月18日 截止=2025年09月18日 考试=未显示 考试开始=未显示 任务=未显示 -> https://mooc1-1.chaoxing.com/visit/stucoursemiddle?courseid=255610757&clazzid=128972071&vc=1&cpi=499280377
2026-07-08 16:36:34 INFO 课程: 思想道德与法治 | courseId=255800015 开始=未显示 截止=未显示 考试=未显示 考试开始=未显示 任务=未显示 -> https://mooc1-1.chaoxing.com/visit/stucoursemiddle?courseid=255800015&clazzid=128925401&vc=1&cpi=499280377
2026-07-08 16:36:34 INFO 课程: 已结束的课程 | courseId=未显示 开始=未显示 截止=未显示 考试=未显示 考试开始=未显示 任务=未显示 -> https://mooc1-1.chaoxing.com/mooc-ans/visit/archivecourse/student
2026-07-08 16:36:34 INFO 课程: （专科）劳动教育理论... | courseId=261372040 开始=未显示 截止=未显示 考试=未显示 考试开始=未显示 任务=未显示 -> https://mooc1-1.chaoxing.com/visit/stucoursemiddle?courseid=261372040&clazzid=149898881&vc=1&cpi=499280377
2026-07-08 16:36:34 INFO 课程: 西门子S7-1200/1500 PL... | courseId=261132991 开始=2026-03-06 截止=2026-03-06 考试=未显示 考试开始=未显示 任务=未显示 -> https://mooc1-1.chaoxing.com/visit/stucoursemiddle?courseid=261132991&clazzid=146353128&vc=1&cpi=499280377
2026-07-08 16:36:34 INFO 课程: 智能工程学院2026年春... | courseId=262289788 开始=未显示 截止=未显示 考试=未显示 考试开始=未显示 任务=未显示 -> https://mooc1-1.chaoxing.com/visit/stucoursemiddle?courseid=262289788&clazzid=143963957&vc=1&cpi=499280377
2026-07-08 16:36:34 INFO 课程: 西门子S7-1200/1500 PL... | courseId=250700884 开始=2025-02-28 截止=2025-02-28 考试=未显示 考试开始=未显示 任务=未显示 -> https://mooc1-1.chaoxing.com/visit/stucoursemiddle?courseid=250700884&clazzid=143607551&vc=1&cpi=499280377
2026-07-08 16:36:34 INFO 课程: 走进东盟——国家在线... | courseId=261788024 开始=未显示 截止=未显示 考试=未显示 考试开始=未显示 任务=未显示 -> https://mooc1-1.chaoxing.com/visit/stucoursemiddle?courseid=261788024&clazzid=142686103&vc=1&cpi=499280377
2026-07-08 16:36:34 INFO 课程: 2026春季学期《习近平... | courseId=261160493 开始=未显示 截止=未显示 考试=未显示 考试开始=未显示 任务=未显示 -> https://mooc1-1.chaoxing.com/visit/stucoursemiddle?courseid=261160493&clazzid=140979681&vc=1&cpi=499280377
2026-07-08 16:36:34 INFO 课程: 2025-2026学年第2学期 ... | courseId=260915153 开始=未显示 截止=未显示 考试=未显示 考试开始=未显示 任务=未显示 -> https://mooc1-1.chaoxing.com/visit/stucoursemiddle?courseid=260915153&clazzid=140633181&vc=1&cpi=499280377
2026-07-08 16:36:34 INFO 课程: （专科）劳动教育理论... | courseId=261372040 开始=2026年03月09日 截止=2026年03月09日 考试=未显示 考试开始=未显示 任务=未显示 -> https://mooc1-1.chaoxing.com/visit/stucoursemiddle?courseid=261372040&clazzid=141609571&vc=1&cpi=499280377
2026-07-08 16:36:34 INFO 课程: 形势与政策（2025年秋... | courseId=256566674 开始=未显示 截止=未显示 考试=未显示 考试开始=未显示 任务=未显示 -> https://mooc1-1.chaoxing.com/visit/stucoursemiddle?courseid=256566674&clazzid=137759477&vc=1&cpi=499280377
2026-07-08 16:36:34 INFO 课程: 蒋培培 | courseId=258892264 开始=未显示 截止=未显示 考试=有考试 考试开始=未显示 任务=未显示 -> https://mooc1-1.chaoxing.com/visit/stucoursemiddle?courseid=258892264&clazzid=137482065&vc=1&cpi=499280377
2026-07-08 16:36:34 INFO 课程: 工程自动算量软件应用... | courseId=258391259 开始=未显示 截止=未显示 考试=未显示 考试开始=未显示 任务=未显示 -> https://mooc1-1.chaoxing.com/visit/stucoursemiddle?courseid=258391259&clazzid=134755702&vc=1&cpi=499280377
2026-07-08 16:36:34 INFO 课程: 25级-公共卫生安全教育... | courseId=255929700 开始=未显示 截止=未显示 考试=未显示 考试开始=未显示 任务=未显示 -> https://mooc1-1.chaoxing.com/visit/stucoursemiddle?courseid=255929700&clazzid=131781469&vc=1&cpi=499280377
2026-07-08 16:36:34 INFO 课程: 【开学第一课】--2025... | courseId=256458596 开始=未显示 截止=未显示 考试=未显示 考试开始=未显示 任务=未显示 -> https://mooc1-1.chaoxing.com/visit/stucoursemiddle?courseid=256458596&clazzid=131675408&vc=1&cpi=499280377
2026-07-08 16:36:34 INFO 课程: （兼课）2025级大学生... | courseId=255186706 开始=2024-08-20 截止=2024-08-20 考试=未显示 考试开始=未显示 任务=未显示 -> https://mooc1-1.chaoxing.com/visit/stucoursemiddle?courseid=255186706&clazzid=131246782&vc=1&cpi=499280377
2026-07-08 16:36:34 INFO 课程: 新编实用英语1(第五版)... | courseId=255025290 开始=未显示 截止=未显示 考试=未显示 考试开始=未显示 任务=未显示 -> https://mooc1-1.chaoxing.com/visit/stucoursemiddle?courseid=255025290&clazzid=129327167&vc=1&cpi=499280377
2026-07-08 16:36:34 INFO 课程: 25级（本科 专科）《公... | courseId=255569898 开始=未显示 截止=未显示 考试=未显示 考试开始=未显示 任务=未显示 -> https://mooc1-1.chaoxing.com/visit/stucoursemiddle?courseid=255569898&clazzid=129398240&vc=1&cpi=499280377
2026-07-08 16:36:34 INFO 课程: 25级《毛泽东思想和中... | courseId=255805119 开始=未显示 截止=未显示 考试=未显示 考试开始=未显示 任务=未显示 -> https://mooc1-1.chaoxing.com/visit/stucoursemiddle?courseid=255805119&clazzid=128935755&vc=1&cpi=499280377
2026-07-08 16:36:48 INFO 进入选中课程: 电机及电气控制技术
2026-07-08 16:36:49 INFO 选中课程页面加载完成: https://mooc1-1.chaoxing.com/mooc-ans/mycourse/studentcourse?courseId=261046587&clazzid=140664612&cpi=499280377&enc=5e1bfca7beedce00914d8946ee49a06f&fromMiddle=1&vc=1
2026-07-08 16:36:49 INFO 当前课程: 电机及电气控制技术
2026-07-08 16:36:49 INFO 开始获取章节列表
2026-07-08 16:36:49 INFO 获取章节数量: 114
2026-07-08 16:36:49 INFO 章节: 1.1 认识变压器 3 -> https://mooc1-1.chaoxing.com/mooc-ans/mycourse/studentstudy?chapterId=1125596459&courseId=261046587&clazzid=140664612&enc=5e1bfca7beedce00914d8946ee49a06f
2026-07-08 16:36:49 INFO 章节: 1.2 单相变压器的运行 6 -> https://mooc1-1.chaoxing.com/mooc-ans/mycourse/studentstudy?chapterId=1125596534&courseId=261046587&clazzid=140664612&enc=5e1bfca7beedce00914d8946ee49a06f
2026-07-08 16:36:49 INFO 章节: 1.3 三相变压器 3 -> https://mooc1-1.chaoxing.com/mooc-ans/mycourse/studentstudy?chapterId=1125596546&courseId=261046587&clazzid=140664612&enc=5e1bfca7beedce00914d8946ee49a06f
2026-07-08 16:36:49 INFO 章节: 1.4 特种变压器 6 -> https://mooc1-1.chaoxing.com/mooc-ans/mycourse/studentstudy?chapterId=1125596576&courseId=261046587&clazzid=140664612&enc=5e1bfca7beedce00914d8946ee49a06f
2026-07-08 16:36:49 INFO 章节: 1.5 高空电力网应知的知识 3 -> https://mooc1-1.chaoxing.com/mooc-ans/mycourse/studentstudy?chapterId=1156843699&courseId=261046587&clazzid=140664612&enc=5e1bfca7beedce00914d8946ee49a06f
2026-07-08 16:36:49 INFO 章节: 1.6 惠斯通电桥的使用方法 1 -> https://mooc1-1.chaoxing.com/mooc-ans/mycourse/studentstudy?chapterId=1156981399&courseId=261046587&clazzid=140664612&enc=5e1bfca7beedce00914d8946ee49a06f
2026-07-08 16:36:49 INFO 章节: 2.1 认识直流电机 8 -> https://mooc1-1.chaoxing.com/mooc-ans/mycourse/studentstudy?chapterId=1125596401&courseId=261046587&clazzid=140664612&enc=5e1bfca7beedce00914d8946ee49a06f
2026-07-08 16:36:49 INFO 章节: 2.2 直流电动机的机械特性和调速 4 -> https://mooc1-1.chaoxing.com/mooc-ans/mycourse/studentstudy?chapterId=1125596402&courseId=261046587&clazzid=140664612&enc=5e1bfca7beedce00914d8946ee49a06f
2026-07-08 16:36:49 INFO 章节: 2.3 直流电机的拖动与实现 5 -> https://mooc1-1.chaoxing.com/mooc-ans/mycourse/studentstudy?chapterId=1125596403&courseId=261046587&clazzid=140664612&enc=5e1bfca7beedce00914d8946ee49a06f
2026-07-08 16:36:49 INFO 章节: 2.4 直流电机的使用、维护和检修 4 -> https://mooc1-1.chaoxing.com/mooc-ans/mycourse/studentstudy?chapterId=1125596880&courseId=261046587&clazzid=140664612&enc=5e1bfca7beedce00914d8946ee49a06f
2026-07-08 16:36:49 INFO 章节: 3.1 认识三相异步电动机 1 -> https://mooc1-1.chaoxing.com/mooc-ans/mycourse/studentstudy?chapterId=1125596405&courseId=261046587&clazzid=140664612&enc=5e1bfca7beedce00914d8946ee49a06f
2026-07-08 16:36:49 INFO 章节: 6 3.1.1 三相异步电动机的内部结构、工作原理 -> https://mooc1-1.chaoxing.com/mooc-ans/mycourse/studentstudy?chapterId=1125597108&courseId=261046587&clazzid=140664612&enc=5e1bfca7beedce00914d8946ee49a06f
2026-07-08 16:36:49 INFO 章节: 4 3.1.2 三相异步电动机的铭牌数据 -> https://mooc1-1.chaoxing.com/mooc-ans/mycourse/studentstudy?chapterId=1125597109&courseId=261046587&clazzid=140664612&enc=5e1bfca7beedce00914d8946ee49a06f
2026-07-08 16:36:49 INFO 章节: 3.2 三相异步电动机的运行 10 -> https://mooc1-1.chaoxing.com/mooc-ans/mycourse/studentstudy?chapterId=1125596406&courseId=261046587&clazzid=140664612&enc=5e1bfca7beedce00914d8946ee49a06f
2026-07-08 16:36:49 INFO 章节: 3.3 三相异步电动机的检查 9 -> https://mooc1-1.chaoxing.com/mooc-ans/mycourse/studentstudy?chapterId=1125596442&courseId=261046587&clazzid=140664612&enc=5e1bfca7beedce00914d8946ee49a06f
2026-07-08 16:36:49 INFO 章节: 3.4 单相异步电机的应用 8 -> https://mooc1-1.chaoxing.com/mooc-ans/mycourse/studentstudy?chapterId=1125596475&courseId=261046587&clazzid=140664612&enc=5e1bfca7beedce00914d8946ee49a06f
2026-07-08 16:36:49 INFO 章节: 4.1 伺服电动机的应用 4 -> https://mooc1-1.chaoxing.com/mooc-ans/mycourse/studentstudy?chapterId=1125596921&courseId=261046587&clazzid=140664612&enc=5e1bfca7beedce00914d8946ee49a06f
2026-07-08 16:36:49 INFO 章节: 4.2 测速发电机的应用 5 -> https://mooc1-1.chaoxing.com/mooc-ans/mycourse/studentstudy?chapterId=1125596936&courseId=261046587&clazzid=140664612&enc=5e1bfca7beedce00914d8946ee49a06f
2026-07-08 16:36:49 INFO 章节: 4.3 步进电动机的应用 5 -> https://mooc1-1.chaoxing.com/mooc-ans/mycourse/studentstudy?chapterId=1125596983&courseId=261046587&clazzid=140664612&enc=5e1bfca7beedce00914d8946ee49a06f
2026-07-08 16:36:49 INFO 章节: 5.1 低压电器的基础知识 4 -> https://mooc1-1.chaoxing.com/mooc-ans/mycourse/studentstudy?chapterId=1125596597&courseId=261046587&clazzid=140664612&enc=5e1bfca7beedce00914d8946ee49a06f
2026-07-08 16:36:49 INFO 章节: 5.2 低压开关 3 -> https://mooc1-1.chaoxing.com/mooc-ans/mycourse/studentstudy?chapterId=1125596627&courseId=261046587&clazzid=140664612&enc=5e1bfca7beedce00914d8946ee49a06f
2026-07-08 16:36:49 INFO 章节: 5.2.1 刀开关 -> https://mooc1-1.chaoxing.com/mooc-ans/mycourse/studentstudy?chapterId=1125597122&courseId=261046587&clazzid=140664612&enc=5e1bfca7beedce00914d8946ee49a06f
2026-07-08 16:36:49 INFO 章节: 5.2.2 低压断路器 -> https://mooc1-1.chaoxing.com/mooc-ans/mycourse/studentstudy?chapterId=1125597123&courseId=261046587&clazzid=140664612&enc=5e1bfca7beedce00914d8946ee49a06f
2026-07-08 16:36:49 INFO 章节: 5.2.3 组合开关 -> https://mooc1-1.chaoxing.com/mooc-ans/mycourse/studentstudy?chapterId=1125597126&courseId=261046587&clazzid=140664612&enc=5e1bfca7beedce00914d8946ee49a06f
2026-07-08 16:36:49 INFO 章节: 5.3 电磁式接触器 6 -> https://mooc1-1.chaoxing.com/mooc-ans/mycourse/studentstudy?chapterId=1125596655&courseId=261046587&clazzid=140664612&enc=5e1bfca7beedce00914d8946ee49a06f
2026-07-08 16:36:49 INFO 章节: 5.4 电磁式继电器 3 -> https://mooc1-1.chaoxing.com/mooc-ans/mycourse/studentstudy?chapterId=1125596678&courseId=261046587&clazzid=140664612&enc=5e1bfca7beedce00914d8946ee49a06f
2026-07-08 16:36:49 INFO 章节: 1 5.4.1 电流继电器 -> https://mooc1-1.chaoxing.com/mooc-ans/mycourse/studentstudy?chapterId=1125597111&courseId=261046587&clazzid=140664612&enc=5e1bfca7beedce00914d8946ee49a06f
2026-07-08 16:36:49 INFO 章节: 5.4.2 电压继电器 -> https://mooc1-1.chaoxing.com/mooc-ans/mycourse/studentstudy?chapterId=1125597112&courseId=261046587&clazzid=140664612&enc=5e1bfca7beedce00914d8946ee49a06f
2026-07-08 16:36:49 INFO 章节: 5.4.3 中间继电器 -> https://mooc1-1.chaoxing.com/mooc-ans/mycourse/studentstudy?chapterId=1125597113&courseId=261046587&clazzid=140664612&enc=5e1bfca7beedce00914d8946ee49a06f
2026-07-08 16:36:49 INFO 章节: 3 5.4.4 热继电器 -> https://mooc1-1.chaoxing.com/mooc-ans/mycourse/studentstudy?chapterId=1125597114&courseId=261046587&clazzid=140664612&enc=5e1bfca7beedce00914d8946ee49a06f
2026-07-08 16:36:49 INFO 章节: 3 5.4.5 时间继电器 -> https://mooc1-1.chaoxing.com/mooc-ans/mycourse/studentstudy?chapterId=1125597115&courseId=261046587&clazzid=140664612&enc=5e1bfca7beedce00914d8946ee49a06f
2026-07-08 16:36:49 INFO 章节: 5.4.6 速度继电器 -> https://mooc1-1.chaoxing.com/mooc-ans/mycourse/studentstudy?chapterId=1125597116&courseId=261046587&clazzid=140664612&enc=5e1bfca7beedce00914d8946ee49a06f
2026-07-08 16:36:49 INFO 章节: 5.5 熔断器 3 -> https://mooc1-1.chaoxing.com/mooc-ans/mycourse/studentstudy?chapterId=1125596705&courseId=261046587&clazzid=140664612&enc=5e1bfca7beedce00914d8946ee49a06f
2026-07-08 16:36:49 INFO 章节: 5.6 主令电器 4 -> https://mooc1-1.chaoxing.com/mooc-ans/mycourse/studentstudy?chapterId=1125596739&courseId=261046587&clazzid=140664612&enc=5e1bfca7beedce00914d8946ee49a06f
2026-07-08 16:36:49 INFO 章节: 5.6.1 按钮 -> https://mooc1-1.chaoxing.com/mooc-ans/mycourse/studentstudy?chapterId=1125597117&courseId=261046587&clazzid=140664612&enc=5e1bfca7beedce00914d8946ee49a06f
2026-07-08 16:36:49 INFO 章节: 5.6.2 行程开关 -> https://mooc1-1.chaoxing.com/mooc-ans/mycourse/studentstudy?chapterId=1125597118&courseId=261046587&clazzid=140664612&enc=5e1bfca7beedce00914d8946ee49a06f
2026-07-08 16:36:49 INFO 章节: 5.6.3 接近开关 -> https://mooc1-1.chaoxing.com/mooc-ans/mycourse/studentstudy?chapterId=1125597119&courseId=261046587&clazzid=140664612&enc=5e1bfca7beedce00914d8946ee49a06f
2026-07-08 16:36:49 INFO 章节: 5.6.4 万能转换开关 -> https://mooc1-1.chaoxing.com/mooc-ans/mycourse/studentstudy?chapterId=1125597120&courseId=261046587&clazzid=140664612&enc=5e1bfca7beedce00914d8946ee49a06f
2026-07-08 16:36:49 INFO 章节: 5.6.5 主令控制器 -> https://mooc1-1.chaoxing.com/mooc-ans/mycourse/studentstudy?chapterId=1125597121&courseId=261046587&clazzid=140664612&enc=5e1bfca7beedce00914d8946ee49a06f
2026-07-08 16:36:49 INFO 章节: 5.7 其他新型电器 4 -> https://mooc1-1.chaoxing.com/mooc-ans/mycourse/studentstudy?chapterId=1125596825&courseId=261046587&clazzid=140664612&enc=5e1bfca7beedce00914d8946ee49a06f
2026-07-08 16:36:49 INFO 章节: 5.8 实训：常用低压电器元件的检测 4 -> https://mooc1-1.chaoxing.com/mooc-ans/mycourse/studentstudy?chapterId=1125596868&courseId=261046587&clazzid=140664612&enc=5e1bfca7beedce00914d8946ee49a06f
2026-07-08 16:36:49 INFO 章节: 6.1 电气控制原理图、接线图和布置图的识读 2 -> https://mooc1-1.chaoxing.com/mooc-ans/mycourse/studentstudy?chapterId=1125596489&courseId=261046587&clazzid=140664612&enc=5e1bfca7beedce00914d8946ee49a06f
2026-07-08 16:36:49 INFO 章节: 6.1.1 电气原理图 -> https://mooc1-1.chaoxing.com/mooc-ans/mycourse/studentstudy?chapterId=1125597127&courseId=261046587&clazzid=140664612&enc=5e1bfca7beedce00914d8946ee49a06f
2026-07-08 16:36:49 INFO 章节: 6.1.2 电器布置图 -> https://mooc1-1.chaoxing.com/mooc-ans/mycourse/studentstudy?chapterId=1125597128&courseId=261046587&clazzid=140664612&enc=5e1bfca7beedce00914d8946ee49a06f
2026-07-08 16:36:49 INFO 章节: 6.1.3 电气接线图 -> https://mooc1-1.chaoxing.com/mooc-ans/mycourse/studentstudy?chapterId=1125597129&courseId=261046587&clazzid=140664612&enc=5e1bfca7beedce00914d8946ee49a06f
2026-07-08 16:36:49 INFO 章节: 6.2 三相异步电动机起-保-停控制电路 5 -> https://mooc1-1.chaoxing.com/mooc-ans/mycourse/studentstudy?chapterId=1125596495&courseId=261046587&clazzid=140664612&enc=5e1bfca7beedce00914d8946ee49a06f
2026-07-08 16:36:49 INFO 章节: 3 6.2.1 电路检查、调试和故障诊断的方法 -> https://mooc1-1.chaoxing.com/mooc-ans/mycourse/studentstudy?chapterId=1125597015&courseId=261046587&clazzid=140664612&enc=5e1bfca7beedce00914d8946ee49a06f
2026-07-08 16:36:49 INFO 章节: 6.3 电动机正、反转控制线路 5 -> https://mooc1-1.chaoxing.com/mooc-ans/mycourse/studentstudy?chapterId=1125596501&courseId=261046587&clazzid=140664612&enc=5e1bfca7beedce00914d8946ee49a06f
2026-07-08 16:36:49 INFO 章节: 6.3.1 倒顺开关正反转控制线路 -> https://mooc1-1.chaoxing.com/mooc-ans/mycourse/studentstudy?chapterId=1125597012&courseId=261046587&clazzid=140664612&enc=5e1bfca7beedce00914d8946ee49a06f
2026-07-08 16:36:49 INFO 章节: 6.3.2 按钮联锁正反转控制线路 -> https://mooc1-1.chaoxing.com/mooc-ans/mycourse/studentstudy?chapterId=1125597022&courseId=261046587&clazzid=140664612&enc=5e1bfca7beedce00914d8946ee49a06f
2026-07-08 16:36:49 INFO 章节: 1 6.3.3 接触器联锁正反转控制线路 -> https://mooc1-1.chaoxing.com/mooc-ans/mycourse/studentstudy?chapterId=1125597026&courseId=261046587&clazzid=140664612&enc=5e1bfca7beedce00914d8946ee49a06f
2026-07-08 16:36:49 INFO 章节: 2 6.3.4 按钮和接触器双重联锁正反转控制线路 -> https://mooc1-1.chaoxing.com/mooc-ans/mycourse/studentstudy?chapterId=1125597035&courseId=261046587&clazzid=140664612&enc=5e1bfca7beedce00914d8946ee49a06f
2026-07-08 16:36:49 INFO 章节: 6.4 电动机的多地点、多条件启停控制 3 -> https://mooc1-1.chaoxing.com/mooc-ans/mycourse/studentstudy?chapterId=1125596505&courseId=261046587&clazzid=140664612&enc=5e1bfca7beedce00914d8946ee49a06f
2026-07-08 16:36:49 INFO 章节: 6.5 电动机的顺序控制 4 -> https://mooc1-1.chaoxing.com/mooc-ans/mycourse/studentstudy?chapterId=1125596511&courseId=261046587&clazzid=140664612&enc=5e1bfca7beedce00914d8946ee49a06f
2026-07-08 16:36:49 INFO 章节: 1 6.5.1 主电路顺序控制 -> https://mooc1-1.chaoxing.com/mooc-ans/mycourse/studentstudy?chapterId=1125597132&courseId=261046587&clazzid=140664612&enc=5e1bfca7beedce00914d8946ee49a06f
2026-07-08 16:36:49 INFO 章节: 6.5.2 主电路接插器顺序控制 -> https://mooc1-1.chaoxing.com/mooc-ans/mycourse/studentstudy?chapterId=1125597133&courseId=261046587&clazzid=140664612&enc=5e1bfca7beedce00914d8946ee49a06f
2026-07-08 16:36:49 INFO 章节: 1 6.5.3 电动机顺序起动同时停止 -> https://mooc1-1.chaoxing.com/mooc-ans/mycourse/studentstudy?chapterId=1125597134&courseId=261046587&clazzid=140664612&enc=5e1bfca7beedce00914d8946ee49a06f
2026-07-08 16:36:49 INFO 章节: 1 6.5.4 顺序起动M2单独停止 -> https://mooc1-1.chaoxing.com/mooc-ans/mycourse/studentstudy?chapterId=1125597136&courseId=261046587&clazzid=140664612&enc=5e1bfca7beedce00914d8946ee49a06f
2026-07-08 16:36:49 INFO 章节: 2 6.5.5 顺序启动逆序停止 -> https://mooc1-1.chaoxing.com/mooc-ans/mycourse/studentstudy?chapterId=1125597138&courseId=261046587&clazzid=140664612&enc=5e1bfca7beedce00914d8946ee49a06f
2026-07-08 16:36:49 INFO 章节: 6.6 电动机的位置、自动往返控制线路 5 -> https://mooc1-1.chaoxing.com/mooc-ans/mycourse/studentstudy?chapterId=1125596512&courseId=261046587&clazzid=140664612&enc=5e1bfca7beedce00914d8946ee49a06f
2026-07-08 16:36:49 INFO 章节: 6.6.1 位置控制 -> https://mooc1-1.chaoxing.com/mooc-ans/mycourse/studentstudy?chapterId=1125597130&courseId=261046587&clazzid=140664612&enc=5e1bfca7beedce00914d8946ee49a06f
2026-07-08 16:36:49 INFO 章节: 1 6.6.2 自动往返控制线路 -> https://mooc1-1.chaoxing.com/mooc-ans/mycourse/studentstudy?chapterId=1125597131&courseId=261046587&clazzid=140664612&enc=5e1bfca7beedce00914d8946ee49a06f
2026-07-08 16:36:49 INFO 章节: 6.7 三相异步电动机的降压起动控制 2 -> https://mooc1-1.chaoxing.com/mooc-ans/mycourse/studentstudy?chapterId=1125596519&courseId=261046587&clazzid=140664612&enc=5e1bfca7beedce00914d8946ee49a06f
2026-07-08 16:36:49 INFO 章节: 6.7.1 定子电路串电阻起动 -> https://mooc1-1.chaoxing.com/mooc-ans/mycourse/studentstudy?chapterId=1125597139&courseId=261046587&clazzid=140664612&enc=5e1bfca7beedce00914d8946ee49a06f
2026-07-08 16:36:49 INFO 章节: 1 6.7.2 Y-△减压起动控制 -> https://mooc1-1.chaoxing.com/mooc-ans/mycourse/studentstudy?chapterId=1125597140&courseId=261046587&clazzid=140664612&enc=5e1bfca7beedce00914d8946ee49a06f
2026-07-08 16:36:49 INFO 章节: 6.7.3 自耦变压器减压起动控制 -> https://mooc1-1.chaoxing.com/mooc-ans/mycourse/studentstudy?chapterId=1125597141&courseId=261046587&clazzid=140664612&enc=5e1bfca7beedce00914d8946ee49a06f
2026-07-08 16:36:49 INFO 章节: 6.7.4 延边三角形减压起动 -> https://mooc1-1.chaoxing.com/mooc-ans/mycourse/studentstudy?chapterId=1125597142&courseId=261046587&clazzid=140664612&enc=5e1bfca7beedce00914d8946ee49a06f
2026-07-08 16:36:49 INFO 章节: 6.8 三相异步电动机的制动控制线路 1 -> https://mooc1-1.chaoxing.com/mooc-ans/mycourse/studentstudy?chapterId=1125596532&courseId=261046587&clazzid=140664612&enc=5e1bfca7beedce00914d8946ee49a06f
2026-07-08 16:36:49 INFO 章节: 1 6.8.1 电源反接制动控制与实现——速度继电器、三相异步电动机的日常维护与故障处理 -> https://mooc1-1.chaoxing.com/mooc-ans/mycourse/studentstudy?chapterId=1125597054&courseId=261046587&clazzid=140664612&enc=5e1bfca7beedce00914d8946ee49a06f
2026-07-08 16:36:49 INFO 章节: 3 6.8.2 能耗制动控制与实现——制动方法、电控线路的故障诊断与维修 -> https://mooc1-1.chaoxing.com/mooc-ans/mycourse/studentstudy?chapterId=1125597107&courseId=261046587&clazzid=140664612&enc=5e1bfca7beedce00914d8946ee49a06f
2026-07-08 16:36:49 INFO 章节: 1 6.8.3 机械制动控制电路 -> https://mooc1-1.chaoxing.com/mooc-ans/mycourse/studentstudy?chapterId=1125597143&courseId=261046587&clazzid=140664612&enc=5e1bfca7beedce00914d8946ee49a06f
2026-07-08 16:36:49 INFO 章节: 6.9 绕线式异步电动机的基本控制线路 1 -> https://mooc1-1.chaoxing.com/mooc-ans/mycourse/studentstudy?chapterId=1125596542&courseId=261046587&clazzid=140664612&enc=5e1bfca7beedce00914d8946ee49a06f
2026-07-08 16:36:49 INFO 章节: 6.10 双速电动机的控制与实现——调速、三相异步电动机选配 1 -> https://mooc1-1.chaoxing.com/mooc-ans/mycourse/studentstudy?chapterId=1125596543&courseId=261046587&clazzid=140664612&enc=5e1bfca7beedce00914d8946ee49a06f
2026-07-08 16:36:49 INFO 章节: 第1章 变压器的应用与维护 -> 
2026-07-08 16:36:49 INFO 章节: 第2章 直流电机的应用 -> 
2026-07-08 16:36:49 INFO 章节: 第3章 交流电机的应用 -> 
2026-07-08 16:36:49 INFO 章节: 第4章 特种电机的应用 -> 
2026-07-08 16:36:49 INFO 章节: 第5章 常用低压电器的认识 -> 
2026-07-08 16:36:49 INFO 章节: 第6章 三相异步电动机的基本控制电路及安装 -> 
2026-07-08 16:36:49 INFO 章节: 1.1 认识变压器 -> https://mooc1-1.chaoxing.com/mooc-ans/mycourse/studentstudy?chapterId=1125596459&courseId=261046587&clazzid=140664612&enc=5e1bfca7beedce00914d8946ee49a06f
2026-07-08 16:36:49 INFO 章节: 1.2 单相变压器的运行 -> https://mooc1-1.chaoxing.com/mooc-ans/mycourse/studentstudy?chapterId=1125596534&courseId=261046587&clazzid=140664612&enc=5e1bfca7beedce00914d8946ee49a06f
2026-07-08 16:36:49 INFO 章节: 1.3 三相变压器 -> https://mooc1-1.chaoxing.com/mooc-ans/mycourse/studentstudy?chapterId=1125596546&courseId=261046587&clazzid=140664612&enc=5e1bfca7beedce00914d8946ee49a06f
2026-07-08 16:36:49 INFO 章节: 1.4 特种变压器 -> https://mooc1-1.chaoxing.com/mooc-ans/mycourse/studentstudy?chapterId=1125596576&courseId=261046587&clazzid=140664612&enc=5e1bfca7beedce00914d8946ee49a06f
2026-07-08 16:36:49 INFO 章节: 1.5 高空电力网应知的知识 -> https://mooc1-1.chaoxing.com/mooc-ans/mycourse/studentstudy?chapterId=1156843699&courseId=261046587&clazzid=140664612&enc=5e1bfca7beedce00914d8946ee49a06f
2026-07-08 16:36:49 INFO 章节: 1.6 惠斯通电桥的使用方法 -> https://mooc1-1.chaoxing.com/mooc-ans/mycourse/studentstudy?chapterId=1156981399&courseId=261046587&clazzid=140664612&enc=5e1bfca7beedce00914d8946ee49a06f
2026-07-08 16:36:49 INFO 章节: 2.1 认识直流电机 -> https://mooc1-1.chaoxing.com/mooc-ans/mycourse/studentstudy?chapterId=1125596401&courseId=261046587&clazzid=140664612&enc=5e1bfca7beedce00914d8946ee49a06f
2026-07-08 16:36:49 INFO 章节: 2.2 直流电动机的机械特性和调速 -> https://mooc1-1.chaoxing.com/mooc-ans/mycourse/studentstudy?chapterId=1125596402&courseId=261046587&clazzid=140664612&enc=5e1bfca7beedce00914d8946ee49a06f
2026-07-08 16:36:49 INFO 章节: 2.3 直流电机的拖动与实现 -> https://mooc1-1.chaoxing.com/mooc-ans/mycourse/studentstudy?chapterId=1125596403&courseId=261046587&clazzid=140664612&enc=5e1bfca7beedce00914d8946ee49a06f
2026-07-08 16:36:49 INFO 章节: 2.4 直流电机的使用、维护和检修 -> https://mooc1-1.chaoxing.com/mooc-ans/mycourse/studentstudy?chapterId=1125596880&courseId=261046587&clazzid=140664612&enc=5e1bfca7beedce00914d8946ee49a06f
2026-07-08 16:36:49 INFO 章节: 3.1 认识三相异步电动机 -> https://mooc1-1.chaoxing.com/mooc-ans/mycourse/studentstudy?chapterId=1125596405&courseId=261046587&clazzid=140664612&enc=5e1bfca7beedce00914d8946ee49a06f
2026-07-08 16:36:49 INFO 章节: 3.2 三相异步电动机的运行 -> https://mooc1-1.chaoxing.com/mooc-ans/mycourse/studentstudy?chapterId=1125596406&courseId=261046587&clazzid=140664612&enc=5e1bfca7beedce00914d8946ee49a06f
2026-07-08 16:36:49 INFO 章节: 3.3 三相异步电动机的检查 -> https://mooc1-1.chaoxing.com/mooc-ans/mycourse/studentstudy?chapterId=1125596442&courseId=261046587&clazzid=140664612&enc=5e1bfca7beedce00914d8946ee49a06f
2026-07-08 16:36:49 INFO 章节: 3.4 单相异步电机的应用 -> https://mooc1-1.chaoxing.com/mooc-ans/mycourse/studentstudy?chapterId=1125596475&courseId=261046587&clazzid=140664612&enc=5e1bfca7beedce00914d8946ee49a06f
2026-07-08 16:36:49 INFO 章节: 4.1 伺服电动机的应用 -> https://mooc1-1.chaoxing.com/mooc-ans/mycourse/studentstudy?chapterId=1125596921&courseId=261046587&clazzid=140664612&enc=5e1bfca7beedce00914d8946ee49a06f
2026-07-08 16:36:49 INFO 章节: 4.2 测速发电机的应用 -> https://mooc1-1.chaoxing.com/mooc-ans/mycourse/studentstudy?chapterId=1125596936&courseId=261046587&clazzid=140664612&enc=5e1bfca7beedce00914d8946ee49a06f
2026-07-08 16:36:49 INFO 章节: 4.3 步进电动机的应用 -> https://mooc1-1.chaoxing.com/mooc-ans/mycourse/studentstudy?chapterId=1125596983&courseId=261046587&clazzid=140664612&enc=5e1bfca7beedce00914d8946ee49a06f
2026-07-08 16:36:49 INFO 章节: 5.1 低压电器的基础知识 -> https://mooc1-1.chaoxing.com/mooc-ans/mycourse/studentstudy?chapterId=1125596597&courseId=261046587&clazzid=140664612&enc=5e1bfca7beedce00914d8946ee49a06f
2026-07-08 16:36:49 INFO 章节: 5.2 低压开关 -> https://mooc1-1.chaoxing.com/mooc-ans/mycourse/studentstudy?chapterId=1125596627&courseId=261046587&clazzid=140664612&enc=5e1bfca7beedce00914d8946ee49a06f
2026-07-08 16:36:49 INFO 章节: 5.3 电磁式接触器 -> https://mooc1-1.chaoxing.com/mooc-ans/mycourse/studentstudy?chapterId=1125596655&courseId=261046587&clazzid=140664612&enc=5e1bfca7beedce00914d8946ee49a06f
2026-07-08 16:36:49 INFO 章节: 5.4 电磁式继电器 -> https://mooc1-1.chaoxing.com/mooc-ans/mycourse/studentstudy?chapterId=1125596678&courseId=261046587&clazzid=140664612&enc=5e1bfca7beedce00914d8946ee49a06f
2026-07-08 16:36:49 INFO 章节: 5.5 熔断器 -> https://mooc1-1.chaoxing.com/mooc-ans/mycourse/studentstudy?chapterId=1125596705&courseId=261046587&clazzid=140664612&enc=5e1bfca7beedce00914d8946ee49a06f
2026-07-08 16:36:49 INFO 章节: 5.6 主令电器 -> https://mooc1-1.chaoxing.com/mooc-ans/mycourse/studentstudy?chapterId=1125596739&courseId=261046587&clazzid=140664612&enc=5e1bfca7beedce00914d8946ee49a06f
2026-07-08 16:36:49 INFO 章节: 5.7 其他新型电器 -> https://mooc1-1.chaoxing.com/mooc-ans/mycourse/studentstudy?chapterId=1125596825&courseId=261046587&clazzid=140664612&enc=5e1bfca7beedce00914d8946ee49a06f
2026-07-08 16:36:49 INFO 章节: 5.8 实训：常用低压电器元件的检测 -> https://mooc1-1.chaoxing.com/mooc-ans/mycourse/studentstudy?chapterId=1125596868&courseId=261046587&clazzid=140664612&enc=5e1bfca7beedce00914d8946ee49a06f
2026-07-08 16:36:49 INFO 章节: 6.1 电气控制原理图、接线图和布置图的识读 -> https://mooc1-1.chaoxing.com/mooc-ans/mycourse/studentstudy?chapterId=1125596489&courseId=261046587&clazzid=140664612&enc=5e1bfca7beedce00914d8946ee49a06f
2026-07-08 16:36:49 INFO 章节: 6.2 三相异步电动机起-保-停控制电路 -> https://mooc1-1.chaoxing.com/mooc-ans/mycourse/studentstudy?chapterId=1125596495&courseId=261046587&clazzid=140664612&enc=5e1bfca7beedce00914d8946ee49a06f
2026-07-08 16:36:49 INFO 章节: 6.3 电动机正、反转控制线路 -> https://mooc1-1.chaoxing.com/mooc-ans/mycourse/studentstudy?chapterId=1125596501&courseId=261046587&clazzid=140664612&enc=5e1bfca7beedce00914d8946ee49a06f
2026-07-08 16:36:49 INFO 章节: 6.4 电动机的多地点、多条件启停控制 -> https://mooc1-1.chaoxing.com/mooc-ans/mycourse/studentstudy?chapterId=1125596505&courseId=261046587&clazzid=140664612&enc=5e1bfca7beedce00914d8946ee49a06f
2026-07-08 16:36:49 INFO 章节: 6.5 电动机的顺序控制 -> https://mooc1-1.chaoxing.com/mooc-ans/mycourse/studentstudy?chapterId=1125596511&courseId=261046587&clazzid=140664612&enc=5e1bfca7beedce00914d8946ee49a06f
2026-07-08 16:36:49 INFO 章节: 6.6 电动机的位置、自动往返控制线路 -> https://mooc1-1.chaoxing.com/mooc-ans/mycourse/studentstudy?chapterId=1125596512&courseId=261046587&clazzid=140664612&enc=5e1bfca7beedce00914d8946ee49a06f
2026-07-08 16:36:49 INFO 章节: 6.7 三相异步电动机的降压起动控制 -> https://mooc1-1.chaoxing.com/mooc-ans/mycourse/studentstudy?chapterId=1125596519&courseId=261046587&clazzid=140664612&enc=5e1bfca7beedce00914d8946ee49a06f
2026-07-08 16:36:49 INFO 章节: 6.8 三相异步电动机的制动控制线路 -> https://mooc1-1.chaoxing.com/mooc-ans/mycourse/studentstudy?chapterId=1125596532&courseId=261046587&clazzid=140664612&enc=5e1bfca7beedce00914d8946ee49a06f
2026-07-08 16:36:49 INFO 章节: 6.9 绕线式异步电动机的基本控制线路 -> https://mooc1-1.chaoxing.com/mooc-ans/mycourse/studentstudy?chapterId=1125596542&courseId=261046587&clazzid=140664612&enc=5e1bfca7beedce00914d8946ee49a06f
2026-07-08 16:36:49 INFO 章节: 6.10 双速电动机的控制与实现——调速、三相异步电动机选配 -> https://mooc1-1.chaoxing.com/mooc-ans/mycourse/studentstudy?chapterId=1125596543&courseId=261046587&clazzid=140664612&enc=5e1bfca7beedce00914d8946ee49a06f
2026-07-08 16:36:49 INFO 开始遍历章节，总数: 114
2026-07-08 16:36:49 INFO 开始学习章节 [1/114]: 1.1 认识变压器 3
2026-07-08 16:36:49 INFO 打开章节: 1.1 认识变压器 3
2026-07-08 16:36:51 INFO 章节页面加载完成: https://mooc1-1.chaoxing.com/mooc-ans/mycourse/studentstudy?chapterId=1125596459&courseId=261046587&clazzid=140664612&enc=5e1bfca7beedce00914d8946ee49a06f
2026-07-08 16:37:23 WARNING 章节未检测到视频，跳过: 1.1 认识变压器 3
2026-07-08 16:37:23 INFO 开始学习章节 [2/114]: 1.2 单相变压器的运行 6
2026-07-08 16:37:23 INFO 打开章节: 1.2 单相变压器的运行 6
2026-07-08 16:37:24 INFO 章节页面加载完成: https://mooc1-1.chaoxing.com/mooc-ans/mycourse/studentstudy?chapterId=1125596534&courseId=261046587&clazzid=140664612&enc=5e1bfca7beedce00914d8946ee49a06f
2026-07-08 16:37:56 WARNING 章节未检测到视频，跳过: 1.2 单相变压器的运行 6
2026-07-08 16:37:56 INFO 开始学习章节 [3/114]: 1.3 三相变压器 3
2026-07-08 16:37:56 INFO 打开章节: 1.3 三相变压器 3
2026-07-08 16:37:57 INFO 章节页面加载完成: https://mooc1-1.chaoxing.com/mooc-ans/mycourse/studentstudy?chapterId=1125596546&courseId=261046587&clazzid=140664612&enc=5e1bfca7beedce00914d8946ee49a06f
2026-07-08 16:38:29 WARNING 章节未检测到视频，跳过: 1.3 三相变压器 3
2026-07-08 16:38:29 INFO 开始学习章节 [4/114]: 1.4 特种变压器 6
2026-07-08 16:38:29 INFO 打开章节: 1.4 特种变压器 6
2026-07-08 16:38:30 INFO 章节页面加载完成: https://mooc1-1.chaoxing.com/mooc-ans/mycourse/studentstudy?chapterId=1125596576&courseId=261046587&clazzid=140664612&enc=5e1bfca7beedce00914d8946ee49a06f
2026-07-08 16:38:37 INFO 视频开始播放
2026-07-08 16:38:39 INFO 已保存异常截图: E:\github\wk_python\chaoxing_auto\screenshots\error_video_playwright_20260708_163839_375482.png
2026-07-08 16:38:39 ERROR 视频播放失败: Frame.evaluate: Frame was detached
Traceback (most recent call last):
  File "E:\github\wk_python\chaoxing_auto\video\video_player.py", line 60, in play
    state = self._get_video_state(frame)
  File "E:\github\wk_python\chaoxing_auto\video\video_player.py", line 193, in _get_video_state
    state = frame.evaluate(
        """
    ...<15 lines>...
        """
    )
  File "E:\github\wk_python\chaoxing_auto\.venv\Lib\site-packages\playwright\sync_api\_generated.py", line 3822, in evaluate
    self._sync(
    ~~~~~~~~~~^
        self._impl_obj.evaluate(expression=expression, arg=mapping.to_impl(arg))
        ^^^^^^^^^^^^^^^^^^^^^^^^^^^^^^^^^^^^^^^^^^^^^^^^^^^^^^^^^^^^^^^^^^^^^^^^
    )
    ^
  File "E:\github\wk_python\chaoxing_auto\.venv\Lib\site-packages\playwright\_impl\_sync_base.py", line 115, in _sync
    return task.result()
           ~~~~~~~~~~~^^
  File "E:\github\wk_python\chaoxing_auto\.venv\Lib\site-packages\playwright\_impl\_frame.py", line 345, in evaluate
    await self._channel.send(
    ...<6 lines>...
    )
  File "E:\github\wk_python\chaoxing_auto\.venv\Lib\site-packages\playwright\_impl\_connection.py", line 69, in send
    return await self._connection.wrap_api_call(
           ^^^^^^^^^^^^^^^^^^^^^^^^^^^^^^^^^^^^^
    ...<3 lines>...
    )
    ^
  File "E:\github\wk_python\chaoxing_auto\.venv\Lib\site-packages\playwright\_impl\_connection.py", line 563, in wrap_api_call
    raise rewrite_error(error, f"{parsed_st['apiName']}: {error}") from None
playwright._impl._errors.Error: Frame.evaluate: Frame was detached
2026-07-08 16:38:40 INFO 已保存异常截图: E:\github\wk_python\chaoxing_auto\screenshots\error_chapter_4_20260708_163839_831767.png
2026-07-08 16:38:40 ERROR 章节处理失败，继续下一章节: 1.4 特种变压器 6，错误: Frame.evaluate: Frame was detached
Traceback (most recent call last):
  File "E:\github\wk_python\chaoxing_auto\main.py", line 343, in _learn_open_course
    played = video_player.play(on_progress=on_progress, should_stop=lambda: self._stop_requested)
  File "E:\github\wk_python\chaoxing_auto\video\video_player.py", line 60, in play
    state = self._get_video_state(frame)
  File "E:\github\wk_python\chaoxing_auto\video\video_player.py", line 193, in _get_video_state
    state = frame.evaluate(
        """
    ...<15 lines>...
        """
    )
  File "E:\github\wk_python\chaoxing_auto\.venv\Lib\site-packages\playwright\sync_api\_generated.py", line 3822, in evaluate
    self._sync(
    ~~~~~~~~~~^
        self._impl_obj.evaluate(expression=expression, arg=mapping.to_impl(arg))
        ^^^^^^^^^^^^^^^^^^^^^^^^^^^^^^^^^^^^^^^^^^^^^^^^^^^^^^^^^^^^^^^^^^^^^^^^
    )
    ^
  File "E:\github\wk_python\chaoxing_auto\.venv\Lib\site-packages\playwright\_impl\_sync_base.py", line 115, in _sync
    return task.result()
           ~~~~~~~~~~~^^
  File "E:\github\wk_python\chaoxing_auto\.venv\Lib\site-packages\playwright\_impl\_frame.py", line 345, in evaluate
    await self._channel.send(
    ...<6 lines>...
    )
  File "E:\github\wk_python\chaoxing_auto\.venv\Lib\site-packages\playwright\_impl\_connection.py", line 69, in send
    return await self._connection.wrap_api_call(
           ^^^^^^^^^^^^^^^^^^^^^^^^^^^^^^^^^^^^^
    ...<3 lines>...
    )
    ^
  File "E:\github\wk_python\chaoxing_auto\.venv\Lib\site-packages\playwright\_impl\_connection.py", line 563, in wrap_api_call
    raise rewrite_error(error, f"{parsed_st['apiName']}: {error}") from None
playwright._impl._errors.Error: Frame.evaluate: Frame was detached
2026-07-08 16:38:40 INFO 开始学习章节 [5/114]: 1.5 高空电力网应知的知识 3
2026-07-08 16:38:40 INFO 打开章节: 1.5 高空电力网应知的知识 3
2026-07-08 16:39:10 WARNING 等待 networkidle 超时，继续执行
2026-07-08 16:39:10 INFO 章节页面加载完成: https://mooc1-1.chaoxing.com/mooc-ans/mycourse/studentstudy?chapterId=1156843699&courseId=261046587&clazzid=140664612&enc=5e1bfca7beedce00914d8946ee49a06f
2026-07-08 16:39:10 INFO 视频开始播放
2026-07-08 16:39:28 INFO 视频播放进度: 4.37% 当前 18.05s / 总 413.57s paused=False ended=False
2026-07-08 16:39:51 INFO 视频播放进度: 9.72% 当前 40.19s / 总 413.57s paused=False ended=False
2026-07-08 16:40:09 INFO 已保存异常截图: E:\github\wk_python\chaoxing_auto\screenshots\error_video_playwright_20260708_164009_164795.png
2026-07-08 16:40:09 ERROR 视频播放失败: Frame.evaluate: Frame was detached
Traceback (most recent call last):
  File "E:\github\wk_python\chaoxing_auto\video\video_player.py", line 60, in play
    state = self._get_video_state(frame)
  File "E:\github\wk_python\chaoxing_auto\video\video_player.py", line 193, in _get_video_state
    state = frame.evaluate(
        """
    ...<15 lines>...
        """
    )
  File "E:\github\wk_python\chaoxing_auto\.venv\Lib\site-packages\playwright\sync_api\_generated.py", line 3822, in evaluate
    self._sync(
    ~~~~~~~~~~^
        self._impl_obj.evaluate(expression=expression, arg=mapping.to_impl(arg))
        ^^^^^^^^^^^^^^^^^^^^^^^^^^^^^^^^^^^^^^^^^^^^^^^^^^^^^^^^^^^^^^^^^^^^^^^^
    )
    ^
  File "E:\github\wk_python\chaoxing_auto\.venv\Lib\site-packages\playwright\_impl\_sync_base.py", line 115, in _sync
    return task.result()
           ~~~~~~~~~~~^^
  File "E:\github\wk_python\chaoxing_auto\.venv\Lib\site-packages\playwright\_impl\_frame.py", line 345, in evaluate
    await self._channel.send(
    ...<6 lines>...
    )
  File "E:\github\wk_python\chaoxing_auto\.venv\Lib\site-packages\playwright\_impl\_connection.py", line 69, in send
    return await self._connection.wrap_api_call(
           ^^^^^^^^^^^^^^^^^^^^^^^^^^^^^^^^^^^^^
    ...<3 lines>...
    )
    ^
  File "E:\github\wk_python\chaoxing_auto\.venv\Lib\site-packages\playwright\_impl\_connection.py", line 563, in wrap_api_call
    raise rewrite_error(error, f"{parsed_st['apiName']}: {error}") from None
playwright._impl._errors.Error: Frame.evaluate: Frame was detached
2026-07-08 16:40:09 INFO 已保存异常截图: E:\github\wk_python\chaoxing_auto\screenshots\error_chapter_5_20260708_164009_235825.png
2026-07-08 16:40:09 ERROR 章节处理失败，继续下一章节: 1.5 高空电力网应知的知识 3，错误: Frame.evaluate: Frame was detached
Traceback (most recent call last):
  File "E:\github\wk_python\chaoxing_auto\main.py", line 343, in _learn_open_course
    played = video_player.play(on_progress=on_progress, should_stop=lambda: self._stop_requested)
  File "E:\github\wk_python\chaoxing_auto\video\video_player.py", line 60, in play
    state = self._get_video_state(frame)
  File "E:\github\wk_python\chaoxing_auto\video\video_player.py", line 193, in _get_video_state
    state = frame.evaluate(
        """
    ...<15 lines>...
        """
    )
  File "E:\github\wk_python\chaoxing_auto\.venv\Lib\site-packages\playwright\sync_api\_generated.py", line 3822, in evaluate
    self._sync(
    ~~~~~~~~~~^
        self._impl_obj.evaluate(expression=expression, arg=mapping.to_impl(arg))
        ^^^^^^^^^^^^^^^^^^^^^^^^^^^^^^^^^^^^^^^^^^^^^^^^^^^^^^^^^^^^^^^^^^^^^^^^
    )
    ^
  File "E:\github\wk_python\chaoxing_auto\.venv\Lib\site-packages\playwright\_impl\_sync_base.py", line 115, in _sync
    return task.result()
           ~~~~~~~~~~~^^
  File "E:\github\wk_python\chaoxing_auto\.venv\Lib\site-packages\playwright\_impl\_frame.py", line 345, in evaluate
    await self._channel.send(
    ...<6 lines>...
    )
  File "E:\github\wk_python\chaoxing_auto\.venv\Lib\site-packages\playwright\_impl\_connection.py", line 69, in send
    return await self._connection.wrap_api_call(
           ^^^^^^^^^^^^^^^^^^^^^^^^^^^^^^^^^^^^^
    ...<3 lines>...
    )
    ^
  File "E:\github\wk_python\chaoxing_auto\.venv\Lib\site-packages\playwright\_impl\_connection.py", line 563, in wrap_api_call
    raise rewrite_error(error, f"{parsed_st['apiName']}: {error}") from None
playwright._impl._errors.Error: Frame.evaluate: Frame was detached
2026-07-08 16:40:09 INFO 开始学习章节 [6/114]: 1.6 惠斯通电桥的使用方法 1
2026-07-08 16:40:09 INFO 打开章节: 1.6 惠斯通电桥的使用方法 1
2026-07-08 16:40:11 INFO 章节页面加载完成: https://mooc1-1.chaoxing.com/mooc-ans/mycourse/studentstudy?chapterId=1156981399&courseId=261046587&clazzid=140664612&enc=5e1bfca7beedce00914d8946ee49a06f
2026-07-08 16:40:13 INFO 视频开始播放
2026-07-08 16:40:15 INFO 收到停止任务请求
2026-07-08 16:40:15 INFO 收到停止信号，停止等待视频完成
2026-07-08 16:40:15 INFO 自动学习流程结束
2026-07-08 16:40:15 INFO 关闭浏览器资源
